InChIKey,pubchem_cid,pert_iname,smiles
VMWNQDUVQKEIOC-CYBMUJFWSA-N,6005.0,(R)-(-)-apomorphine,CN1CCc2cccc-3c2[C@H]1Cc1ccc(O)c(O)c-31
HJORMJIFDVBMOB-LBPRGKRZSA-N,448055.0,(R)-(-)-rolipram,COc1ccc(cc1OC1CCCC1)[C@@H]1CNC(=O)C1
KPYSYYIEGFHWSV-QMMMGPOBSA-N,6918881.0,(R)-baclofen,NC[C@H](CC(O)=O)c1ccc(Cl)cc1
HJORMJIFDVBMOB-GFCCVEGCSA-N,158758.0,(S)-(+)-rolipram,COc1ccc(cc1OC1CCCC1)[C@H]1CNC(=O)C1
OUPXSLGGCPUZJJ-SARDKLJWSA-N,163829.0,"[sar9,met(o2)11]-substance-p",CC(C)C[C@H](NC(=O)CN(C)C(=O)[C@H](Cc1ccccc1)NC(=O)[C@H](Cc1ccccc1)NC(=O)[C@H](CCC(N)=O)NC(=O)[C@H](CCC(N)=O)NC(=O)[C@@H]1CCCN1C(=O)[C@H](CCCCN)NC(=O)[C@@H]1CCCN1C(=O)[C@@H](N)CCCNC(N)=N)C(=O)N[C@@H](CCS(C)(=O)=O)C(N)=O
LDLCEGCJYSDJLX-UPHRSURJSA-N,5846454.0,"1-((Z)-3-chloroallyl)-1,3,5,7-tetraazaadamantan-1-ium",Cl\C=C/C[N+]12CN3CN(CN(C3)C1)C2
JQWJJJYHVHNXJH-LJQANCHMSA-N,44574903.0,"1-(1,2-diphenylethyl)piperidine-(+/-)",C([C@@H](N1CCCCC1)c1ccccc1)c1ccccc1
NJEIOWSBPCZKTL-LLVKDONJSA-N,39359445.0,1-(2-chloro-5-methylphenoxy)-3-(isopropylamino)-2-propanol,CC(C)NC[C@@H](O)COc1cc(C)ccc1Cl
YSDBJKNOEWSFGA-UHFFFAOYSA-N,550758.0,1-acetyl-4-methylpiperazine,CN1CCN(CC1)C(C)=O
NTSBZVCEIVPKBJ-UHFFFAOYSA-N,6538897.0,1-azakenpaullone,Brc1ccc2[nH]c-3c(CC(=O)Nc4cccnc-34)c2c1
LXBIFEVIBLOUGU-KVTDHHQDSA-N,72258.0,1-deoxymannojirimycin,OC[C@H]1NC[C@@H](O)[C@@H](O)[C@@H]1O
CXUCKELNYMZTRT-UHFFFAOYSA-N,82320.0,1-EBIO,CCn1c2ccccc2[nH]c1=O
ZFPGARUNNKGOBB-UHFFFAOYSA-N,17595.0,1-ethyl-2-pyrrolidone,CCN1CCCC1=O
NIOYUNMRJMEDGI-UHFFFAOYSA-N,984.0,1-hexadecanal,CCCCCCCCCCCCCCCC=O
BXWNKGSJHAJOGX-UHFFFAOYSA-N,2682.0,1-hexadecanol,CCCCCCCCCCCCCCCCO
XSHQBIXMLULFEV-UHFFFAOYSA-N,4877.0,1-naphthyl-PP1,CC(C)(C)n1nc(-c2cccc3ccccc23)c2c(N)ncnc12
CNNRPFQICPFDPO-UHFFFAOYSA-N,68406.0,1-octacosanol,CCCCCCCCCCCCCCCCCCCCCCCCCCCCO
KBPLFHHGFOOTCA-UHFFFAOYSA-N,957.0,1-octanol,CCCCCCCCO
CUQCMXFWIMOWRP-UHFFFAOYSA-N,4780.0,1-phenylbiguanide,NC(N)=NC(=N)Nc1ccccc1
PGMIWVSHZMWSSI-UHFFFAOYSA-N,4283.0,"1,12-Besm",CCNCCCNCCCCNCCCNCC
QFQZKISCBJKVHI-UHFFFAOYSA-N,74603.0,"1,2,3,4,5,6-hexabromocyclohexane",BrC1C(Br)C(Br)C(Br)C(Br)C1Br
CLIGSMOZKDCDRZ-UHFFFAOYSA-N,128784.0,"1,3-dipropyl-8-phenylxanthine",CCCn1c2nc([nH]c2c(=O)n(CCC)c1=O)-c1ccccc1
WERYXYBDKMZEQL-UHFFFAOYSA-N,8064.0,"1,4-butanediol",OCCCCO
YDDUMTOHNYZQPO-PSEXTPKNSA-N,6474640.0,"1,5-dicaffeoylquinic-acid",O[C@@H]1C[C@@](C[C@@H](OC(=O)\C=C\c2ccc(O)c(O)c2)[C@@H]1O)(OC(=O)\C=C\c1ccc(O)c(O)c1)C(O)=O
YWLXLRUDGLRYDR-ZHPRIASZSA-N,154272.0,10-deacetylbaccatin,CC(=O)O[C@@]12CO[C@@H]1C[C@H](O)[C@]1(C)[C@@H]2[C@H](OC(=O)c2ccccc2)[C@]2(O)C[C@H](O)C(C)=C([C@@H](O)C1=O)C2(C)C
GYBXAGDWMCJZJK-UHFFFAOYSA-N,10521421.0,10-DEBC,CCN(CC)CCCCN1c2ccccc2Oc2ccc(Cl)cc12
HAWSQZCWOQZXHI-FQEVSTJZSA-N,97226.0,10-hydroxycamptothecin,CC[C@@]1(O)C(=O)OCc2c1cc1-c3nc4ccc(O)cc4cc3Cn1c2=O
SVXDHPADAXBMFB-JXMROGBWSA-N,1271002.0,10058-F4,CCc1ccc(\C=C2\SC(=S)NC2=O)cc1
PHEDXBVPIONUQT-RGYGYFBISA-N,27924.0,12-O-tetradecanoylphorbol-13-acetate,CCCCCCCCCCCCCC(=O)O[C@@H]1[C@@H](C)[C@]2(O)[C@@H]3C=C(C)C(=O)[C@@]3(O)CC(CO)=C[C@H]2[C@@H]2C(C)(C)[C@]12OC(C)=O
RODUKNYOEVZQPR-UHFFFAOYSA-N,1433.0,1400W,CC(=N)NCc1cccc(CN)c1
QAOBBBBDJSWHMU-WMBBNPMCSA-N,5283066.0,"16,16-dimethylprostaglandin-e2",CCCCC(C)(C)[C@H](O)\C=C\[C@H]1[C@H](O)CC(=O)[C@@H]1C\C=C/CCCC(O)=O
DOMWKUIIPQCAJU-LJHIYBGHSA-N,169870.0,17-hydroxyprogesterone-caproate,CCCCCC(=O)O[C@@]1(CC[C@H]2[C@@H]3CCC4=CC(=O)CC[C@]4(C)[C@H]3CC[C@]12C)C(C)=O
SINAMTXBCYKFDL-WBJZGETLSA-N,25068278.0,17-PA,C[C@]12CC[C@H]3[C@@H](CC[C@H]4C[C@H](O)CC[C@]34C)[C@@H]1CC=C2c1ccccc1
GELVZYOEQVJIRR-UHFFFAOYSA-N,73277.0,2-chloropyrazine,Clc1cnccn1
NFONIVRMILHYLH-GOSISDBHSA-N,,1E-1-(2-hydroxy-5-methylphenyl)-1-dodecanone-oxime,CCCCCCCCCCC[C@@H](N=O)c1cc(C)ccc1O
DLNKOYKMWOXYQA-VXNVDRBHSA-N,26934.0,"1S,2R-phenylpropanolamine",C[C@@H](N)[C@@H](O)c1ccccc1
XKZLSYWCDJZTMW-UHFFFAOYSA-N,2847479.0,2-(1-adamantylamino)benzoic-acid,OC(=O)c1ccccc1NC(=O)C12CC3CC(CC(C3)C1)C2
FNLNSQHJKVQCBP-ZCFIWIBFSA-N,11735892.0,2-(3-mercaptopropyl)pentanedioic-acid,OC(=O)CC[C@@H](CCCS)C(O)=O
UTWSZXBGTLNPOV-UHFFFAOYSA-N,,"2-(chloromethyl)-5,6,7,8-tetrahydro[1]benzothieno[2,3-d]pyrimidin-4(3H)-one",ClC=C1Nc2sc3CCCCc3c2C(=O)N1
BYHKGNWKJMGHGE-UHFFFAOYSA-N,127902.0,2-[1-(4-piperonyl)piperazinyl]benzothiazole,C(N1CCN(CC1)c1nc2ccccc2s1)c1ccc2OCOc2c1
YAZSBRQTAHVVGE-UHFFFAOYSA-N,72894.0,2-aminobenzenesulfonamide,Nc1ccccc1S(N)(=O)=O
BLZVCIGGICSWIG-UHFFFAOYSA-N,1598.0,2-APB,NCCOB(c1ccccc1)c1ccccc1
YTJOHEUHUVBKSB-UHFFFAOYSA-N,3080926.0,2-BFI,C1CN=C(N1)c1cc2ccccc2o1
XSMYYYQVWPZWIZ-IDTAVKCVSA-N,123807.0,2-chloro-N6-cyclopentyladenosine,OC[C@H]1O[C@H]([C@H](O)[C@@H]1O)n1cnc2c(NC3CCCC3)nc(Cl)nc12
BIXYYZIIJIXVFW-UUOKFMHZSA-N,8974.0,2-chloroadenosine,Nc1nc(Cl)nc2n(cnc12)[C@@H]1O[C@H](CO)[C@@H](O)[C@H]1O
OTKUTGIVEREJLL-UHFFFAOYSA-N,32224.0,2-CMDO,CN1CCN(CC1)C1=Cc2ccccc2Oc2ccc(Cl)cc12
VUVHIMLGTHRGQZ-YTLHQDLWSA-N,,2-deoxy-2-([methyl(nitroso)carbamoyl]amino)hexose,CN([NH2+][O-])C(=O)N[C@@H](C=O)[C@@H](O)[C@@H](O)[C@@H](O)CO
PMMURAAUARKVCB-ZXXMMSQZSA-N,9062.0,2-deoxyglucose,OC[C@H]1O[C@H](O)C[C@@H](O)[C@@H]1O
XDZMPRGFOOFSBL-UHFFFAOYSA-N,67252.0,2-ethoxybenzoic-acid,CCOc1ccccc1C(O)=O
RWLALWYNXFYRGW-JGVFFNPUSA-N,7057924.0,"2-ethyl-1,3-hexanediol",CCC[C@@H](O)[C@@H](CC)CO
ZCXUVYAZINUVJD-AIECOIEWSA-N,445913.0,2-fluoro-2-deoxy-D-galactose,OC[C@H]1O[C@@H](O)[C@@H](F)[C@@H](O)[C@@H]1O
IRKXGKIPOMIQOD-QYESYBIKSA-N,446098.0,2-fluorofucose,C[C@@H]1O[C@H](O)[C@@H](F)[C@H](O)[C@@H]1O
BWKBPVRNWJFLSC-FROSJQSHSA-N,,"2-hydroxy-4-((E)-3-(4-hydroxyphenyl)acryloyl)-2-((2R,3R,4S,5S,6R)-3,4,5-trihydroxy-6-(hydroxymethyl)tetrahydro-2H-pyran-2-yl)-6-((2S,3R,4R,5S,6R)-3,4,5-trihydroxy-6-(hydroxymethyl)tetrahydro-2H-pyran-2-yl)cyclohexane-1,3,5-trione",OC[C@H]1O[C@H]([C@H](O)[C@@H](O)[C@@H]1O)[C@H]1C(=O)C(=C(O)\C=C\c2ccc(O)cc2)C(=O)[C@@](O)([C@@H]2O[C@H](CO)[C@@H](O)[C@H](O)[C@H]2O)C1=O
LVYLCBNXHHHPSB-UHFFFAOYSA-N,6880.0,2-hydroxyethyl-salicylate,OCCOC(=O)c1ccccc1O
YPQLFJODEKMJEF-UHFFFAOYSA-N,91649.0,2-hydroxyflutamide,CC(C)(O)C(=O)Nc1ccc(c(c1)C(F)(F)F)[N+]([O-])=O
WBSMZVIMANOCNX-SECBINFHSA-N,7005135.0,2-hydroxysaclofen,NC[C@@](O)(CS(O)(=O)=O)c1ccc(Cl)cc1
WWVANQJRLPIHNS-ZKWXMUAHSA-N,135678104.0,2-iminobiotin,NC1=N[C@H]2CS[C@@H](CCCCC(O)=O)[C@H]2N1
CORFWQGVBFFZHF-UHFFFAOYSA-N,8614.0,2-iodohippuric-acid,OC(=O)CNC(=O)c1ccccc1I
FJDDSMSDZHURBJ-UHFFFAOYSA-N,115348.0,2-iodomelatonin,COc1ccc2[nH]c(I)c(CCNC(C)=O)c2c1
CQOQDQWUFQDJMK-SSTWWWIQSA-N,66414.0,2-methoxyestradiol,COc1cc2[C@H]3CC[C@]4(C)[C@@H](O)CC[C@H]4[C@@H]3CCc2cc1O
WYWNEDARFVJQSG-UHFFFAOYSA-N,1574.0,2-methyl-5-hydroxytryptamine,Cc1[nH]c2ccc(O)cc2c1CCN
UMFDLIXUUJMPSI-UHFFFAOYSA-N,93576.0,2-methyl-5-nitrophenol,Cc1ccc(cc1O)[N+]([O-])=O
LXBGSDVWAMZHDD-UHFFFAOYSA-N,12749.0,2-methylimidazole,Cc1ncc[nH]1
LEACJMVNYZDSKR-FQEVSTJZSA-N,73415990.0,2-octyldodecan-1-ol,CCCCCCCCCC[C@@H](CO)CCCCCCCC
UPWGQKDVAURUGE-KTKRTIGZSA-N,5319879.0,2-oleoylglycerol,CCCCCCCC\C=C/CCCCCCCC(=O)OC(CO)CO
KPGXRSRHYNQIFN-UHFFFAOYSA-N,51.0,2-oxoglutaric-acid,OC(=O)CCC(=O)C(O)=O
FEWFXBUNENSNBQ-UHFFFAOYSA-N,37873.0,2-oxopropanoate,OC(=C)C(O)=O
OFCLARYYBGKCHN-UHFFFAOYSA-N,4018512.0,2-phenylmelatonin,COc1ccc2[nH]c(c(CCNC(C)=O)c2c1)-c1ccccc1
ONSOQRPYFKDOEB-INIZCTEOSA-N,,2-PMDQ,O=C1Nc2ccccc2C2=N[C@@H](CN3CCN(CC3)c3ccccc3)CN12
XPQIPUZPSLAZDV-UHFFFAOYSA-N,75919.0,2-pyridylethylamine,NCCc1ccccn1
KCGLTUBCAGZLHP-XYOKQWHBSA-N,6069552.0,2-TEDC,Oc1ccc(\C=C(/C#N)C(=O)OCCc2cccs2)cc1O
ZEMGGZBWXRYJHK-UHFFFAOYSA-N,1269845.0,2-thiouracil,O=c1cc[nH]c(=S)[nH]1
AYEOSGBMQHXVER-DQUBFYRCSA-N,11768995.0,"2,3-cis/exo-camphanediol",CC1(C)[C@@H]2CC[C@@]1(C)[C@H](O)[C@@H]2O
MOILFCKRQFQVFS-VUMZSGCYSA-N,12518181.0,"2,3-cis/exo-pinanediol",CC1(C)C2CC1[C@](C)(O)[C@H](O)C2
QVEIRCZEBQRCTR-UHFFFAOYSA-N,2250975.0,"2,3-DCPE",OCCNCCCOc1cccc(Cl)c1Cl
VYZAHLCBVHPDDF-UHFFFAOYSA-N,6.0,"2,4-dinitrochlorobenzene",[O-][N+](=O)c1ccc(Cl)c(c1)[N+]([O-])=O
UFBJCMHMOXMLKC-UHFFFAOYSA-N,1493.0,"2,4-dinitrophenol",Oc1ccc(cc1[N+]([O-])=O)[N+]([O-])=O
DSLRVRBSNLHVBH-UHFFFAOYSA-N,74663.0,"2,5-furandimethanol",OCc1ccc(CO)o1
SDGKUVSVPIIUCF-KNVOCYPGSA-N,641768.0,"2,6-dimethylpiperidine",C[C@H]1CCC[C@@H](C)N1
NVKAMPJSWMHVDK-GITKWUPZSA-N,135433495.0,2'-C-methylguanosine,C[C@@]1(O)[C@H](O)[C@@H](CO)O[C@H]1n1cnc2c1[nH]c(N)nc2=O
MMPAUXMIDJWGFO-ROMFRFKVSA-N,10475082.0,2'-MeCCPA,C[C@@]1(O)[C@H](O)[C@@H](CO)O[C@H]1n1cnc2c(NC3CCCC3)nc(Cl)nc12
NNDIXBJHNLFJJP-DTLRTWKJSA-N,5283157.0,20-HETE,OCCCCC\C=C/C\C=C/C\C=C/C\C=C/CCCC(O)=O
NKDFYOWSKOHCCO-HMIIXLFTSA-N,25749233.0,20-hydroxyecdysone,CC(C)(O)CC[C@@H](O)[C@](C)(O)[C@@H]1CC[C@@]2(O)C3=CC(=O)[C@@H]4C[C@@H](O)[C@@H](O)C[C@]4(C)[C@@H]3CC[C@]12C
HEOCBCNFKCOKBX-LBONJMQPSA-N,38988322.0,3-(4-methylbenzylidene)camphor,Cc1ccc(\C=C2\[C@H]3CC[C@@](C)(C2=O)C3(C)C)cc1
MHNSOBBJZCWUGS-PMOLBWCYSA-N,,3-alpha-bis-(4-fluorophenyl)-methoxytropane,CN1[C@H]2CC[C@@H]1C[C@@H](C2)OC(c1ccc(F)cc1)c1ccc(F)cc1
QGXBDMJGAMFCBF-BNSUEQOYSA-N,5880.0,3-alpha-hydroxy-5-beta-androstan-17-one,C[C@]12CC[C@H]3[C@@H](CC[C@@H]4C[C@H](O)CC[C@]34C)[C@@H]1CCC2=O
GSCPDZHWVNUUFI-UHFFFAOYSA-N,1645.0,3-amino-benzamide,NC(=O)c1cccc(N)c1
GZYBSURBYCLNSM-UHFFFAOYSA-N,410467.0,3-anilinopropan-1-ol,OCCCNc1ccccc1
IDOXKFDPDOIUMG-UHFFFAOYSA-N,3073499.0,3-AQC,C=CCN1CCN(CC1)c1nc2ccccc2nc1C#N
NFSTZPMYAZRZPC-UHFFFAOYSA-N,1649.0,3-bromo-7-nitroindazole,[O-][N+](=O)c1cccc2c(Br)[nH]nc12
NJQADTYRAYFBJN-BYULHYEWSA-N,3006542.0,3-bromocamphor,[H][C@]1(Br)[C@@H]2CC[C@@](C)(C1=O)C2(C)C
CHNJCELMWMIDSC-UHFFFAOYSA-N,129924149.0,3-bromopyruvate,OC(=O)C(O)=CBr
CHZBCZTXSTWCIG-SSDOTTSWSA-N,6604713.0,3-carboxy-4-hydroxyphenylglycine-(R),N[C@@H](C(O)=O)c1ccc(O)c(c1)C(O)=O
CHZBCZTXSTWCIG-ZETCQYMHSA-N,5311460.0,3-carboxy-4-hydroxyphenylglycine-(S),N[C@H](C(O)=O)c1ccc(O)c(c1)C(O)=O
OCAXFDULERPAJM-IVAOSVALSA-N,,3-CPMT,CN1[C@H]2CC[C@@H]1C[C@@H](C2)O[C@H](c1ccccc1)c1ccc(Cl)cc1
DBZQFUNLCALWDY-GPUHXXMPSA-N,12769724.0,3-deazaadenosine,Nc1nccc2n(cnc12)[C@@H]1O[C@H](CO)[C@@H](O)[C@@H]1O
OMKHWTRUYNAGFG-IEBDPFPHSA-N,73087.0,3-deazaneplanocin-A,Nc1nccc2n(cnc12)[C@@H]1C=C(CO)[C@@H](O)[C@H]1O
CBOKZNLSFMZJJA-PRQTWWFRSA-N,,3-deazauridine,OC[C@H]1O[C@@H]([C@@H](O)[C@@H]1O)n1ccc(O)cc1=O
MOHYRCCDARWQRM-LLVKDONJSA-N,101592120.0,3-hydroxy-3-phenylpentanamide,CC[C@@](O)(CC(N)=O)c1ccccc1
JTEDVYBZBROSJT-UHFFFAOYSA-N,8617.0,3-indolebutyric-acid,OC(=O)CCCc1c[nH]c2ccccc12
KOMWRBFEDDEWEP-RXMQYKEDSA-N,92327883.0,3-MATIDA,Cc1cc(sc1[C@@H](N)C(O)=O)C(O)=O
CZGLBWZXGIAIBU-SCSAIBSYSA-N,6604938.0,3-methyl-GABA,C[C@@H](CN)CC(O)=O
ZPBYVFQJHWLTFB-UHFFFAOYSA-N,135398661.0,3-methyladenine,Cn1cnc(=N)c2[nH]cnc12
AQASGOHUMGAWJJ-UHFFFAOYSA-N,4013695.0,3-MPPI,COc1ccccc1N1CCN(CCn2c(=O)[nH]c3c4ccccc4[nH]c3c2=O)CC1
XMOVWXSCYLINBJ-BEQMOXJMSA-N,6861557.0,"3,3'-dichlorobenzaldazine",Clc1cccc(\C=N\N=C\c2cccc(Cl)c2)c1
VFTRKSBEFQDZKX-UHFFFAOYSA-N,3071.0,"3,3'-diindolylmethane",C(c1c[nH]c2ccccc12)c1c[nH]c2ccccc12
IJVMOGKBEVRBPP-SSDOTTSWSA-N,6604849.0,"3,4-DCPG-(+/-)",N[C@@H](C(O)=O)c1ccc(C(O)=O)c(c1)C(O)=O
IJVMOGKBEVRBPP-SSDOTTSWSA-N,6604849.0,"3,4-DCPG-(R)",N[C@@H](C(O)=O)c1ccc(C(O)=O)c(c1)C(O)=O
IJVMOGKBEVRBPP-ZETCQYMHSA-N,16062593.0,"3,4-DCPG-(S)",N[C@H](C(O)=O)c1ccc(C(O)=O)c(c1)C(O)=O
KFLWBZPSJQPRDD-ONEGZZNKSA-N,672296.0,"3,4-methylenedioxy-beta-nitrostyrene",[O-][N+](=O)\C=C\c1ccc2OCOc2c1
HOOWCUZPEFNHDT-ZETCQYMHSA-N,71668376.0,"3,5-DHPG-(S)",N[C@H](C(O)=O)c1cc(O)cc(O)c1
DXZKTRNEOISOCA-UHFFFAOYSA-N,3248000.0,3'-fluorobenzylspiperone,Fc1ccc(cc1)C(=O)CCCN1CCC2(CC1)N(CN(Cc1cccc(F)c1)C2=O)c1ccccc1
UOWGYMNWMDNSTL-ONEGZZNKSA-N,5720233.0,3PO,O=C(\C=C\c1cccnc1)c1ccncc1
FTJXZACAQRDRNT-UHFFFAOYSA-N,5234410.0,4-(4-fluorobenzoyl)-1-(4-phenylbutyl)-piperidine,Fc1ccc(cc1)C(=O)C1CCN(CCCCc2ccccc2)CC1
QCTBMLYLENLHLA-UHFFFAOYSA-N,65526.0,4-(aminomethyl)benzoic-acid,NCc1ccc(cc1)C(O)=O
MSBLMBWXUVQCDY-UHFFFAOYSA-N,4392675.0,"4-acetyl-1,1-dimethylpiperazinium",CC(=O)N1CC[N+](C)(C)CC1
HSMNQINEKMPTIC-UHFFFAOYSA-N,2148.0,4-aminohippuric-acid,Nc1ccc(cc1)C(=O)NCC(O)=O
GXZSAQLJWLCLOX-SSDOTTSWSA-N,6604709.0,4-carboxy-3-hydroxyphenylglycine-(RS),N[C@@H](C(O)=O)c1ccc(C(O)=O)c(O)c1
GXZSAQLJWLCLOX-ZETCQYMHSA-N,5311455.0,4-carboxy-3-hydroxyphenylglycine-(S),N[C@H](C(O)=O)c1ccc(C(O)=O)c(O)c1
ZSJNJAJDBNFVCA-UHFFFAOYSA-N,2757788.0,4-chlorophenylguanidine,NC(=N)Nc1ccc(Cl)cc1
AZYDQCGCBQYFSE-GFCCVEGCSA-N,854190.0,4-CMTB,CC(C)[C@@H](C(=O)Nc1nccs1)c1ccc(Cl)cc1
HYJRTXSYDAFGJK-UHFFFAOYSA-N,1734.0,4-DAMP,C[N+]1(C)CCC(CC1)OC(=O)C(c1ccccc1)c1ccccc1
FYGDTMLNYKFZSV-QGAOIPDPSA-N,67743883.0,4-galactosyllactose,OC[C@H]1O[C@@H](O[C@@H]2[C@H](O)[C@@H](O)[C@H](O[C@H]3[C@H](O)[C@@H](O)[C@H](O)O[C@@H]3CO)O[C@@H]2CO)[C@H](O)[C@@H](O)[C@H]1O
QMNUDYFKZYBWQX-UHFFFAOYSA-N,135408753.0,4-HQN,O=c1nc[nH]c2ccccc12
SKVPTPMWXJSBTF-UHFFFAOYSA-N,98889.0,4-hydroxy-phenazone,Cc1c(O)c(=O)n(-c2ccccc2)n1C
HELCSESNNDZLFM-UHFFFAOYSA-N,132995.0,4-IBP,Ic1ccc(cc1)C(=O)NC1CCN(Cc2ccccc2)CC1
ZTCJXHNJVLUUMR-UHFFFAOYSA-N,817368.0,4-iodo-6-phenylpyrimidine,Ic1cc(ncn1)-c1ccccc1
PZNQZSRPDOEBMS-MRVPVSSYSA-N,7047041.0,4-iodo-L-phenylalanine,N[C@H](Cc1ccc(I)cc1)C(O)=O
WUADCCWRTIWANL-UHFFFAOYSA-N,5280373.0,4-methylgenistein,COc1ccc(cc1)-c1coc2cc(O)cc(O)c2c1=O
UGYXPZQILZRKJJ-UHFFFAOYSA-N,37463.0,4-methylhistamine,Cc1nc[nH]c1CCN
RTHHSXOVIJWFQP-UHFFFAOYSA-N,12934390.0,4-mu-8C,Cc1cc(=O)oc2c(C=O)c(O)ccc12
RCYLUNPFECYGDW-AEFFLSMTSA-N,24750357.0,4-P-PDOT,CCC(=O)N[C@H]1C[C@@H](c2ccccc2)c2ccccc2C1
FEPBITJSIHRMRT-UHFFFAOYSA-N,4765.0,4-phenolsulfonic-acid,Oc1ccc(cc1)S(O)(=O)=O
OSZMNJRKIPAVOS-HNNXBMFYSA-N,11820407.0,"4-phenyl-1,2,3,4-tetrahydroisoquinoline",C1NCc2ccccc2[C@@H]1c1ccccc1
HQGDPZPNAXRCSA-UHFFFAOYSA-N,3035672.0,4-PPBP,C(CCc1ccccc1)CN1CCC(CC1)c1ccccc1
ATZHGRNFEFVDDJ-UHFFFAOYSA-N,137601.0,4-propylbenzoic-acid,CCCc1ccc(cc1)C(O)=O
ZIEWSZYVEDTXGH-UHFFFAOYSA-N,10313094.0,4-pyrimidinecarbonitrile,N#Cc1ccncn1
QHPQWRBYOIRBIT-UHFFFAOYSA-N,7393.0,4-tert-butylphenol,CC(C)(C)c1ccc(O)cc1
LIZKZVQBLDHKCY-UHFFFAOYSA-N,417412.0,"4,4-pentamethylenepiperidine",C1CCC2(CC1)CCNCC2
YVGGHNCTFXOJCH-UHFFFAOYSA-N,3036.0,"4,4'-DDT",Clc1ccc(cc1)C(c1ccc(Cl)cc1)C(Cl)(Cl)Cl
OMZYUVOATZSGJY-UHFFFAOYSA-N,1694.0,"4,5,6,7-tetrabromobenzotriazole",Brc1c(Br)c(Br)c2n[nH]nc2c1Br
YNCXHXYZTLIZTO-RLFYNMQTSA-N,6979017.0,4BP-TQS,NS(=O)(=O)c1ccc2N[C@@H]([C@H]3CC=C[C@@H]3c2c1)c1ccc(Br)cc1
BBQRBOIMSKMFFO-LTGZKZEYSA-N,16195554.0,4E1RCat,OC(=O)c1ccc(cc1)N1C(=O)\C(=C\c2ccc(o2)-c2ccc(cc2)[N+]([O-])=O)C=C1c1ccccc1
KFRKRECSIYXARE-UHFFFAOYSA-N,2831024.0,4EGI-1,OC(=O)C(Cc1ccccc1[N+]([O-])=O)=NNc1nc(cs1)-c1ccc(Cl)c(Cl)c1
PRXXYMVLYKJITB-IZZDOVSWSA-N,15985904.0,4SC-202,Cn1cc(cn1)-c1ccc(cc1)S(=O)(=O)n1ccc(\C=C\C(=O)Nc2ccccc2N)c1
PXINDYJACXPZIN-UHFFFAOYSA-N,35793.0,"5-(4chlorophenyl)-4-ethyl-2,4-dihydro-3H-1,2,4-triazol-3-one",CCn1c(n[nH]c1=O)-c1ccc(Cl)cc1
TZYVRXZQAWPIAB-FCLHUMLKSA-N,135409474.0,"5-amino-3-D-ribofuranosylthiazolo[4,5-d]pyrimidin-2,7(3H,6H)-dione",Nc1nc(=O)c2sc(=O)n([C@@H]3O[C@H](CO)[C@@H](O)[C@H]3O)c2[nH]1
ZGXJTSGNIOSYLO-UHFFFAOYSA-N,7048523.0,5-aminolevulinic-acid,NCC(=O)CCC(O)=O
NKYMVQPXXTZHSF-UHFFFAOYSA-N,9841560.0,5-BDBD,Brc1cccc(c1)C1=NCC(=O)Nc2c1oc1ccccc21
WKZLNEWVIAGNAW-UHFFFAOYSA-N,1809.0,5-carboxamidotryptamine,NCCc1c[nH]c2ccc(cc12)C(N)=O
GGGJYJXAFSEWNM-UHFFFAOYSA-N,152449.0,5-fluoro-3-pyridyl-methanol,OCc1cncc(F)c1
KSPDSMOWMQFPBL-UHFFFAOYSA-N,69605.0,5-fluoropyrimidine,Fc1cncnc1
GHASVSINZRGABV-UHFFFAOYSA-N,3385.0,5-fluorouracil,Fc1c[nH]c(=O)[nH]c1=O
HPABFFGQPLJKBP-UHFFFAOYSA-N,101498.0,5-FP,Fc1cnc(=O)[nH]c1
NOEGNKMFWQHSLB-UHFFFAOYSA-N,237332.0,5-HMF,OCc1ccc(C=O)o1
LMHJFKYQYDSOQO-SECBINFHSA-N,13309539.0,5-hydroxydecanoic-acid,CCCCC[C@@H](O)CCCC(O)=O
KIIBBJKLKFTNQO-WHFBIAKZSA-N,40488256.0,5-hydroxyectoine,CC1=NC[C@H](O)[C@H](N1)C(O)=O
DUXZAXCGJSBGDW-HXUWFJFHSA-N,9819382.0,5-hydroxymethyl-tolterodine,CC(C)N(CC[C@H](c1ccccc1)c1cc(CO)ccc1O)C(C)C
LDCYZAJDBXYCGN-VIFPVBQESA-N,6971044.0,5-hydroxytryptophan,N[C@@H](Cc1c[nH]c2ccc(O)cc12)C(O)=O
RKVRGRXOYDTUEY-QMMMGPOBSA-N,6604876.0,5-iodo-A-85380,Ic1cncc(OC[C@@H]2CCN2)c1
KOWVJDFMEZKDDT-UHFFFAOYSA-N,4141.0,5-methylfurmethiodide,Cc1ccc(C[N+](C)(C)C)o1
VMAQYKGITHDWKL-UWTATZPHSA-N,1615267.0,5-methylhydantoin-(D),C[C@H]1NC(=O)NC1=O
VMAQYKGITHDWKL-REOHCLBHSA-N,6419931.0,5-methylhydantoin-(L),C[C@@H]1NC(=O)NC1=O
IXIGWKNBFPKCCD-UHFFFAOYSA-N,9838158.0,5-octanoylsalicylic-acid,CCCCCCCC(=O)c1ccc(O)c(c1)C(O)=O
BGKFPRIGXAVYNX-UHFFFAOYSA-N,1779.0,"5,7-dichlorokynurenic-acid",OC(=O)c1cc(=O)c2c(Cl)cc(Cl)cc2[nH]1
PVJGDYDNVNCGBT-CYDCOVMPSA-N,,5'-chloro-5'-deoxy-ENBA-(+/-),O[C@@H]1[C@@H](CCl)O[C@H]([C@@H]1O)n1cnc2c(N[C@H]3C[C@@H]4CC[C@H]3C4)ncnc12
KIVUHCNVDWYUNP-UHFFFAOYSA-N,17534.0,6-aminochrysene,Nc1cc2c3ccccc3ccc2c2ccccc12
NGHVIOIJCVXTGV-ALEPSDHESA-N,7057887.0,6-aminopenicillanic-acid,CC1(C)S[C@@H]2[C@H](N)C(=O)N2[C@H]1C(O)=O
NWBJYWHLCVSVIJ-UHFFFAOYSA-N,62389.0,6-benzylaminopurine,C(Nc1ncnc2nc[nH]c12)c1ccccc1
LUINDDOUWHRIPW-UHFFFAOYSA-N,1858.0,6-chloromelatonin,COc1cc2c(CCNC(C)=O)c[nH]c2cc1Cl
UUTYCZUIECRVAL-YFKPBYRVSA-O,73707377.0,6-diazo-5-oxo-L-norleucine,N[C@@H](CCC(=O)C[N+]#N)C(O)=O
AAORACFZMYMFCG-UHFFFAOYSA-N,5149140.0,6-iodo-nordihydrocapsaicin,CCCCCCCCC(=O)NCc1cc(OC)c(O)cc1I
URXWVWVPMJSAJD-KOORYGTMSA-N,200136.0,"6,7-dehydro-17-acetoxy-progesterone",CC(=O)O[C@@]1(CC[C@H]2[C@@H]3C=CC4=CC(=O)CC[C@]4(C)[C@H]3CC[C@]12C)C(C)=O
PQCAUHUKTBHUSA-UHFFFAOYSA-N,1893.0,7-nitroindazole,[O-][N+](=O)c1cccc2c[nH]nc12
HSHGZXNAXBPPDL-HZGVNTEJSA-N,7058093.0,7-aminocephalosporanic-acid,CC(=O)OCC1=C(N2[C@H](SC1)[C@H](N)C2=O)C(O)=O
UAWVRVFHMOSAPU-UHFFFAOYSA-N,1884.0,7-chlorokynurenic-acid,OC(=O)c1cc(=O)c2ccc(Cl)cc2[nH]1
BLYMJBIZMIGWFK-HNNXBMFYSA-N,23928184.0,7-hydroxy-DPAT,CCCN(CCC)[C@H]1CCc2ccc(O)cc2C1
RTMIJLQPWFKAFE-GZTQLTBSSA-N,10317104.0,7-hydroxy-PIPAT,CCCN(C\C=C\I)[C@H]1CCc2ccc(O)cc2C1
PBCZSGKMGDDXIJ-KRUBCLEUSA-N,3078519.0,7-hydroxystaurosporine,CN[C@@H]1C[C@H]2O[C@@](C)([C@@H]1OC)n1c3ccccc3c3c4[C@H](O)NC(=O)c4c4c5ccccc5n2c4c13
VVSMJVQHDZUPIL-XFKPDKBWSA-N,9798229.0,7-keto-DHEA,CC(=O)O[C@H]1CC[C@]2(C)[C@H]3CC[C@@]4(C)[C@@H](CCC4=O)[C@@H]3C(=O)C=C2C1
APQPVVOYBLOJDY-UHFFFAOYSA-N,119053.0,7-methoxytacrine,COc1ccc2nc3CCCCc3c(N)c2c1
PFWLFWPASULGAN-UHFFFAOYSA-N,68374.0,7-methylxanthine,Cn1cnc2[nH]c(=O)[nH]c(=O)c12
HBEJFHWHFIAMAI-UHFFFAOYSA-N,,"7,8,9,10-tetrahydroazepino[2,1-b]quinazolin-12(6H)-one",O=C1N2CCCCC=C2Nc2ccccc12
DVKQVRZMKBDMDH-UUOKFMHZSA-N,32014.0,8-bromo-cAMP,Nc1ncnc2n([C@@H]3O[C@@H]4CO[P@](O)(=O)O[C@H]4[C@H]3O)c(Br)nc12
YUFCOOWNNHGGOD-UMMCILCDSA-N,135419186.0,8-bromo-cGMP,Nc1nc(=O)c2nc(Br)n([C@@H]3O[C@@H]4CO[P@](O)(=O)O[C@H]4[C@H]3O)c2[nH]1
ASXGJMSKWNBENU-AWEZNQCLSA-N,10125797.0,8-hydroxy-DPAT,CCCN(CCC)[C@H]1CCc2cccc(O)c2C1
QBXHUZJZYDSLRH-MDDUGHTDSA-N,15288637.0,8-hydroxy-PIPAT,CCCN(C\C=C\I)[C@H]1CCc2cccc(O)c2C1
RVIGBTUDFAGRTQ-NSHDSACASA-N,92211535.0,8-M-PDOT,CCC(=O)N[C@H]1CCc2cccc(OC)c2C1
QCLFSYYUWPUWQR-UHFFFAOYSA-N,9855518.0,80841-78-7,Cc1oc(=O)oc1CCl
XJGFWWJLMVZSIG-UHFFFAOYSA-N,7019.0,9-aminoacridine,Nc1c2ccccc2nc2ccccc12
FUXVKZWTXQUGMW-FQEVSTJZSA-N,72402.0,9-aminocamptothecin,CC[C@@]1(O)C(=O)OCc2c1cc1-c3nc4cccc(N)c4cc3Cn1c2=O
XGWFJBFNAQHLEF-UHFFFAOYSA-N,2201.0,9-anthracenecarboxylic-acid,OC(=O)c1c2ccccc2cc2ccccc12
VQPBIJGXSXEOCU-UHFFFAOYSA-N,49830684.0,A-1070722,COc1ccc2c(NC(=O)Nc3cccc(n3)C(F)(F)F)ccnc2c1
MEAQCLPMSVEOQF-UHFFFAOYSA-N,25138295.0,A-1120,OC(=O)c1ccccc1NC(=O)N1CCC(CC1)c1ccccc1C(F)(F)F
VQGBOYBIENNKMI-LJAQVGFWSA-N,9829395.0,A-317491,OC(=O)c1cc(C(O)=O)c(cc1C(O)=O)C(=O)N(Cc1cccc(Oc2ccccc2)c1)[C@H]1CCCc2ccccc12
MMXSDWJOQSEPSM-MRXNPFEDSA-N,6923850.0,A-33903,CC(=O)N[C@@H]1N=C(c2ccccc2)c2ccccc2NC1=O
BKCDJTRMYWSXMC-UHFFFAOYSA-N,76285486.0,A-366,COc1cc2c(cc1OCCCN1CCCC1)N=C(N)C21CCC1
SAQMCVDGOIRQTC-UHFFFAOYSA-N,11301655.0,A-381393,Cc1ccc(cc1C)N1CCN(Cc2nc3ccccc3[nH]2)CC1
JFCDMGGMCUKHST-UHFFFAOYSA-N,10425450.0,A-412997,Cc1cccc(NC(=O)CN2CCC(CC2)c2ccccn2)c1
MMPAULQSJLVKHP-UHFFFAOYSA-N,11673921.0,A-438079,Clc1cccc(-c2nnnn2Cc2cccnc2)c1Cl
VRVJKILQRBSEAG-LFPIHBKWSA-N,118958122.0,A-485,CNC(=O)Nc1ccc2c(CC[C@@]22OC(=O)N(CC(=O)N(Cc3ccc(F)cc3)[C@@H](C)C(F)(F)F)C2=O)c1
GTMRUYCIJSNXGB-GASCZTMLSA-N,44190553.0,A-582941,CN1C[C@H]2CN(C[C@H]2C1)c1ccc(nn1)-c1ccccc1
OQFCXJDXHCDLHX-NSHDSACASA-N,10804826.0,A-61603,CS(=O)(=O)Nc1c(O)ccc2[C@H](CCCc12)C1=NCCN1
BPNUQXPIQBZCMR-IBGZPJMESA-N,11314340.0,A-674563,Cc1[nH]nc2ccc(cc12)-c1cncc(OC[C@@H](N)Cc2ccccc2)c1
JLUUJHIQVIXTGT-UHFFFAOYSA-N,2735313.0,A-7,NCCCCCCCCCCNS(=O)(=O)c1cccc2c(Cl)cccc12
CTESJDQKVOEUOY-UHFFFAOYSA-N,54708532.0,A-769662,Oc1ccccc1-c1ccc(cc1)-c1csc2[nH]c(=O)c(C#N)c(O)c12
SDUAWRFBHRAFBM-UHFFFAOYSA-N,11420211.0,A-784168,FC(F)(F)c1cccnc1N1CCC(=CC1)C(=O)Nc1ccc(cc1)S(=O)(=O)C(F)(F)F
VHKBTPQDHDSBSP-UHFFFAOYSA-N,16038374.0,A-803467,COc1cc(NC(=O)c2ccc(o2)-c2ccc(Cl)cc2)cc(OC)c1
PQYCRDPLPKGSME-AWEZNQCLSA-N,53325874.0,A-804598,C[C@H](N\C(NC#N)=N/c1cccc2ncccc12)c1ccccc1
GMVNBKZQJFRFAR-UHFFFAOYSA-N,53325875.0,A-839977,Clc1cccc(c1Cl)-n1nnnc1NCc1ccccc1Oc1ccccn1
ABACVOXFUHDKNZ-UHFFFAOYSA-N,23642319.0,A-867744,CCC(=O)c1cc(-c2ccc(Cl)cc2)n(c1C)-c1ccc(cc1)S(N)(=O)=O
JPJGFWKHSMUKFO-UHFFFAOYSA-N,46919335.0,A-887826,CCCCOc1ccc(cc1Cl)-c1cncc(c1)C(=O)NCc1cccnc1N1CCOCC1
BOZRFEQDOFSZBV-DHIUTWEWSA-N,24768261.0,A-922500,OC(=O)[C@@H]1CCC[C@H]1C(=O)c1ccc(cc1)-c1ccc(NC(=O)Nc2ccccc2)cc1
DPYTYQFYDLYWHZ-UHFFFAOYSA-N,24905400.0,A-939572,CNC(=O)c1cccc(NC(=O)N2CCC(CC2)Oc2ccccc2Cl)c1
HKROEBDHHKMNBZ-CHBKHGQFSA-N,42641861.0,A-967079,CC\C(=N/O)\C(\C)=C\c1ccc(F)cc1
DJKJVWJQAVGLHJ-YPMHNXCESA-N,25109291.0,A-987306,Nc1nc(N2CCNCC2)c2CCC3=C([C@@H]4CCCC[C@@H]4O3)c2n1
LTVDFSLWFKLJDQ-IEOSBIPESA-N,2734086.0,A0001,CC(C)CCC[C@@H](C)CCC[C@@H](C)CCC[C@@](C)(O)CCC1=C(C)C(=O)C(C)=C(C)C1=O
KVHGJAKTBPFFNV-KUXCXQDQSA-N,,A12B4C3,CCCCCCCCCC[C@@H](O)[C@H]1C=C[C@H]2[C@@H](N1Nc1ccc(cc1)[N+]([O-])=O)C(=O)N(C2=O)c1ccccc1
QQGWEXFLMJGCAL-UHFFFAOYSA-N,9839311.0,A205804,Cc1ccc(Sc2cncc3sc(cc23)C(N)=O)cc1
OQFCXJDXHCDLHX-LLVKDONJSA-N,6604803.0,A61603,CS(=O)(=O)Nc1c(O)ccc2[C@@H](CCCc12)C1=NCCN1
HBPXWEPKNBHKAX-NSHDSACASA-N,42636535.0,A66,Cc1nc(NC(=O)N2CCC[C@H]2C(N)=O)sc1-c1csc(n1)C(C)(C)C
PUHSRMSFDASMAE-DEOSSOPVSA-N,98050091.0,A740003,COc1ccc(CC(=O)N[C@@H](N\C(Nc2cccc3ncccc23)=N\C#N)C(C)(C)C)cc1OC
QLJOSZATCBCBDR-KLONBWLYSA-N,,A77636,NC[C@@H]1O[C@@H](Cc2c(O)c(O)ccc12)[C@@]12CC3CC(CC(C3)C1)C2
BOZRFEQDOFSZBV-PKTZIBPZSA-N,24768273.0,A922500,OC(=O)[C@H]1CCC[C@H]1C(=O)c1ccc(cc1)-c1ccc(NC(=O)Nc2ccccc2)cc1
SCOOTUMXCXKEAD-UHFFFAOYSA-N,23188887.0,AA-29504,CCOC(=O)Nc1ccc(NCc2c(C)cc(C)cc2C)cc1N
HFZITXBUTWITPT-YWVKMMECSA-O,23653541.0,AAI101,[H][C@@]12CC(=O)N1[C@@H](C(O)=O)[C@](C)(Cn1cc[n+](C)n1)S2(=O)=O
BBLXLHYPDOMJMO-SNVBAGLBSA-N,90259477.0,AB-423,CC[C@@H](C)NS(=O)(=O)c1ccc(F)c(c1)C(=O)Nc1ccc(F)c(F)c1
MCGSCOLBFJQGHM-SCZZXKLOSA-N,441300.0,abacavir,Nc1nc(NC2CC2)c2ncn([C@@H]3C[C@H](CO)C=C3)c2n1
TYBHXIFFPVFXQW-UHFFFAOYSA-N,159326.0,abafungin,Cc1ccc(Oc2ccccc2-c2csc(NC3=NCCCN3)n2)c(C)c1
ZFUKERYTFURFGA-PVVXTEPVSA-N,6858005.0,abamectin,[H][C@@]12OC\C3=C/C=C/[C@H](C)[C@H](O[C@@]4([H])C[C@H](OC)[C@@H](O[C@@]5([H])C[C@H](OC)[C@@H](O)[C@H](C)O5)[C@H](C)O4)\C(C)=C\C[C@]4([H])C[C@@]([H])(C[C@@]5(O[C@H](C(C)C)[C@@H](C)C=C5)O4)OC(=O)[C@]([H])(C=C(C)[C@H]1O)[C@@]23O
PTRATZCAGVBFIQ-UHFFFAOYSA-N,15664.0,abametapir,Cc1ccc(nc1)-c1ccc(C)cn1
AIWRTTMUVOZGPW-HSPKUQOVSA-N,16131215.0,abarelix,CC(C)C[C@H](NC(=O)[C@@H](CC(N)=O)NC(=O)[C@H](Cc1ccc(O)cc1)N(C)C(=O)[C@H](CO)NC(=O)[C@@H](Cc1cccnc1)NC(=O)[C@@H](Cc1ccc(Cl)cc1)NC(=O)[C@@H](Cc1ccc2ccccc2c1)NC(C)=O)C(=O)N[C@@H](CCCCNC(C)C)C(=O)N1CCC[C@H]1C(=O)N[C@H](C)C(N)=O
LQPFCYWRBQRRGE-UHFFFAOYSA-N,,ABBV-744,CCNC(=O)c1cc2c(cn(C)c(O)c2n1)-c1cc(ccc1Oc1c(C)cc(F)cc1C)C(C)(C)O
CAOTVXGYTWCKQE-BRNYJPRKSA-N,,ABC-294640,Clc1ccc(cc1)[C@]12C[C@H]3C[C@H](C[C@](C3)(C1)C(=O)NCc1ccncc1)C2
UZWDCWONPYILKI-UHFFFAOYSA-N,46220502.0,abemaciclib,CCN1CCN(Cc2ccc(Nc3ncc(F)c(n3)-c3cc(F)c4nc(C)n(C(C)C)c4c3)nc2)CC1
GZOSMCIZMLWJML-VJLLXTKPSA-N,132971.0,abiraterone,C[C@]12CC[C@H]3[C@@H](CC=C4C[C@@H](O)CC[C@]34C)[C@@H]1CC=C2c1cccnc1
UVIQSJCZCSLXRZ-UBUQANBQSA-N,9821849.0,abiraterone-acetate,CC(=O)O[C@H]1CC[C@]2(C)[C@H]3CC[C@@]4(C)[C@@H](CC=C4c4cccnc4)[C@@H]3CC=C2C1
XMZSTQYSBYEENY-RMKNXTFCSA-N,57775240.0,ABT-072,COc1c(\C=C\c2ccc(NS(C)(=O)=O)cc2)cc(cc1C(C)(C)C)-n1ccc(=O)[nH]c1=O
LVGMMVAWLISWJD-QMMMGPOBSA-N,39220800.0,ABT-202,N[C@H]1CCN(C1)c1cccnc1
KFHYZKCRXNRKRC-MRXNPFEDSA-N,9818903.0,ABT-239,C[C@@H]1CCCN1CCc1cc2cc(ccc2o1)-c1ccc(cc1)C#N
GDLNHSUSOZEAOR-UHFFFAOYSA-N,154087.0,ABT-491,CN(C)C(=O)n1cc(C(=O)c2ccc(Cn3c(C)nc4cnccc34)c(F)c2)c2c(cccc12)C#C
AGPIHNZOZNKRGT-CYBMUJFWSA-N,46851313.0,ABT-639,Fc1ccccc1NS(=O)(=O)c1cc(C(=O)N2CCN3CCC[C@@H]3C2)c(Cl)cc1F
RQCXKDWOCUJWQZ-UHFFFAOYSA-N,1973.0,ABT-702,Nc1ncnc2nc(cc(-c3cccc(Br)c3)c12)-c1ccc(nc1)N1CCOCC1
FRPJGTNLZNXQEX-UHFFFAOYSA-N,5025739.0,ABT-724,C(N1CCN(CC1)c1ccccn1)c1nc2ccccc2[nH]1
HPLNQCPCUACXLM-PGUFJCEWSA-N,11228183.0,ABT-737,CN(C)CC[C@H](CSc1ccccc1)Nc1ccc(cc1[N+]([O-])=O)S(=O)(=O)NC(=O)c1ccc(cc1)N1CCN(Cc2ccccc2-c2ccc(Cl)cc2)CC1
URCVCIZFVQDVPM-UHFFFAOYSA-N,3035714.0,ABT-751,COc1ccc(cc1)S(=O)(=O)Nc1cccnc1Nc1ccc(O)cc1
SQZJGTOZFRNWCX-UHFFFAOYSA-N,71657619.0,ABX-1431,FC(F)(F)C(OC(=O)N1CCN(Cc2ccc(cc2N2CCCC2)C(F)(F)F)CC1)C(F)(F)F
OZOGDCZJYVSUBR-UHFFFAOYSA-N,49846599.0,ABX464,FC(F)(F)Oc1ccc(Nc2ccc3cccc(Cl)c3n2)cc1
HSMUKSLNDJOZQG-UHFFFAOYSA-N,71245042.0,AC-186,Oc1ccc(cc1)C1(CCC(F)(F)CC1)c1ccccc1F
HSAOETBFVAWNRP-UHFFFAOYSA-N,11530459.0,AC-261066,CCCCOCCOc1nc(sc1C)-c1ccc(C(O)=O)c(F)c1
RQKXQCSEZPQBNZ-QSBCOWLBSA-N,25108278.0,AC-264613,C\C(=N/NC(=O)[C@H]1[C@@H](CNC1=O)c1ccccc1)c1cccc(Br)c1
UCUHFWIFSHROPY-SQEMJAKJSA-N,129362181.0,AC-55541,C\C(=N/NC(=O)[C@@H](NC(=O)c1ccccc1)c1n[nH]c(=O)c2ccccc12)c1cccc(Br)c1
HXBKPYIEQLLNBK-UHFFFAOYSA-N,1714884.0,AC-55649,CCCCCCCCc1ccc(cc1)-c1ccc(cc1)C(O)=O
JVCWPUFNLFSKFS-UHFFFAOYSA-N,54760053.0,AC-710,CCN1C(C)(C)CC(CC1(C)C)Oc1ccc(nc1)C(=O)Nc1ccc(NC(=O)Nc2cc(on2)C(C)(C)C)cc1
HIVBATDUVFEJFZ-IBGZPJMESA-N,10937426.0,AC-7954-(+/-),CN(C)CC[C@]1(Cc2ccccc2C(=O)O1)c1ccc(Cl)cc1
VZXULFIUJKSVJY-UHFFFAOYSA-N,4581100.0,AC1NDSS5,CCCCCCCCCCCCCCCCCC[S+](CCC)c1ccccc1C(=O)OCC
BWAKMLKESHKOHK-UHFFFAOYSA-N,9928284.0,AC260584,CCCCC1CCN(CCCN2C(=O)COc3cc(F)ccc23)CC1
RTRQQBHATOEIAF-UUOKFMHZSA-N,17513.0,acadesine,NC(=O)c1ncn([C@@H]2O[C@H](CO)[C@@H](O)[C@H]2O)c1N
WDENQIQQYWYTPO-IBGZPJMESA-N,71226662.0,acalabrutinib,CC#CC(=O)N1CCC[C@H]1c1nc(-c2ccc(cc2)C(=O)Nc2ccccn2)c2c(N)nccn12
DOCINCLJNAXZQF-LBPRGKRZSA-N,11618268.0,acalisib,C[C@H](Nc1ncnc2nc[nH]c12)c1nc2ccc(F)cc2c(=O)n1-c1ccccc1
AFCGFAGUEYAMAO-UHFFFAOYSA-N,71158.0,acamprosate,CC(=O)NCCCS(O)(=O)=O
XUFXOAAUWZOOIT-SXARVLRPSA-N,444254.0,acarbose,C[C@H]1O[C@H](O[C@@H]2[C@@H](CO)O[C@H](O[C@@H]3[C@@H](CO)O[C@@H](O)[C@H](O)[C@H]3O)[C@H](O)[C@H]2O)[C@H](O)[C@@H](O)[C@@H]1N[C@H]1C=C(CO)[C@@H](O)[C@H](O)[C@H]1O
RNGRUHWJJPTYNR-UHFFFAOYSA-N,16759169.0,ACDPP,CN(C)c1nc(N)c(nc1Cl)C(=O)Nc1cccnc1
GERJIEKMNDGSCS-DQEYMECFSA-N,68488178.0,acebilustat,[H][C@]12CN(Cc3ccc(cc3)C(O)=O)[C@]([H])(CN1Cc1ccc(Oc3ccc(cc3)-c3ncco3)cc1)C2
GOEMGAFJFRBGGG-UHFFFAOYSA-N,657184.0,acebutolol,CCCC(=O)Nc1ccc(OCC(O)CNC(C)C)c(c1)C(C)=O
KEECCEWTUVWFCV-UHFFFAOYSA-N,4342.0,acecainide,CCN(CC)CCNC(=O)c1ccc(NC(C)=O)cc1
WRJPSSPFHGNBMG-VIFPVBQESA-N,1273944.0,aceclidine,CC(=O)O[C@H]1CN2CCC1CC2
MNIPYSSQXLZQLJ-UHFFFAOYSA-N,71771.0,aceclofenac,OC(=O)COC(=O)Cc1ccccc1Nc1c(Cl)cccc1Cl
AMTPYFGPPVFBBI-UHFFFAOYSA-N,6477.0,acedapsone,CC(=O)Nc1ccc(cc1)S(=O)(=O)c1ccc(NC(C)=O)cc1
QCXJEYYXVJIFCE-UHFFFAOYSA-N,19266.0,acedoben,CC(=O)Nc1ccc(cc1)C(O)=O
HCYFGRCYSCXKNQ-UHFFFAOYSA-N,69550.0,acefylline,Cn1c2ncn(CC(O)=O)c2c(=O)n(C)c1=O
KSMRODHGGIIXDV-YFKPBYRVSA-N,182230.0,aceglutamide,CC(=O)N[C@@H](CCC(N)=O)C(O)=O
NHTKGYOMICWFQZ-LHFSRKHSSA-N,134694283.0,acelarin,C[C@H](N[P@@](=O)(OC[C@H]1O[C@@H](n2ccc(N)nc2=O)C(F)(F)[C@@H]1O)Oc1ccccc1)C(=O)OCc1ccccc1
FSQKKOOTNAMONP-UHFFFAOYSA-N,1981.0,acemetacin,COc1ccc2n(C(=O)c3ccc(Cl)cc3)c(C)c(CC(=O)OCC(O)=O)c2c1
SQVRNKJHWKZAKO-PFQGKNLYSA-N,445063.0,aceneuramic-acid,CC(=O)N[C@@H]1[C@@H](O)C[C@](O)(O[C@H]1[C@H](O)[C@H](O)CO)C(O)=O
VABCILAOYCMVPS-HNNXBMFYSA-N,54683745.0,acenocoumarol,CC(=O)C[C@@H](c1ccc(cc1)[N+]([O-])=O)c1c(O)c2ccccc2oc1=O
NOSIYYJFMPDDSA-UHFFFAOYSA-N,6077.0,acepromazine,CN(C)CCCN1c2ccccc2Sc2ccc(cc12)C(C)=O
YGCFIWIQZPHFLU-UHFFFAOYSA-N,36573.0,acesulfame-potassium,CC1=CC(=O)NS(=O)(=O)O1
FZERHIULMFGESH-UHFFFAOYSA-N,904.0,acetanilide,CC(=O)Nc1ccccc1
ODFJOVXVLFUVNQ-UHFFFAOYSA-N,1985.0,acetarsol,CC(=O)Nc1cc(ccc1O)[As](O)(O)=O
BZKPWHYZMXOIDC-UHFFFAOYSA-N,1986.0,acetazolamide,CC(=O)Nc1nnc(s1)S(N)(=O)=O
VGZSUPCWNCWDAN-UHFFFAOYSA-N,1989.0,acetohexamide,CC(=O)c1ccc(cc1)S(=O)(=O)NC(=O)NC1CCCCC1
RRUDCFGSUDOHDG-UHFFFAOYSA-N,1990.0,acetohydroxamic-acid,CC(=O)NO
WNTYBHLDCKXEOT-UHFFFAOYSA-N,17676.0,acetophenazine,CC(=O)c1ccc2Sc3ccccc3N(CCCN3CCN(CCO)CC3)c2c1
GNOGSFBXBWBTIG-UHFFFAOYSA-N,6806.0,acetriazoic-acid,CC(=O)Nc1c(I)cc(I)c(C(O)=O)c1I
HMMGKOVEOFBCAU-OQJDUFEHSA-N,,acetyl-11-keto-beta-boswellic-acid,C[C@@H]1CC[C@]2(C)CC[C@]3(C)C(=CC(=O)[C@H]4[C@@]5(C)CC[C@@H](OC(C)=O)[C@@](C)([C@@H]5CC[C@@]34C)C(O)=O)[C@@H]2[C@H]1C
XTURYZYJYQRJDO-BNAHBJSTSA-N,6438381.0,acetyl-farnesyl-cysteine,CC(C)=CCC\C(C)=C\CC\C(C)=C\CSC[C@H](NC(C)=O)C(O)=O
WXNXCEHXYPACJF-ZETCQYMHSA-N,70912.0,acetyl-l-leucine,CC(C)C[C@H](NC(C)=O)C(O)=O
OIPILFWXSMYKGL-UHFFFAOYSA-N,187.0,acetylcholine,CC(=O)OCC[N+](C)(C)C
PWKSKIMOESPYIA-BYPYZUCNSA-N,12035.0,acetylcysteine,CC(=O)N[C@@H](CS)C(O)=O
DDSFKIFGAPZBSR-UHFFFAOYSA-N,10745.0,acetylsalicylsalicylic-acid,CC(=O)Oc1ccccc1C(=O)Oc1ccccc1C(O)=O
ZPCCSZFPOXBNDL-VGQMBGNASA-N,,acetylspiramycin,[H][C@@]1(C[C@@](C)(O)[C@@H](O)[C@H](C)O1)O[C@@H]1[C@@H](C)O[C@@]([H])(O[C@H]2[C@@H](CC=O)C[C@@H](C)[C@@H](O[C@@]3([H])CC[C@@H]([C@@H](C)O3)N(C)C)\C=C\C=C\C[C@@H](C)OC(=O)C[C@@]([H])(OC(C)=O)[C@@H]2OC)[C@H](O)[C@H]1N(C)C
WDSCBUNMANHPFH-UHFFFAOYSA-N,2005.0,acexamic-acid,CC(=O)NCCCCCC(O)=O
DFDGRKNOFOJBAJ-LBPRGKRZSA-N,76969700.0,acifran,C[C@]1(OC(=CC1=O)C(O)=O)c1ccccc1
DJQOOSBJCLSSEY-UHFFFAOYSA-N,5310993.0,acipimox,Cc1cnc(c[n+]1[O-])C(O)=O
VWQZJJZGISNFOE-UHFFFAOYSA-N,2006.0,acitazanolast,OC(=O)C(=O)Nc1cccc(c1)-c1nn[nH]n1
IHUNBGSDBOWDMA-AQFIFDHZSA-N,5284513.0,acitretin,COc1cc(C)c(\C=C\C(\C)=C\C=C\C(\C)=C\C(O)=O)c(C)c1C
QAWIHIJWNYOLBE-ZAFYKAAXSA-N,16758175.0,acivicin,N[C@H]([C@@H]1CC(Cl)=NO1)C(O)=O
USZYSDMBJDPRIF-SVEJIMAYSA-N,86289437.0,aclarubicin,CC[C@@]1(O)C[C@H](O[C@H]2C[C@@H]([C@H](O[C@H]3C[C@H](O)[C@H](O[C@H]4CCC(=O)[C@H](C)O4)[C@H](C)O3)[C@H](C)O2)N(C)C)c2c(O)c3C(=O)c4c(O)cccc4C(=O)c3cc2[C@H]1C(=O)OC
ASMXXROZKSBQIH-VITNCHFBSA-N,11434515.0,aclidinium,OC(C(=O)O[C@H]1C[N+]2(CCCOc3ccccc3)CCC1CC2)(c1cccs1)c1cccs1
DUYNJNWVGIWJRI-LJAQVGFWSA-N,155435.0,acolbifene,CC1=C([C@@H](Oc2cc(O)ccc12)c1ccc(OCCN2CCCCC2)cc1)c1ccc(O)cc1
PTYGDEXEGLDNAZ-UHFFFAOYSA-N,44178354.0,acoziborole,CC1(C)OB(O)c2cc(NC(=O)c3ccc(F)cc3C(F)(F)F)ccc12
PAJPWUMXBYXFCZ-UHFFFAOYSA-N,6971063.0,ACPC,NC1(CC1)C(O)=O
BCBIBQWDFMQRSJ-UHFFFAOYSA-O,452192.0,acriflavine,Nc1ccc2cc3ccc(N)cc3nc2c1.C[n+]1c2cc(N)ccc2cc2ccc(N)cc12
XSIOKTWDEOJMGG-UHFFFAOYSA-O,2016.0,acriflavinium,C[n+]1c2cc(N)ccc2cc2ccc(N)cc12
YZODJQFXMFEJRM-UHFFFAOYSA-N,24144.0,acrisorcin,CCCCCCc1ccc(O)cc1O.Nc1c2ccccc2nc2ccccc12
PWACSDKDOHSSQD-IUTFFREVSA-N,5284514.0,acrivastine,Cc1ccc(cc1)C(=C/CN1CCCC1)\c1cccc(\C=C\C(O)=O)n1
MNNFZYTXMPWOTA-UHFFFAOYSA-N,,acrylate,[Na].OC(=O)C=C
DKULOVKANLVDEA-UHFFFAOYSA-N,25099191.0,ACT-132577,NS(=O)(=O)Nc1ncnc(OCCOc2ncc(Br)cn2)c1-c1ccc(Br)cc1
NHPQGZOBHSVTAQ-IBGZPJMESA-N,40924317.0,ACT-462206,COc1ccc(cc1)S(=O)(=O)N1CCC[C@H]1C(=O)Nc1cc(C)cc(C)c1
MROJXXOCABQVEF-UHFFFAOYSA-N,2018.0,actarit,CC(=O)Nc1ccc(CC(O)=O)cc1
GZPJCJKUZPUFAL-UHFFFAOYSA-N,23653175.0,ACTB-1003,COCc1c(CN2CCOCC2)n2ncnc(N)c2c1-c1ccc(NC(=O)Nc2cc(ccc2F)C(F)(F)F)c(F)c1
RJURFGZVJUQBHK-DCUCITLNSA-N,78357827.0,actinomycin-d,CC(C)[C@@H]1NC(=O)[C@@H](NC(=O)c2ccc(C)c3oc4c(C)c(=O)c(N)c(C(=O)N[C@H]5[C@@H](C)OC(=O)[C@H](C(C)C)N(C)C(=O)CN(C)C(=O)[C@@H]6CCCN6C(=O)[C@@H](NC5=O)C(C)C)c4nc23)[C@@H](C)OC(=O)[C@H](C(C)C)N(C)C(=O)CN(C)C(=O)[C@@H]2CCCN2C1=O
YAMVZYRZAMBCED-UHFFFAOYSA-N,23674.0,actinoquinol,CCOc1ccc(c2cccnc12)S(O)(=O)=O
VGUSQKZDZHAAEE-UHFFFAOYSA-N,11338127.0,acumapimod,Cc1ccc(cc1-n1ncc(C(=O)c2cccc(c2)C#N)c1N)C(=O)NC1CC1
QGZYDVAGYRLSKP-UHFFFAOYSA-N,53340666.0,ACY-1215,ONC(=O)CCCCCCNC(=O)c1cnc(nc1)N(c1ccccc1)c1ccccc1
MKUXAQIIEYXACX-UHFFFAOYSA-N,135398513.0,acyclovir,Nc1nc(=O)c2ncn(COCCO)c2[nH]1
CLDJCRWXLDLJLO-CQSZACIVSA-N,6933882.0,AD-5467,CC(C)[C@H]1Oc2c(cccc2N(CC(O)=O)C1=S)C(C)C
LZCDAPDGXCYOEH-UHFFFAOYSA-N,60164.0,adapalene,COc1ccc(cc1C12CC3CC(CC(C3)C1)C2)-c1ccc2cc(ccc2c1)C(O)=O
NBSCHQHZLSJFNQ-DVKNGEFBSA-N,439284.0,adaprev,O[C@H]1O[C@H](COP(O)(O)=O)[C@@H](O)[C@H](O)[C@H]1O
AKWRNBWMGFUAMF-ZESMOPTKSA-N,184644.0,adaptavir,C[C@@H](O)[C@H](NC(=O)[C@H](Cc1ccc(O)cc1)NC(=O)[C@H](CC(N)=O)NC(=O)[C@@H](NC(=O)[C@@H](NC(=O)[C@@H](NC(=O)[C@H](CO)NC(=O)[C@@H](C)N)[C@@H](C)O)[C@@H](C)O)[C@@H](C)O)C(N)=O
QAWBIEIZDDIEMW-FPYGCLRLSA-N,9864378.0,adarotene,OC(=O)\C=C\c1ccc(cc1)-c1ccc(O)c(c1)C12CC3CC(CC(C3)C1)C2
HPFLVTSWRFCPCV-UHFFFAOYSA-N,130918.0,adatanserin,O=C(NCCN1CCN(CC1)c1ncccn1)C12CC3CC(CC(C3)C1)C2
AQDWDWAYVBQMAM-UHFFFAOYSA-N,135565709.0,adavivint,CC(C)CC(=O)Nc1cncc(c1)-c1ccc2[nH]nc(-c3nc4cncc(-c5cccc(F)c5)c4[nH]3)c2c1
OKVOKULYZXODKU-UHFFFAOYSA-N,54155633.0,ADD-233089,Clc1ccc(cc1)-n1cc([nH]c1=O)N1CCOCC1
SUPKOOSCJHTBAH-UHFFFAOYSA-N,60172.0,adefovir,Nc1ncnc2n(CCOCP(O)(O)=O)cnc12
WOZSCQDILHKSGG-UHFFFAOYSA-N,60871.0,adefovir-dipivoxil,CC(C)(C)C(=O)OCOP(=O)(COCCn1cnc2c(N)ncnc12)OCOC(=O)C(C)(C)C
PAHZPHDAJQIETD-UHFFFAOYSA-N,176874.0,adelmidrol,OCCNC(=O)CCCCCCCC(=O)NCCO
MEFKEPWMEQBLKI-AIRLBKTGSA-O,34756.0,ademetionine,C[S+](CC[C@H](N)C(O)=O)C[C@H]1O[C@H]([C@H](O)[C@@H]1O)n1cnc2c(N)ncnc12
GFFGJBXGBJISGV-UHFFFAOYSA-N,190.0,adenine,Nc1ncnc2nc[nH]c12
OIRDTQYFTABQOQ-KQYNXXCUSA-N,60961.0,adenosine,Nc1ncnc2n(cnc12)[C@@H]1O[C@H](CO)[C@@H](O)[C@H]1O
UDMBCSSLTHHNCD-KQYNXXCUSA-N,6083.0,adenosine-phosphate,Nc1ncnc2n(cnc12)[C@@H]1O[C@H](COP(O)(O)=O)[C@@H](O)[C@H]1O
ZKHQWZAMYRWXGA-KQYNXXCUSA-N,5957.0,adenosine-triphosphate,Nc1ncnc2n(cnc12)[C@@H]1O[C@H](COP(O)(=O)OP(O)(=O)OP(O)(O)=O)[C@@H](O)[C@H]1O
JGOAIQNSOGZNBX-UHFFFAOYSA-N,2031.0,adiphenine,CCN(CC)CCOC(=O)C(c1ccccc1)c1ccccc1
WNLRTRBMVRJNCN-UHFFFAOYSA-N,22494954.0,adipic-acid,OC(=O)CCCCC(O)=O
SHHUPGSHGSNPDB-UHFFFAOYSA-N,16307093.0,adiporon,O=C(COc1ccc(cc1)C(=O)c1ccccc1)NC1CCN(Cc2ccccc2)CC1
OPIKUXLJQFYMSC-UHFFFAOYSA-N,11417954.0,ADL5859,CCN(CC)C(=O)c1ccc(cc1)C1=CC2(CCNCC2)Oc2cccc(O)c12
FASLTMSUPQDLIB-MHZLTWQESA-N,91933867.0,adomeglivant,Cc1cc(O[C@@H](CCC(F)(F)F)c2ccc(cc2)C(=O)NCCC(O)=O)cc(C)c1-c1ccc(cc1)C(C)(C)C
IUVSEUFHPNITEQ-UHFFFAOYSA-N,9887537.0,adoprazine,Fc1ccc(cc1)-c1cncc(CN2CCN(CC2)c2cccc3OCCOc23)c1
CGNMLOKEMNBUAI-HXUWFJFHSA-N,25271624.0,adrafinil,ONC(=O)C[S@@](=O)C(c1ccccc1)c1ccccc1
PZMVOUYYNKPMSI-UHFFFAOYSA-N,7436.0,adrenalone,CNCC(=O)c1ccc(O)c(O)c1
RZRPTBIGEANTGU-IRIMSJTPSA-N,223997.0,adrenosterone,C[C@]12CC(=O)[C@H]3[C@@H](CCC4=CC(=O)CC[C@]34C)[C@@H]1CCC2=O
MEDCLNYIYBERKO-UHFFFAOYSA-N,10331863.0,ADX-10059,Cc1cc(C)c(N)c(n1)C#Cc1cccc(F)c1
VXQCCZHCFBHTTD-HNNXBMFYSA-N,11383075.0,ADX-47273,Fc1ccc(cc1)C(=O)N1CCC[C@@H](C1)c1nc(no1)-c1ccc(F)cc1
OONFNUWBHFSNBT-HXUWFJFHSA-N,10297043.0,AEE788,CCN1CCN(Cc2ccc(cc2)-c2cc3c(N[C@H](C)c4ccccc4)ncnc3[nH]2)CC1
MQUYTXDAVCOCMX-UHFFFAOYSA-N,698112.0,AEG3482,NS(=O)(=O)c1nn2cc(nc2s1)-c1ccccc1
JWCUSQCZMQIBMR-UHFFFAOYSA-N,72706115.0,AF38469,Cc1cccc(NC(=O)c2ccc(cc2C(O)=O)C(F)(F)F)n1
CBQJSKKFNMDLON-JTQLQIEISA-N,74839.0,afalanine,CC(=O)N[C@@H](Cc1ccccc1)C(O)=O
UAHFGYDRQSXQEB-LEBBXHLNSA-N,91898441.0,afamelanotide,CCCC[C@H](NC(=O)[C@H](CO)NC(=O)[C@H](Cc1ccc(O)cc1)NC(=O)[C@H](CO)NC(C)=O)C(=O)N[C@@H](CCC(O)=O)C(=O)N[C@@H](Cc1cnc[nH]1)C(=O)N[C@H](Cc1ccccc1)C(=O)N[C@@H](CCCNC(N)=N)C(=O)N[C@@H](Cc1c[nH]c2ccccc12)C(=O)NCC(=O)N[C@@H](CCCCN)C(=O)N1CCC[C@H]1C(=O)N[C@@H](C(C)C)C(N)=O
ULXXDDBFHOBEHA-CWDCEQMOSA-N,10184653.0,afatinib,CN(C)C\C=C\C(=O)Nc1cc2c(Nc3ccc(F)c(Cl)c3)ncnc2cc1O[C@H]1CCOC1
TXUZVZSFRXZGTL-QPLCGJKRSA-N,449459.0,afimoxifene,CC\C(=C(/c1ccc(O)cc1)c1ccc(OCCN(C)C)cc1)c1ccccc1
VDOSWXIDETXFET-UHFFFAOYSA-N,2040.0,afloqualone,Cc1ccccc1-n1c(CF)nc2ccc(N)cc2c1=O
QXTWSUQCXCWEHF-JXMROGBWSA-N,10407120.0,AFN-1252,CN(Cc1oc2ccccc2c1C)C(=O)\C=C\c1cnc2NC(=O)CCc2c1
WWNUCVSRRUDYPP-UHFFFAOYSA-N,9862937.0,afobazole,CCOc1ccc2nc(SCCN3CCOCC3)[nH]c2c1
ABBADGFSRBWENF-UHFFFAOYSA-N,2044.0,AG-1024,CC(C)(C)c1cc(C=C(C#N)C#N)cc(Br)c1O
SEKJSSBJKFLZIT-UHFFFAOYSA-N,9840076.0,AG-14361,CN(C)Cc1ccc(cc1)-c1nc2cccc3C(=O)NCCn1c23
TUCIOBMMDDOEMM-RIYZIHGNSA-N,5328779.0,AG-490,Oc1ccc(\C=C(/C#N)C(=O)NCc2ccccc2)cc1O
GSQOBTOAOGXIFL-LFIBNONCSA-N,5328770.0,AG-555,Oc1ccc(\C=C(/C#N)C(=O)NCCCc2ccccc2)cc1O
GWCNJMUSWLTSCW-SFQUDFHCSA-N,5328775.0,AG-556,Oc1ccc(\C=C(/C#N)C(=O)NCCCCc2ccccc2)cc1O
FNYGWXSATBUBER-AREMUKBSSA-N,97161269.0,AGI-5198,Cc1nccn1CC(=O)N([C@@H](C(=O)NC1CCCCC1)c1ccccc1C)c1cccc(F)c1
CCAWRGNYALGPQH-UHFFFAOYSA-N,71299339.0,AGI-6780,FC(F)(F)c1cccc(NC(=O)Nc2cc(ccc2-c2ccsc2)S(=O)(=O)NC2CC2)c1
MSHZHSPISPJWHW-FRDQJGBZSA-N,14942882.0,AGM-1470,CO[C@@H]1[C@@H](CC[C@]2(CO2)[C@@H]1[C@@]1(C)O[C@@H]1CC=C(C)C)OC(=O)NC(=O)CCl
QYPPJABKJHAVHS-UHFFFAOYSA-N,199.0,agmatine,NCCCCNC(N)=N
SHXVJSFOJHMEEQ-AXTSPUMRSA-N,124581813.0,AGN-192403,CC(C)[C@@H]1[C@H]2CC[C@@H](C2)[C@H]1N
LHUPKWKWYWOMSK-UHFFFAOYSA-N,9867046.0,AGN-194310,CCc1ccc(cc1)C1=CC(C)(C)Sc2ccc(cc12)C#Cc1ccc(cc1)C(O)=O
PNAWUIKCVQSLFG-UHFFFAOYSA-N,9867758.0,AGN-195183,CC1(C)CCC(C)(C)c2c(Cl)c(O)c(cc12)C(=O)Nc1cc(F)c(C(O)=O)c(F)c1
YJYPHIXNFHFHND-UHFFFAOYSA-N,82148.0,agomelatine,COc1ccc2cccc(CCNC(C)=O)c2c1
UKMSUNONTOPOIO-UHFFFAOYSA-N,8215.0,AGP-103,CCCCCCCCCCCCCCCCCCCCCC(O)=O
OZCQEUZTOAAWDK-UHFFFAOYSA-N,233085.0,AH-7614,Cc1ccc(cc1)S(=O)(=O)NC1c2ccccc2Oc2ccccc12
HSVZQQYIMKLNLN-GOSISDBHSA-N,6604792.0,AH11110,O[C@@H](COc1ccccc1-c1ccccc1)CC(=N)N1CCCCC1
AQFFXPQJLZFABJ-UHFFFAOYSA-N,119461.0,AH6809,CC(C)Oc1ccc2c(c1)oc1ccc(cc1c2=O)C(O)=O
WJBSSBFGPKTMQQ-UHFFFAOYSA-N,49806644.0,AI-10-49,FC(F)(F)Oc1ccc2nc([nH]c2c1)-c1ccc(OCCOCCOc2ccc(nc2)-c2nc3ccc(OC(F)(F)F)cc3[nH]2)cn1
XNFHHOXCDUAYSR-SFHVURJKSA-N,11501591.0,AIM-100,C(Nc1ncnc2oc(c(-c3ccccc3)c12)-c1ccccc1)[C@@H]1CCCO1
YGHLYBIUVOLKCV-SMDDNHRTSA-N,122334.0,AJ76-(+),CCCN[C@@H]1CCc2c(OC)cccc2[C@@H]1C
CJDRUOGAGYHKKD-BDXZSHBPSA-N,98054312.0,ajmaline,[H][C@]12C[C@]34[C@H](O)[C@@]1([H])[C@]1([H])C[C@]([H])(N2[C@H](O)[C@@]1([H])CC)[C@]3([H])N(C)c1ccccc41
IYAYHZZWYNXHEQ-UHFFFAOYSA-N,1328033.0,AK-7,Brc1cccc(NC(=O)c2cccc(c2)S(=O)(=O)N2CCCCCC2)c1
HMMGKOVEOFBCAU-BCDBGHSCSA-N,11168203.0,AKBA,C[C@@H]1CC[C@]2(C)CC[C@]3(C)C(=CC(=O)[C@@H]4[C@@]5(C)CC[C@@H](OC(C)=O)[C@@](C)([C@@H]5CC[C@@]34C)C(O)=O)[C@@H]2[C@H]1C
GFGSZUNNBQXGMK-UHFFFAOYSA-N,2075.0,aklomide,NC(=O)c1ccc(cc1Cl)[N+]([O-])=O
ZVBTZTQYHOXIBC-UHFFFAOYSA-N,25060093.0,AL-8697,Cc1c(F)cc(cc1-c1c(F)cn2c(nnc2c1F)C(C)(C)C)C(=O)NC1CC1
FHHHOYXPRDYHEZ-COXVUDFISA-N,71992.0,alacepril,C[C@H](CSC(C)=O)C(=O)N1CCC[C@H]1C(=O)N[C@@H](Cc1ccccc1)C(O)=O
BHAYDBSYOBONRV-IUYQGCFVSA-N,71957.0,alafosfalin,C[C@H](N)C(=O)N[C@@H](C)P(O)(O)=O
LYLFQLCLUXOFOL-UHFFFAOYSA-N,216305.0,alagebrium,Cc1sc[n+](CC(=O)c2ccccc2)c1C
QNAYBMKLOCPYGJ-UWTATZPHSA-N,7311725.0,alanine,C[C@@H](N)C(O)=O
MLFKVJCWGUZWNV-REOHCLBHSA-N,90657278.0,alanosine,N[C@@H](CN(O)[N+][O-])C(O)=O
PXOYOCNNSUAQNS-AGNJHWRGSA-N,72724.0,alantolactone,C[C@H]1CCC[C@]2(C)C[C@H]3OC(=O)C(=C)[C@H]3C=C12
FZSPJBYOKQPKCD-SECBINFHSA-N,23622192.0,alaproclate,C[C@@H](N)C(=O)OC(C)(C)Cc1ccc(Cl)cc1
QLGKMLRGKPKGKI-QWQCQAQZSA-N,9855027.0,alarelin,CCNC(=O)[C@@H]1CCCN1C(=O)[C@H](CCCNC(N)=N)NC(=O)[C@H](CC(C)C)NC(=O)[C@@H](C)NC(=O)[C@H](Cc1ccc(O)cc1)NC(=O)[C@H](CO)NC(=O)[C@H](Cc1c[nH]c2ccccc12)NC(=O)[C@H](Cc1cnc[nH]1)NC(=O)[C@@H]1CCC(=O)N1
HXHWSAZORRCQMX-UHFFFAOYSA-N,2082.0,albendazole,CCCSc1ccc2nc(NC(=O)OC)[nH]c2c1
VXTGHWHFYNYFFV-LJQANCHMSA-N,13805917.0,albendazole-oxide,CCC[S@@](=O)c1ccc2nc(NC(=O)OC)[nH]c2c1
NDAUXUAQIAJITI-GFCCVEGCSA-N,182176.0,albuterol,CC(C)(C)NC[C@@H](O)c1ccc(O)c(CO)c1
MWTBKTRZPHJQLH-UHFFFAOYSA-N,19371515.0,alcaftadine,CN1CCC(CC1)=C1c2ncc(C=O)n2CCc2ccccc12
ARHWPKZXBHOEEE-UHFFFAOYSA-N,30951.0,alclofenac,OC(=O)Cc1ccc(OCC=C)c(Cl)c1
DJHCCTTVDRAMEH-FQEREKBASA-N,,alclometasone-dipropionate,CCC(=O)OCC(=O)[C@@]1(OC(=O)CC)[C@H](C)C[C@H]2[C@H]3[C@H](Cl)CC4=CC(=O)C=C[C@]4(C)[C@H]3[C@@H](O)C[C@]12C
MUQUYTSLDVKIOF-JGNNFNAWSA-N,,alcuronium,OC\C=C1/C[N@+]2(CC=C)CC[C@@]34[C@@H]2C[C@@H]1\C1=C\N2[C@@H]5\C(=C/N([C@@H]31)c1ccccc41)[C@H]1C[C@H]3[C@@]5(CC[N@@+]3(CC=C)C\C1=C/CO)c1ccccc21
NMKJFZCBCIUYHI-UHFFFAOYSA-N,831629.0,alda-1,Clc1cccc(Cl)c1C(=O)NCc1ccc2OCOc2c1
OFHCOWSQAMBJIW-AVJTYSNKSA-N,5282181.0,alfacalcidol,CC(C)CCC[C@@H](C)[C@H]1CC[C@H]2\C(CCC[C@]12C)=C\C=C1\C[C@@H](O)C[C@H](O)C1=C
OBMJQRLIQQTJLR-USGQOSEYSA-N,9810709.0,aldoxorubicin,COc1cccc2C(=O)c3c(O)c4C[C@](O)(C[C@H](O[C@H]5C[C@H](N)[C@H](O)[C@H](C)O5)c4c(O)c3C(=O)c12)C(\CO)=N\NC(=O)CCCCCN1C(=O)C=CC1=O
KDGFLJKFZUIJMX-UHFFFAOYSA-N,49806720.0,alectinib,CCc1cc2C(=O)c3c([nH]c4cc(ccc34)C#N)C(C)(C)c2cc1N1CCC(CC1)N1CCOCC1
OGSPWJRAVKPPFI-UHFFFAOYSA-N,44400013.0,alendronate,NCCCC(O)(P(O)(O)=O)P(O)(O)=O
LFVVNPBBFUSSHL-SZPZYZBQSA-N,40488318.0,alexidine,CCCC[C@H](CC)CNC(=N)N=C(N)NCCCCCCNC(N)=NC(=N)NC[C@H](CC)CCCC
QRJOQYLXZPQQMX-FWROMSNXSA-N,24733.0,alfadolone-acetate,CC(=O)OCC(=O)[C@H]1CC[C@H]2[C@@H]3CC[C@H]4C[C@H](O)CC[C@]4(C)[C@H]3C(=O)C[C@]12C
WNMJYKCGWZFFKR-CQSZACIVSA-N,37888195.0,alfuzosin,COc1cc2nc(nc(N)c2cc1OC)N(C)CCCNC(=O)[C@H]1CCCO1
AHBKIEXBQNRDNL-FVCOMRFXSA-N,5284538.0,algestone-acetophenide,CC(=O)[C@@]12O[C@@](C)(O[C@@H]1C[C@H]1[C@@H]3CCC4=CC(=O)CC[C@]4(C)[C@H]3CC[C@]21C)c1ccccc1
UMJHTFHIQDEGKB-UHFFFAOYSA-N,71916.0,alibendol,COc1cc(CC=C)cc(C(=O)NCCO)c1O
ZZHLYYDVIOPZBE-AWEZNQCLSA-N,6604496.0,alimemazine,C[C@@H](CN(C)C)CN1c2ccccc2Sc2ccccc12
OXTYVEUAQHPPMV-UHFFFAOYSA-N,36354.0,alinidine,Clc1cccc(Cl)c1N(CC=C)C1=NCCN1
ZLHFILGSQDJULK-UHFFFAOYSA-N,24771867.0,alisertib,COc1cc(Nc2ncc3CN=C(c4cc(Cl)ccc4-c3n2)c2c(F)cccc2OC)ccc1C(O)=O
UXOWGYHJODZGMF-QORCZRPOSA-N,5493444.0,aliskiren-hemifumarate,COCCCOc1cc(C[C@@H](C[C@H](N)[C@@H](O)C[C@@H](C(C)C)C(=O)NCC(C)(C)C(N)=O)C(C)C)ccc1OC
OLROWHGDTNFZBH-XEMWPYQTSA-N,11513676.0,alisporivir,[H][C@]1(C)NC(=O)[C@H](C)NC(=O)[C@H](CC(C)C)N(C)C(=O)[C@@H](NC(=O)[C@H](C(C)C)N(CC)C(=O)[C@@H](C)N(C)C(=O)[C@H](CC)NC(=O)[C@]([H])([C@H](O)[C@H](C)C\C=C\C)N(C)C(=O)[C@H](C(C)C)N(C)C(=O)[C@]([H])(CC(C)C)N(C)C(=O)[C@H](CC(C)C)N(C)C1=O)C(C)C
KSEYRUGYKHXGFW-LLVKDONJSA-N,25323018.0,alizapride,COc1cc2[nH]nnc2cc1C(=O)NC[C@H]1CCCN1CC=C
RGCKGOZRHPZPFP-UHFFFAOYSA-N,6293.0,alizarin,Oc1ccc2C(=O)c3ccccc3C(=O)c2c1O
POJWUDADGALRAB-SFOWXEAESA-N,439714.0,allantoin,NC(=O)N[C@H]1NC(=O)NC1=O
JDLKFOPOAOFWQN-SECBINFHSA-N,51399529.0,allicin,C=CCS[S@@](=O)CC=C
OFCNXPDARWKPPY-UHFFFAOYSA-N,135401907.0,allopurinol,O=c1nc[nH]c2n[nH]cc12
KFQUAMTWOJHPEJ-DAGMQNCNSA-N,135407110.0,allopurinol-riboside,OC[C@H]1O[C@H]([C@H](O)[C@@H]1O)n1ncc2c(O)ncnc12
ATXHVCQZZJYMCF-XUDSTZEESA-N,235905.0,allylestrenol,C[C@]12CC[C@H]3[C@@H](CCC4=CCCC[C@H]34)[C@@H]1CC[C@@]2(O)CC=C
ZOJBYZNEUISWFT-UHFFFAOYSA-N,5971.0,allylisothiocyanate,C=CCN=C=S
HTKFORQRBXIQHD-UHFFFAOYSA-N,1549517.0,allylthiourea,NC(=S)NCC=C
OBDOVFRMEYHSQB-UHFFFAOYSA-N,33887.0,almitrine,Fc1ccc(cc1)C(N1CCN(CC1)c1nc(NCC=C)nc(NCC=C)n1)c1ccc(F)cc1
DKMACHNQISHMDN-RPLLCQBOSA-N,23727689.0,almorexant,CNC(=O)[C@H](N1CCc2cc(OC)c(OC)cc2[C@@H]1CCc1ccc(cc1)C(F)(F)F)c1ccccc1
WKEMJKQOLOHJLZ-UHFFFAOYSA-N,123606.0,almotriptan,CN(C)CCc1c[nH]c2ccc(CS(=O)(=O)N3CCCC3)cc12
YDQWDHRMZQUTBA-UHFFFAOYSA-N,10207.0,aloe-emodin,OCc1cc(O)c2C(=O)c3c(O)cccc3C(=O)c2c1
ZSBOMTDTBDDKMP-OAHLLOKOSA-N,11450633.0,alogliptin,Cn1c(=O)cc(N2CCC[C@@H](N)C2)n(Cc2ccccc2C#N)c1=O
AFHJQYHRLPMKHU-OSYMLPPYSA-N,12305761.0,aloin,OC[C@H]1O[C@H]([C@H](O)[C@@H](O)[C@@H]1O)[C@H]1c2cccc(O)c2C(=O)c2c(O)cc(CO)cc12
SKOLRLSBMUGVOY-GBJTYRQASA-N,162147.0,aloperine,C1CCN2C[C@H]3C[C@H](C=C4CCCN[C@@H]34)[C@H]2C1
JSWZEAMFRNKZNL-UHFFFAOYSA-N,2099.0,alosetron,Cc1nc[nH]c1CN1CCc2c(C1=O)c1ccccc1n2C
UXCAQJAQSWSNPQ-XLPZGREQSA-N,33039.0,alovudine,Cc1cn([C@H]2C[C@H](F)[C@@H](CO)O2)c(=O)[nH]c1=O
SRVFFFJZQVENJC-IHRRRGAJSA-N,65663.0,aloxistatin,CCOC(=O)[C@H]1O[C@@H]1C(=O)N[C@@H](CC(C)C)C(=O)NCCC(C)C
STUWGJZDJHPWGZ-LBPRGKRZSA-N,56649450.0,alpelisib,Cc1nc(NC(=O)N2CCC[C@H]2C(N)=O)sc1-c1ccnc(c1)C(C)(C)C(F)(F)F
RKFAZBXYICVSKP-AATRIKPKSA-N,636822.0,alpha-asarone,COc1cc(OC)c(\C=C\C)cc1OC
WQZGKKKJIJFFOK-DVKNGEFBSA-N,79025.0,alpha-D-glucopyranose,OC[C@H]1O[C@H](O)[C@H](O)[C@@H](O)[C@@H]1O
IMMBLRJLSYJQIZ-RBWYFKFWSA-N,53477097.0,alpha-glucosyl-hesperidin,COc1ccc(cc1O)[C@@H]1CC(=O)c2c(O)cc(O[C@@H]3O[C@H](CO[C@@H]4O[C@@H](C)[C@H](O)[C@@H](O)[C@H]4O)[C@@H](O[C@H]4O[C@H](CO)[C@@H](O)[C@H](O)[C@H]4O)[C@H](O)[C@H]3O)cc2O1
DTOSIQBPPRVQHS-PDBXOOCHSA-N,5280934.0,alpha-linolenic-acid,CC\C=C/C\C=C/C\C=C/CCCCCCCC(O)=O
RUVINXPYWBROJD-ONEGZZNKSA-N,637563.0,anethole,COc1ccc(\C=C\C)cc1
XNQIOISZPFVUFG-RXMQYKEDSA-N,156615.0,alpha-methylhistamine-dihydrobromide-(R)-(-),C[C@@H](N)Cc1cnc[nH]1
XNQIOISZPFVUFG-YFKPBYRVSA-N,6603865.0,alpha-methylhistamine-dihydrobromide-(S)-(+),C[C@H](N)Cc1cnc[nH]1
LYPCGXKCQDYTFV-SSDOTTSWSA-N,14083218.0,alpha-methylserotonin,C[C@@H](N)Cc1c[nH]c2ccc(O)cc12
GVJHHUAWPYXKBD-QLVXXPONSA-N,1548900.0,alpha-tochopherol,CC(C)CCC[C@@H](C)CCC[C@@H](C)CCC[C@@]1(C)CCc2c(C)c(O)c(C)c(C)c2O1
ZAKOWWREFLAJOT-PKIAKLFDSA-N,9804881.0,alpha-tochopheryl-acetate,CC(C)CCC[C@@H](C)CCC[C@@H](C)CCC[C@@]1(C)CCc2c(C)c(OC(C)=O)c(C)c(C)c2O1
JRTIDHTUMYMPRU-UHFFFAOYSA-N,54897.0,alpidem,CCCN(CCC)C(=O)Cc1c(nc2ccc(Cl)cn12)-c1ccc(Cl)cc1
PAZJSJFMUHDSTF-CQSZACIVSA-N,203685.0,alprenolol,CC(C)NC[C@@H](O)COc1ccccc1CC=C
GMVPRGQOIOIIMI-DWKJAMRDSA-N,5280723.0,alprostadil,CCCCC[C@H](O)\C=C\[C@H]1[C@H](O)CC(=O)[C@@H]1CCCCCCC(O)=O
GCUCIFQCGJIRNT-UHFFFAOYSA-N,2120.0,alrestatin,OC(=O)CN1C(=O)c2cccc3cccc(C1=O)c23
AWSRKKBIPSQHOJ-IBCQBUCCSA-N,71621663.0,ALS-8112,Nc1ccn([C@@H]2O[C@@](CO)(CCl)[C@@H](O)[C@H]2F)c(=O)n1
MJVKYGMNSQJLIN-KYZVSKTDSA-N,89658382.0,ALS-8176,CC(C)C(=O)OC[C@@]1(CCl)O[C@H]([C@H](F)[C@@H]1OC(=O)C(C)C)n1ccc(N)nc1=O
SMYALUSCZJXWHG-UHFFFAOYSA-N,3033677.0,altanserin,Fc1ccc(cc1)C(=O)C1CCN(CCn2c(=S)[nH]c3ccccc3c2=O)CC1
VGLGVJVUHYTIIU-LLVKDONJSA-N,6604323.0,althiazide,NS(=O)(=O)c1cc2c(N[C@@H](CSCC=C)NS2(=O)=O)cc1Cl
NUPUDYKEEJNZRG-LBPRGKRZSA-N,3036156.0,altinicline,CN1CCC[C@H]1c1cncc(c1)C#C
GNNDEPIMDAZHRQ-UHFFFAOYSA-N,54576299.0,altiratinib,Fc1ccc(NC(=O)C2(CC2)C(=O)Nc2cc(F)c(Oc3ccnc(NC(=O)C4CC4)c3)cc2F)cc1
VWAUPFMBXBWEQY-ANULTFPQSA-N,10041070.0,altrenogest,C[C@]12C=CC3=C4CCC(=O)C=C4CC[C@H]3[C@@H]1CC[C@@]2(O)CC=C
UUVWYPNAQBNQJQ-UHFFFAOYSA-N,2123.0,altretamine,CN(C)c1nc(nc(n1)N(C)C)N(C)C
ZPFXAOWNKLFJDN-UHFFFAOYSA-N,3678.0,alverine,CCN(CCCc1ccccc1)CCCc1ccccc1
KUFRQPKVAWMTJO-UBNVGODQSA-N,59996481.0,alvespimycin,CO[C@H]1C[C@H](C)CC2=C(NCCN(C)C)C(=O)C=C(NC(=O)\C(C)=C\C=C/[C@H](OC)[C@@H](OC(N)=O)\C(C)=C\[C@H](C)[C@H]1O)C2=O
UPNUIXSCZBYVBB-JVFUWBCBSA-N,5488548.0,alvimopan,C[C@H]1CN(C[C@H](Cc2ccccc2)C(=O)NCC(O)=O)CC[C@@]1(C)c1cccc(O)c1
BIIVYFLTOXDAOV-YVEFUNNKSA-N,5287969.0,alvocidib,CN1CC[C@@H]([C@H](O)C1)c1c(O)cc(O)c2c1oc(cc2=O)-c1ccccc1Cl
SZWKGOZKRMMLAJ-UHFFFAOYSA-N,2126.0,AM-580,CC1(C)CCC(C)(C)c2cc(ccc12)C(=O)Nc1ccc(cc1)C(O)=O
LGLVVVCSQBZONM-HCCLCSBVSA-N,25077385.0,ALX-40-4C,CC(=O)N[C@H](CCCNC(N)=N)C(=O)N[C@H](CCCNC(N)=N)C(=O)N[C@H](CCCNC(N)=N)C(=O)N[C@H](CCCNC(N)=N)C(=O)N[C@H](CCCNC(N)=N)C(=O)N[C@H](CCCNC(N)=N)C(=O)N[C@H](CCCNC(N)=N)C(=O)N[C@H](CCCNC(N)=N)C(=O)N[C@H](CCCNC(N)=N)C(N)=O
FDORQEIHOKEJNX-HSZRJFAPSA-N,86306255.0,ALX-5407,CN(CC[C@@H](Oc1ccc(cc1)-c1ccccc1)c1ccc(F)cc1)CC(O)=O
ZUHIXXCLLBMBDW-MRXNPFEDSA-N,23583507.0,AM-1241,CN1CCCC[C@@H]1Cn1cc(C(=O)c2cc(ccc2I)[N+]([O-])=O)c2ccccc12
VAPDZNUFNKUROY-UHFFFAOYSA-N,11862.0,AM-24,Oc1c(I)cc(I)cc1I
BUZAJRPLUGXRAB-UHFFFAOYSA-N,2125.0,AM-251,Cc1c(nn(c1-c1ccc(I)cc1)-c1ccc(Cl)cc1Cl)C(=O)NN1CCCCC1
AJFFBPZYXRNAIC-UHFFFAOYSA-N,4302962.0,AM-281,Cc1c(nn(c1-c1ccc(I)cc1)-c1ccc(Cl)cc1Cl)C(=O)NN1CCOCC1
IJBZOOZRAXHERC-DOFZRALJSA-N,6604822.0,AM-404,CCCCC\C=C/C\C=C/C\C=C/C\C=C/CCCC(=O)Nc1ccc(O)cc1
JHOTYHDSLIUKCJ-UHFFFAOYSA-N,4302963.0,AM-630,COc1ccc(cc1)C(=O)c1c(C)n(CCN2CCOCC2)c2cc(I)ccc12
BQBSHJUQVIWEFM-MRXNPFEDSA-N,6604771.0,AM-92016,CN(CCc1ccc(Cl)c(Cl)c1)C[C@@H](O)COc1ccc(NS(C)(=O)=O)cc1
LNDDRUPAICPXIN-GOSISDBHSA-N,46213949.0,AM095,C[C@@H](OC(=O)Nc1c(C)noc1-c1ccc(cc1)-c1ccc(CC(O)=O)cc1)c1ccccc1
OPXIRFWNLBDKQB-UHFFFAOYSA-N,44158492.0,AM211,CCN(Cc1cc(ccc1-c1cc(CC(O)=O)ccc1OC)C(F)(F)F)C(=O)NCc1ccccc1
VYXWHVDEWWHDLH-LJAQVGFWSA-N,44627267.0,AM679,COc1cnc(nc1)-c1ccc(Cn2c(CC(C)(C)C(O)=O)c(SC(C)(C)C)c3cc(OC[C@@H]4Cc5ccccc5N4C(C)=O)ccc23)cc1
DKNWSYNQZKUICI-UHFFFAOYSA-N,2130.0,amantadine,NC12CC3CC(CC(C3)C1)C2
HQDSAVMTLKVTGJ-UHFFFAOYSA-N,,ambazone,NC(=S)NNc1ccc(cc1)N=NC(N)=N
OMHBPUNFVFNHJK-UHFFFAOYSA-P,2131.0,ambenonium,CC[N+](CC)(CCNC(=O)C(=O)NCC[N+](CC)(CC)Cc1ccccc1Cl)Cc1ccccc1Cl
OUJTZYPIHDYQMC-LJQANCHMSA-N,6918493.0,ambrisentan,COC([C@H](Oc1nc(C)cc(C)n1)C(O)=O)(c1ccccc1)c1ccccc1
JBDGDEWWOUBZPM-XYPYZODXSA-N,,ambroxol,Nc1c(Br)cc(Br)cc1CN[C@H]1CC[C@H](O)CC1
QDWKGEFGLQMDAM-JJIBRWJFSA-N,122412734.0,amcasertib,CCN(CC)CCNC(=O)c1c(C)[nH]c(\C=C2\C(=O)Nc3ccc(cc23)-c2csc(n2)-c2ccccc2)c1C
ILKJAFIWWBXGDU-KNPIAJNZSA-N,40469418.0,amcinonide,CC(=O)OCC(=O)[C@@]12OC3(CCCC3)O[C@@H]1C[C@H]1[C@H]3CCC4=CC(=O)C=C[C@]4(C)[C@@]3(F)[C@@H](O)C[C@]21C
CWJJHESJXJQCJA-UHFFFAOYSA-N,483559.0,AMD-3465,C(NCc1ccccn1)c1ccc(CN2CCCNCCNCCCNCC2)cc1
WVLHHLRVNDMIAR-IBGZPJMESA-N,11256587.0,AMD11070,NCCCCN(Cc1nc2ccccc2[nH]1)[C@H]1CCCc2cccnc12
BWWVAEOLVKTZFQ-ISVUSNJMSA-N,,amdinocillin,CC1(C)S[C@@H]2[C@H](\N=C\N3CCCCCC3)C(=O)N2[C@H]1C(O)=O
HZIWGOAXOBPQGY-UHFFFAOYSA-N,13086.0,ameltolide,Cc1cccc(C)c1NC(=O)c1ccc(N)cc1
MNHNIVNAFBSLLX-UHFFFAOYSA-N,11397521.0,amenamevir,Cc1cccc(C)c1N(CC(=O)Nc1ccc(cc1)-c1ncon1)C(=O)C1CCS(=O)(=O)CC1
FFGSXKJJVBXWCY-UHFFFAOYSA-N,2134.0,ametantrone,OCCNCCNc1ccc(NCCNCCO)c2C(=O)c3ccccc3C(=O)c12
VXROHTDSRBRJLN-UHFFFAOYSA-O,71927.0,amezinium,COc1cc(N)cn[n+]1-c1ccccc1
SOYCMDCMZDHQFP-UHFFFAOYSA-N,2136.0,amfenac,Nc1c(CC(O)=O)cccc1C(=O)c1ccccc1
KVMCEGAWQYTFKC-UHFFFAOYSA-N,54833.0,amflutizole,Nc1c(snc1-c1cccc(c1)C(F)(F)F)C(O)=O
JQNINBDKGLWYMU-PTJFNUENSA-N,,AMG-176,CO[C@H]1\C=C\C[C@H](C)[C@@H](C)S(=O)(=O)NC(=O)c2ccc3OC[C@]4(CCCc5cc(Cl)ccc45)CN(C[C@@H]4CC[C@@H]14)c3c2
HEAIZQNMNCHNFD-UHFFFAOYSA-N,24864821.0,AMG-208,COc1ccc2c(OCc3nnc4ccc(nn34)-c3ccccc3)ccnc2c1
DRLCSJFKKILATL-YWCVFVGNSA-N,58573469.0,AMG-232,CC(C)[C@@H](CS(=O)(=O)C(C)C)N1[C@@H]([C@H](C[C@](C)(CC(O)=O)C1=O)c1cccc(Cl)c1)c1ccc(Cl)cc1
KWRYMZHCQIOOEB-LBPRGKRZSA-N,68947304.0,AMG-319,C[C@H](Nc1ncnc2nc[nH]c12)c1cc2ccc(F)cc2nc1-c1ccccn1
DWHXUGDWKAIASB-CQSZACIVSA-N,44181686.0,AMG-337,COCCOc1cnc2ccn([C@H](C)c3nnc4c(F)cc(cn34)-c3cnn(C)c3)c(=O)c2c1
WQTKNBPCJKRYPA-OAQYLSRUSA-N,24957182.0,AMG-487,CCOc1ccc(cc1)-n1c(nc2ncccc2c1=O)[C@@H](C)N(Cc1cccnc1)C(=O)Cc1ccc(OC(F)(F)F)cc1
WQTKNBPCJKRYPA-OAQYLSRUSA-N,24957182.0,AMG-487-(+/-),CCOc1ccc(cc1)-n1c(nc2ncccc2c1=O)[C@@H](C)N(Cc1cccnc1)C(=O)Cc1ccc(OC(F)(F)F)cc1
NXQKSXLFSAEQCZ-SFHVURJKSA-N,137278711.0,AMG-510,CC(C)c1nccc(C)c1-n1c2nc(c(F)cc2c(nc1=O)N1CCN(C[C@@H]1C)C(=O)C=C)-c1c(O)cccc1F
YUTIXVXZQIQWGY-UHFFFAOYSA-N,16007367.0,AMG-517,CC(=O)Nc1nc2c(Oc3cc(ncn3)-c3ccc(cc3)C(F)(F)F)cccc2s1
RQVKVJIRFKVPBF-VWLOTQADSA-N,11167112.0,AMG-548,Cn1c(NC[C@@H](N)Cc2ccccc2)nc(-c2ccncc2)c(-c2ccc3ccccc3c2)c1=O
ZOPNBMMVVZRSGH-NRFANRHFSA-N,46854655.0,AMG-837,CC#C[C@@H](CC(O)=O)c1ccc(OCc2cccc(c2)-c2ccc(cc2)C(F)(F)F)cc1
PCGISRHGYLRXSR-UHFFFAOYSA-N,67254.0,AMI-1,Oc1cc(cc2cc(NC(=O)Nc3ccc4c(O)cc(cc4c3)S(O)(=O)=O)ccc12)S(O)(=O)=O
BBUVDDPUURMFOX-SAABIXHNSA-N,,AMG-925,C[C@H]1CC[C@@H](CC1)n1c2cnccc2c2cnc(Nc3ccc4CN(CCc4n3)C(=O)CO)nc12
GZTFUVZVLYUPRG-IZZDOVSWSA-N,680502.0,AMG-9810,CC(C)(C)c1ccc(\C=C\C(=O)Nc2ccc3OCCOc3c2)cc1
YPPSMYLMSKHYAY-UHFFFAOYSA-N,86583045.0,AMG-PERK-44,Cc1ccc2cc(ccc2n1)-c1c(C)ccc(C(=O)c2c(-c3ccccc3)n(C)n(-c3ccccc3)c2=O)c1N
KWRYMZHCQIOOEB-GFCCVEGCSA-N,133547162.0,AMG319,C[C@@H](Nc1ncnc2nc[nH]c12)c1cc2ccc(F)cc2nc1-c1ccccn1
GLBZSOQDAOLMGC-UHFFFAOYSA-N,24764449.0,AMG458,COc1ccc2c(Oc3ccc(NC(=O)c4c(C)n(CC(C)(C)O)n(-c5ccccc5)c4=O)nc3)ccnc2c1
IVUGFMLRJOCGAS-UHFFFAOYSA-N,24856041.0,AMG900,Cc1csc(c1)-c1nnc(Nc2ccc(Oc3ncccc3-c3ccnc(N)n3)cc2)c2ccccc12
WTNAEULBGCSUSK-UHFFFAOYSA-N,,baicalein,Oc1cc2oc(cc(O)c2c(=O)c1O)-c1ccccc1
RDJQCOBTKKAQAH-FPOVZHCZSA-N,3035442.0,amibegron,CCOC(=O)COc1ccc2CC[C@@H](Cc2c1)NC[C@H](O)c1cccc(Cl)c1
RMMXTBMQSGEXHJ-UHFFFAOYSA-N,6009.0,amidopyrine,CN(C)c1c(C)n(C)n(-c2ccccc2)c1=O
OYTKINVCDFNREN-UHFFFAOYSA-N,5918.0,amifampridine,Nc1ccncc1N
HFQMYSHATTXRTC-SNVBAGLBSA-N,6336525.0,amiflamine,C[C@@H](N)Cc1ccc(cc1C)N(C)C
JKOQGQFVAUAYPM-UHFFFAOYSA-N,29927142.0,amifostine,NCCCNCCSP(O)(O)=O
LKCWBDHBTVXHDL-RMDFUYIESA-N,37768.0,amikacin,NCC[C@H](O)C(=O)N[C@@H]1C[C@H](N)[C@@H](O[C@H]2O[C@H](CN)[C@@H](O)[C@H](O)[C@H]2O)[C@H](O)[C@H]1O[C@H]1O[C@H](CO)[C@@H](O)[C@H](N)[C@H]1O
XSDQTOBWRPYKKA-UHFFFAOYSA-N,16231.0,amiloride,NC(=N)NC(=O)c1nc(Cl)c(N)nc1N
ONNOFKFOZAJDHT-UHFFFAOYSA-N,38988248.0,amineptine,OC(=O)CCCCCCNC1c2ccccc2CCc2ccccc12
SLXKOJJOQWFEFD-UHFFFAOYSA-N,564.0,aminocaproic-acid,NCCCCCC(O)=O
ROBVIMPUHSLWNV-ZDUSSCGKSA-N,1548995.0,aminoglutethimide,CC[C@]1(CCC(=O)NC1=O)c1ccc(N)cc1
HAMNKKUPIHEESI-UHFFFAOYSA-N,2146.0,aminoguanidine,NN=C(N)N
YQGDEPYYFWUPGO-VKHMYHEASA-N,6971281.0,aminohydroxybutyric-acid,NC[C@@H](O)CC(O)=O
AFFZCQDLQIEQGB-UHFFFAOYSA-N,9964521.0,aminolevulinic-acid-benzyl-ester,NCC(=O)CCC(=O)OCc1ccccc1
BATVOUKHGLKDGQ-BYPYZUCNSA-N,7059445.0,aminomethyltransferase,C[C@H]1CCN=C(N)S1
NARHAGIVSFTMIG-UHFFFAOYSA-N,176163.0,aminopentamide,CC(CC(C(N)=O)(c1ccccc1)c1ccccc1)N(C)C
ZFXYFBGIUFBOJW-UHFFFAOYSA-N,2153.0,aminophylline,Cn1c2nc[nH]c2c(=O)n(C)c1=O
IYIKLHRQXLHMJQ-UHFFFAOYSA-N,2157.0,amiodarone,CCCCc1oc2ccccc2c1C(=O)c1cc(I)c(OCCN(CC)CC)c(I)c1
TVZGACDUOSZQKY-LBPRGKRZSA-N,169371.0,aminopterin,Nc1nc(N)c2nc(CNc3ccc(cc3)C(=O)N[C@@H](CCC(O)=O)C(O)=O)cnc2n1
RAMROQQYRRQPDL-HNNXBMFYSA-N,6604931.0,aminopurvalanol-a,CC(C)[C@H](CO)Nc1nc(Nc2cc(N)cc(Cl)c2)c2ncn(C(C)C)c2n1
WUBBRNOQWQTFEX-UHFFFAOYSA-N,4649.0,aminosalicylate,Nc1ccc(C(O)=O)c(O)c1
QUKGLNCXGVWCJX-UHFFFAOYSA-N,19909.0,aminothiadiazole,Nc1nncs1
RAIPHJJURHTUIC-UHFFFAOYSA-N,2155.0,aminothiazole,Nc1nccs1
YXBQLONCIPUQKO-UJPOAAIJSA-N,121928.0,amiprilose,CN(C)CCCO[C@H]1[C@H](O[C@@H]2OC(C)(C)O[C@H]12)[C@H](O)CO
JVCPIJKPAKAIIP-UHFFFAOYSA-N,16129483.0,amiselimod,CCCCCCCOc1ccc(CCC(N)(CO)CO)cc1C(F)(F)F
NTJOBXMMWNYJFB-GFCCVEGCSA-N,5746246.0,amisulpride,CCN1CCC[C@@H]1CNC(=O)c1cc(c(N)cc1OC)S(=O)(=O)CC
BSMNRYCSBFHEMQ-KCJUWKMLSA-N,11658655.0,amitifadine,Clc1ccc(cc1Cl)[C@@]12C[C@@H]1CNC2
QXAITBQSYVNQDR-ZIOPAAQOSA-N,,amitraz,CN(\C=N\c1ccc(C)cc1C)\C=N\c1ccc(C)cc1C
KRMDCWKBEZIMAB-UHFFFAOYSA-N,2160.0,amitriptyline,CN(C)CCC=C1c2ccccc2CCc2ccccc12
SGRYPYWGNKJSDL-UHFFFAOYSA-N,2161.0,amlexanox,CC(C)c1ccc2oc3nc(N)c(cc3c(=O)c2c1)C(O)=O
HTIQEAQVCYTUBX-QGZVFWFLSA-N,9801597.0,amlodipine,CCOC(=O)C1=C(COCCN)NC(C)=C([C@H]1c1ccccc1Cl)C(=O)OC
LPLVUJXQOOQHMX-QWBHMCJMSA-N,14982.0,ammonium-glycyrrhizinate,CC1(C)[C@H](CC[C@@]2(C)[C@H]1CC[C@]1(C)[C@@H]2C(=O)C=C2[C@@H]3C[C@](C)(CC[C@]3(C)CC[C@@]12C)C(O)=O)O[C@H]1O[C@@H]([C@@H](O)[C@H](O)[C@H]1O[C@@H]1O[C@@H]([C@@H](O)[C@H](O)[C@H]1O)C(O)=O)C(O)=O
RZOBLYBZQXQGFY-HSHFZTNMSA-N,10313098.0,ammonium-lactate,N.C[C@@H](O)C(O)=O
SNGREZUHAYWORS-UHFFFAOYSA-N,9554.0,ammonium-perfluorocaprylate,OC(=O)C(F)(F)C(F)(F)C(F)(F)C(F)(F)C(F)(F)C(F)(F)C(F)(F)F
DTZDSNQYNPNCPK-UHFFFAOYSA-N,1894361.0,AMN-082,C(CNC(c1ccccc1)c1ccccc1)NC(c1ccccc1)c1ccccc1
OVCDSSHSILBFBN-UHFFFAOYSA-N,3647519.0,amodiaquine,CCN(CC)Cc1cc(Nc2ccnc3cc(Cl)ccc23)ccc1O
UPALIKSFLSVKIS-UHFFFAOYSA-N,50515.0,amonafide,CN(C)CCN1C(=O)c2cccc3cc(N)cc(C1=O)c23
MQHLMHIZUIDKOO-KURKYZTESA-N,25790581.0,amorolfine,CCC(C)(C)c1ccc(C[C@@H](C)CN2C[C@H](C)O[C@H](C)C2)cc1
QWGDMFLQWFTERH-UHFFFAOYSA-N,2170.0,amoxapine,Clc1ccc2Oc3ccccc3N=C(N3CCNCC3)c2c1
LSQZJLSUYDQPKJ-NJBDSQKTSA-N,40467057.0,amoxicillin,CC1(C)S[C@@H]2[C@H](NC(=O)[C@H](N)c3ccc(O)cc3)C(=O)N2[C@H]1C(O)=O
UUDAMDVQRQNNHZ-RXMQYKEDSA-N,7059442.0,AMPA-(RS),Cc1o[nH]c(=O)c1C[C@@H](N)C(O)=O
UUDAMDVQRQNNHZ-YFKPBYRVSA-N,7000183.0,AMPA-(S),Cc1o[nH]c(=O)c1C[C@H](N)C(O)=O
ANDGGVOPIJEHOF-UHFFFAOYSA-N,148184.0,ampalex,O=C(N1CCCCC1)c1ccc2nccnc2c1
NNAIYOXJNVGUOM-UHFFFAOYSA-N,73333.0,amperozide,CCNC(=O)N1CCN(CCCC(c2ccc(F)cc2)c2ccc(F)cc2)CC1
APKFDSVGJQXUKY-ZNVUZQDLSA-N,91827561.0,amphotericin-b,C[C@H]1O[C@@H](O[C@@H]2C[C@@H]3O[C@@](O)(C[C@H](O)[C@H]3C(O)=O)C[C@@H](O)C[C@@H](O)[C@H](O)CC[C@@H](O)C[C@@H](O)CC(=O)O[C@@H](C)[C@H](C)[C@H](O)[C@@H](C)\C=C\C=C\C=C\C=C\C=C\C=C\C=C\2)[C@@H](O)[C@@H](N)[C@@H]1O
AVKUERGKIZMTKX-NJBDSQKTSA-N,7048611.0,ampicillin,CC1(C)S[C@@H]2[C@H](NC(=O)[C@H](N)c3ccccc3)C(=O)N2[C@H]1C(O)=O
LSNWBKACGXCGAJ-ZDUSSCGKSA-N,25273583.0,ampiroxicam,CCOC(=O)O[C@@H](C)OC1=C(N(C)S(=O)(=O)c2ccccc12)C(=O)Nc1ccccn1
YMARZQAQMVYCKC-OEMFJLHTSA-N,65016.0,amprenavir,CC(C)CN(C[C@@H](O)[C@H](Cc1ccccc1)NC(=O)O[C@H]1CCOC1)S(=O)(=O)c1ccc(N)cc1
IPZFPROOBOUEIG-UHFFFAOYSA-N,2178.0,amprolium,CCCc1ncc(C[n+]2ccccc2C)c(N)n1
RLFWWDJHLFCNIJ-UHFFFAOYSA-N,2151.0,ampyrone,Cc1c(N)c(=O)n(-c2ccccc2)n1C
RNLQIBCLLYYYFJ-UHFFFAOYSA-N,3698.0,amrinone,Nc1cc(c[nH]c1=O)-c1ccncc1
VJZITPJGSQKZMX-XDPRQOKASA-N,3035016.0,amrubicin,CC(=O)[C@@]1(N)C[C@H](O[C@H]2C[C@H](O)[C@H](O)CO2)c2c(O)c3C(=O)c4ccccc4C(=O)c3c(O)c2C1
XCPGHVQEEXUHNC-UHFFFAOYSA-N,2179.0,amsacrine,COc1cc(NS(C)(=O)=O)ccc1Nc1c2ccccc2nc2ccccc12
LHVRFUVVRXGZPV-UHFFFAOYSA-N,126688.0,amthamine,Cc1nc(N)sc1CCN
CWJNMKKMGIAGDK-UHFFFAOYSA-N,65655.0,amtolmetin-guacil,COc1ccccc1OC(=O)CNC(=O)Cc1ccc(C(=O)c2ccc(C)cc2)n1C
FOFDIMHVKGYHRU-UHFFFAOYSA-N,11282283.0,amuvatinib,S=C(NCc1ccc2OCOc2c1)N1CCN(CC1)c1ncnc2c3ccccc3oc12
XUCIJNAGGSZNQT-JHSLDZJXSA-N,656516.0,amygdalin,OC[C@H]1O[C@@H](OC[C@H]2O[C@@H](O[C@@H](C#N)c3ccccc3)[C@H](O)[C@@H](O)[C@@H]2O)[C@H](O)[C@@H](O)[C@@H]1O
GVGUCRAJNQYOSE-UHFFFAOYSA-N,129010055.0,amyl-nitrite,CCCCCO[NH2+][O-]
FDMBBCOBEAVDAO-AWEZNQCLSA-N,66584276.0,amyleine,CC[C@@](C)(CN(C)C)OC(=O)c1ccccc1
MSXVEPNJUHWQHW-UHFFFAOYSA-N,6405.0,amylene-hydrate,CCC(C)(C)O
GUCUORSUHTZMBW-YBFXNURJSA-N,44607965.0,AMZ30,[O-][N+](=O)c1cccc(c1)S(=O)(=O)n1cccc1\C=C(/C#N)S(=O)(=O)c1ccc(F)cc1
HMAFTPZYFJFEHK-UHFFFAOYSA-N,11845944.0,AN2718,OB1OCc2cc(Cl)ccc12
TUSCYCAIGRVBMD-KRWDZBQOSA-N,6977265.0,ANA-12,O=C(Nc1ccccc1C(=O)N[C@H]1CCCCNC1=O)c1cc2ccccc2s1
MTXSIJUGVMTTMU-SNVBAGLBSA-N,641266.0,anabasine,C1CC[C@@H](NC1)c1cccnc1
MZZLGJHLQGUVPN-HAWMADMCSA-N,11556427.0,anacetrapib,COc1cc(F)c(cc1-c1ccc(cc1CN1[C@@H](C)[C@H](OC1=O)c1cc(cc(c1)C(F)(F)F)C(F)(F)F)C(F)(F)F)C(C)C
LDXYBEHACFJIEL-HNNXBMFYSA-N,44513473.0,anagliptin,Cc1cc2ncc(cn2n1)C(=O)NCC(C)(C)NCC(=O)N1CCC[C@H]1C#N
OTBXOEAOVRKTNQ-UHFFFAOYSA-N,135409400.0,anagrelide,Clc1ccc2N=C3NC(=O)CN3Cc2c1Cl
VQPFSIRUEPQQPP-MXBOTTGLSA-N,9828911.0,anamorelin,CN(C)N(C)C(=O)[C@@]1(Cc2ccccc2)CCCN(C1)C(=O)[C@@H](Cc1c[nH]c2ccccc12)NC(=O)C(C)(C)N
LGEQQWMQCRIYKG-DOFZRALJSA-N,5281969.0,anandamide,CCCCC\C=C/C\C=C/C\C=C/C\C=C/CCCC(=O)NCCO
YBBLVLTVTVSKRW-UHFFFAOYSA-N,2187.0,anastrozole,CC(C)(C#N)c1cc(Cn2cncn2)cc(c1)C(C)(C)C#N
YVXVTLGIDOACBJ-SFHVURJKSA-N,9824562.0,andarine,CC(=O)Nc1ccc(OC[C@](C)(O)C(=O)Nc2ccc(c(c2)C(F)(F)F)[N+]([O-])=O)cc1
BOJKULTULYSRAS-OTESTREVSA-N,5318517.0,andrographolide,C[C@@]1(CO)[C@H](O)CC[C@@]2(C)[C@H](C\C=C3/[C@H](O)COC3=O)C(=C)CC[C@H]12
HFVMLYAGWXSTQI-UGRKVPRCSA-N,,androstenone,C[C@@]12CC[C@H]3[C@@H](CC[C@H]4CC(=O)CC[C@@]34C)[C@@H]1CC=C2
QGXBDMJGAMFCBF-HLUDHZFRSA-N,5879.0,androsterone,C[C@]12CC[C@H]3[C@@H](CC[C@H]4C[C@H](O)CC[C@]34C)[C@@H]1CCC2=O
YUWPMEXLKGOSBF-GACAOOTBSA-N,111332.0,anecortave-acetate,CC(=O)OCC(=O)[C@@]1(O)CC[C@H]2[C@@H]3CCC4=CC(=O)CC[C@]4(C)C3=CC[C@]12C
KYLIZBIRMBGUOP-UHFFFAOYSA-N,2194.0,anethole-trithione,COc1ccc(cc1)-c1cc(=S)ss1
AUGQEEXBDZWUJY-ZLJUKNTDSA-N,91518.0,anguidine,CC(=O)OC[C@]12CCC(C)=C[C@H]1O[C@@H]1[C@H](O)[C@@H](OC(C)=O)[C@@]2(C)[C@@]11CO1
JHVAMHSQVVQIOT-MFAJLEFUSA-N,166548.0,anidulafungin,CCCCCOc1ccc(cc1)-c1ccc(cc1)-c1ccc(cc1)C(=O)N[C@H]1C[C@@H](O)[C@@H](O)NC(=O)[C@@H]2[C@@H](O)[C@@H](C)CN2C(=O)[C@@H](NC(=O)[C@@H](NC(=O)[C@@H]2C[C@@H](O)CN2C(=O)[C@@H](NC1=O)[C@@H](C)O)[C@H](O)[C@@H](O)c1ccc(O)cc1)[C@@H](C)O
ZXNRTKGTQJPIJK-UHFFFAOYSA-N,2196.0,aniracetam,COc1ccc(cc1)C(=O)N1CCCC1=O
XRCFXMGQEVUZFC-UHFFFAOYSA-N,2197.0,anisindione,COc1ccc(cc1)C1C(=O)c2ccccc2C1=O
WTQYWNWRJNXDEG-JKJDWNRSSA-N,,anisodamine,CN1[C@H]2C[C@H](O)[C@H]1C[C@H](C2)OC(=O)[C@H](CO)c1ccccc1
YKJYKKNCCRKFSL-RDBSUJKOSA-N,253602.0,anisomycin,COc1ccc(C[C@H]2NC[C@H](O)[C@H]2OC(C)=O)cc1
XGGHHHBGPSNXFE-ZSHCYNCHSA-N,,anisotropine,CCCC(CCC)C(=O)O[C@@H]1C[C@@H]2CC[C@H](C1)[N+]2(C)C
KSMZEXLVHXZPEF-UHFFFAOYSA-N,25017411.0,anlotinib,COc1cc2c(Oc3ccc4[nH]c(C)cc4c3F)ccnc2cc1OCC1(N)CC1
GGALEXMXDMUMDM-UHFFFAOYSA-N,65854.0,anpirtoline,Clc1cccc(SC2CCNCC2)n1
QUGDTMONBLMLLD-UHFFFAOYSA-N,11805896.0,ANR-94,CCOc1nc2c(N)ncnc2n1CC
OPQNCARIZFLNLF-HSBZPDDFSA-N,131857169.0,ansamitocin-p-3,[H][C@@]12O[C@@]1(C)[C@H](CC(=O)N(C)c1cc(C\C(C)=C\C=C\[C@@H](OC)[C@@]3(O)C[C@]([H])(OC(=O)N3)[C@H]2C)cc(OC)c1Cl)OC(=O)C(C)C
CUCSSYAUKKIDJV-FAXBSAIASA-N,163960.0,antagonist-g,CSCC[C@H](NC(=O)[C@H](CC(C)C)NC(=O)[C@@H](Cc1c[nH]c2ccccc12)NC(=O)[C@H](Cc1ccccc1)N(C)C(=O)[C@@H](Cc1c[nH]c2ccccc12)NC(=O)[C@@H](N)CCCNC(N)=N)C(N)=O
IXPROWGEHNVJOY-UHFFFAOYSA-N,177990.0,antalarmin,CCCCN(CC)c1nc(C)nc2n(c(C)c(C)c12)-c1c(C)cc(C)cc1C
REYFJDPCWQRWAA-UHFFFAOYSA-N,2200.0,antazoline,C(N(Cc1ccccc1)c1ccccc1)C1=NCCN1
NUZWLKWWNNJHPT-UHFFFAOYSA-N,2202.0,anthralin,Oc1cccc2Cc3cccc(O)c3C(=O)c12
RZVHIXYEVGDQDX-UHFFFAOYSA-N,6780.0,anthraquinone,O=C1c2ccccc2C(=O)c2ccccc12
ZCIXFSVENQDMCK-SOMOIXMJSA-J,,antimony-potassium,[H][C@]12O[SbH]3(OC1=O)OC(=O)[C@]([H])(O3)[C@@]1([H])O[SbH]3(OC(=O)[C@]2([H])O3)OC1=O
ZCIXFSVENQDMCK-UHFFFAOYSA-J,,antimonyl,O=C1O[SbH]23OC1C1O[SbH]4(OC(C(O2)C(=O)O3)C(=O)O4)OC1=O
UIFFUZWRFRDZJC-SBOOETFBSA-N,14957.0,antimycin-A,CCCCCC[C@@H]1[C@@H](OC(=O)CC(C)C)[C@H](C)OC(=O)[C@@H](NC(=O)c2cccc(NC=O)c2O)[C@@H](C)OC1=O
RECUKUPTGUEGMW-UHFFFAOYSA-N,10364.0,antioxine,CC(C)c1ccc(C)c(O)c1
MHTJEUOFLVQMCL-NJHPPEEMSA-N,9584673.0,AP-18,C\C(=C/c1ccc(Cl)cc1)\C(\C)=N\O
GQLCLPLEEOUJQC-ZTQDTCGGSA-N,16135625.0,AP1903,CC[C@H](C(=O)N1CCCC[C@H]1C(=O)O[C@H](CCc1ccc(OC)c(OC)c1)c1cccc(OCC(=O)NCCNC(=O)COc2cccc(c2)[C@@H](CCc2ccc(OC)c(OC)c2)OC(=O)[C@@H]2CCCCN2C(=O)[C@@H](CC)c2cc(OC)c(OC)c(OC)c2)c1)c1cc(OC)c(OC)c(OC)c1
OVDSPTSBIQCAIN-UHFFFAOYSA-N,57390074.0,AP26113,COc1cc(ccc1Nc1ncc(Cl)c(Nc2ccccc2P(C)(C)=O)n1)N1CCC(CC1)N(C)C
NETXMUIMUZJUTB-UHFFFAOYSA-N,135564749.0,apabetalone,COc1cc(OC)c2c(c1)[nH]c(nc2=O)-c1cc(C)c(OCCO)c(C)c1
JGPJQFOROWSRRS-UHFFFAOYSA-N,65889.0,apafant,Cc1nnc2CN=C(c3cc(CCC(=O)N4CCOCC4)sc3-n12)c1ccccc1Cl
HJBWBFZLDZWPHF-UHFFFAOYSA-N,24872560.0,apalutamide,CNC(=O)c1ccc(cc1F)N1C(=S)N(C(=O)C11CCC1)c1cnc(C#N)c(c1)C(F)(F)F
AZNHWXAFPBYFGH-UHFFFAOYSA-N,24744336.0,apararenone,CC1(C)Oc2cc(NS(C)(=O)=O)ccc2N(C1=O)c1ccc(F)cc1
WPEWQEMJFLWMLV-UHFFFAOYSA-N,11315474.0,apatinib,O=C(Nc1ccc(cc1)C1(CCCC1)C#N)c1cccnc1NCc1ccncc1
SEBPXHSZHLFWRL-UHFFFAOYSA-N,99479.0,APC-100,Cc1c(C)c2OC(C)(C)CCc2c(C)c1O
CAMGZGMEPKFVMF-UHFFFAOYSA-N,24786010.0,APcK-110,COc1cc(OC)cc(c1)-c1ccc2c([nH]nc2n1)-c1ccc(F)cc1
WPDCHTSXOPUOII-UHFFFAOYSA-N,11691484.0,APD597,COc1c(Nc2ccc(nc2C)S(C)(=O)=O)ncnc1OC1CCN(CC1)C(=O)OC(C)C
XTRUQJBVQBUKSQ-UHFFFAOYSA-N,11705608.0,APD668,CC(C)OC(=O)N1CCC(CC1)Oc1ncnc2n(ncc12)-c1ccc(cc1F)S(C)(=O)=O
NOFOAYPPHIUXJR-APNQCZIXSA-N,457964.0,aphidicolin,C[C@@]1(CO)[C@H](O)CC[C@@]2(C)[C@H]1CC[C@H]1C[C@@H]3C[C@]21CC[C@]3(O)CO
DGPGXHRHNRYVDH-UHFFFAOYSA-N,44247568.0,API-001,Cc1cc(OCCN2CCOCC2)nn1-c1ccc2ccccc2c1
SPBWHPXCWJLQRU-FITJORAGSA-N,24773090.0,API-1,NC(=O)c1cn([C@@H]2O[C@H](CO)[C@@H](O)[C@H]2O)c2ncnc(N)c2c1=O
KZNIFHPLKGYRTM-UHFFFAOYSA-N,5280443.0,apigenin,Oc1ccc(cc1)-c1cc(=O)c2c(O)cc(O)cc2o1
QNZCBYKSOIHPEH-UHFFFAOYSA-N,10182969.0,apixaban,COc1ccc(cc1)-n1nc(C(N)=O)c2CCN(C(=O)c12)c1ccc(cc1)N1CCCCC1=O
DFYRUELUNQRZTB-UHFFFAOYSA-N,2214.0,apocynin,COc1cc(ccc1O)C(C)=O
KGRJPLRFGLMQMV-UHFFFAOYSA-N,1901244.0,apoptosis-activator-II,Clc1ccc(CN2C(=O)C(=O)c3ccccc23)cc1Cl
BGBNULCRKBVAKL-SNVBAGLBSA-N,76965201.0,04/01/46,COC[C@@]1(CO)N2CCC(CC2)C1=O
IEJXVRYNEISIKR-UHFFFAOYSA-N,2216.0,apraclonidine,Nc1cc(Cl)c(NC2=NCCN2)c(Cl)c1
XZNUGFQTQHRASN-XQENGBIVSA-N,3081545.0,apramycin,CN[C@H]1[C@@H](O)[C@H]2O[C@H](O[C@@H]3[C@@H](N)C[C@@H](N)[C@H](O)[C@H]3O)[C@H](N)C[C@@H]2O[C@@H]1O[C@H]1O[C@H](CO)[C@@H](N)[C@H](O)[C@H]1O
MAVDNGWEBZTACC-HNNXBMFYSA-N,11452716.0,apratastat,CC1(C)SCCN([C@H]1C(=O)NO)S(=O)(=O)c1ccc(OCC#CCO)cc1
IMOZEMNVLZVGJZ-QGZVFWFLSA-N,11561674.0,apremilast,CCOc1cc(ccc1OC)[C@@H](CS(C)(=O)=O)N1C(=O)c2cccc(NC(C)=O)c2C1=O
ATALOFNDEOCMKK-OITMNORJSA-N,135413536.0,aprepitant,C[C@@H](O[C@H]1OCCN(Cc2n[nH]c(=O)[nH]2)[C@H]1c1ccc(F)cc1)c1cc(cc(c1)C(F)(F)F)C(F)(F)F
RYMCFYKJDVMSIR-RNFRBKRXSA-N,455041.0,apricitabine,Nc1ccn([C@H]2CO[C@@H](CO)S2)c(=O)n1
NZLBHDRPUJLHCE-UHFFFAOYSA-N,2218.0,aprindine,CCN(CC)CCCN(C1Cc2ccccc2C1)c1ccccc1
KSUUMAWCGDNLFK-ZETCQYMHSA-N,76961142.0,apronal,CC(C)[C@H](CC=C)C(=O)NC(N)=O
BFNCJMURTMZBTE-UHFFFAOYSA-N,60840.0,aptiganel,CCc1cccc(c1)N(C)C(=N)Nc1cccc2ccccc12
NIRXBXIPHUTNNI-UHFFFAOYSA-N,11960271.0,APTO-253,Cc1[nH]c2ccc(F)cc2c1-c1nc2c([nH]1)c1cccnc1c1ncccc21
WJNBSTLIALIIEW-UHFFFAOYSA-N,42627755.0,APY-29,C1CC1c1cc(Nc2ccnc(Nc3ccc4nc[nH]c4c3)n2)[nH]n1
RFZQYGBLRIKROZ-PCLIKHOPSA-N,56927660.0,APY0201,Cc1cccc(\C=N\Nc2cc(N3CCOCC3)n3nc(cc3n2)-c2ccncc2)c1
KWUFTKVMXUYTBF-UHFFFAOYSA-N,50204.0,apyramide,COc1ccc2n(C(=O)c3ccc(Cl)cc3)c(C)c(CC(=O)Oc3ccc(NC(C)=O)cc3)c2c1
NCPLTAGJJVCHOW-UHFFFAOYSA-N,3805581.0,AQ-13,CCN(CC)CCCNc1ccnc2cc(Cl)ccc12
BCUGCHZRMKTPMU-UHFFFAOYSA-N,129989.0,AQ-RA741,CCN(CC)CCCCC1CCN(CC(=O)N2c3ccccc3C(=O)Nc3cccnc23)CC1
NPDLTEZXGWRMLQ-IBGZPJMESA-N,50914822.0,AQW-051,Cc1ccc(cc1)-c1ccc(O[C@H]2CN3CCC2CC3)cn1
YULUCECVQOCQFQ-UHFFFAOYSA-N,10027278.0,AR-12,NCC(=O)Nc1ccc(cc1)-n1nc(cc1-c1ccc2c(ccc3ccccc23)c1)C(F)(F)F
LAMIXXKAWNLXOC-INIZCTEOSA-N,6918848.0,AR-42,CC(C)[C@H](C(=O)Nc1ccc(cc1)C(=O)NO)c1ccccc1
YAEMHJKFIIIULI-UHFFFAOYSA-N,448014.0,AR-A014418,COc1ccc(CNC(=O)Nc2ncc(s2)[N+]([O-])=O)cc1
ISIVOJWVBJIOFM-ZDUSSCGKSA-N,10226546.0,AR-C155858,CC(C)Cn1c2sc(Cc3c(C)n[nH]c3C)c(C(=O)N3C[C@H](O)CO3)c2c(=O)n(C)c1=O
YZXBAPSDXZZRGB-DOFZRALJSA-N,444899.0,arachidonic-acid,CCCCC\C=C/C\C=C/C\C=C/C\C=C/CCCC(O)=O
SHKXZIQNFMOPBS-OOMQYRRCSA-N,18738120.0,aramchol,CCCCCCCCCCCCCCCCCCCC(=O)N[C@H]1CC[C@@]2(C)[C@H](C[C@@H](O)[C@H]3[C@@H]4CC[C@H]([C@H](C)CCC(O)=O)[C@@]4(C)[C@@H](O)C[C@H]23)C1
KCFYEAOKVJSACF-UHFFFAOYSA-N,28446253.0,arbidol,CCOC(=O)c1c(CSc2ccccc2)n(C)c2cc(Br)c(O)c(CN(C)C)c12
BJRNKVDFDLYUGJ-RMPHRYRLSA-N,440936.0,arbutin,OC[C@H]1O[C@@H](Oc2ccc(O)cc2)[C@H](O)[C@@H](O)[C@@H]1O
JFNKXGOEOQCXDM-UHFFFAOYSA-N,609483.0,ARC-239,COc1ccccc1N1CCN(CCN2C(=O)c3ccccc3C(C)(C)C2=O)CC1
NQWVSMVXKMHKTF-JKSUJKDBSA-N,64981.0,arctigenin,COc1ccc(C[C@H]2COC(=O)[C@@H]2Cc2ccc(O)c(OC)c2)cc1OC
KAJXOWFGKYKMMZ-UHFFFAOYSA-N,5327723.0,arcyriaflavin-a,O=C1NC(=O)c2c1c1c3ccccc3[nH]c1c1[nH]c3ccccc3c21
HXSDFQWQRCUQHF-IDOMHHBZSA-N,100942142.0,ardeparin,CO[C@H]1O[C@H](COS(O)(=O)=O)[C@@H](O[C@@H]2O[C@H]([C@@H](OC)[C@H](O)[C@H]2OS(O)(=O)=O)C(O)=O)[C@H](O)[C@H]1NS(O)(=O)=O
LBFWTPRSXIRKMZ-UHFFFAOYSA-N,4214594.0,arecaidine-but-2-ynyl-ester,CC#CCOC(=O)C1=CCCN(C)C1
SPHRJZBOFYIKMC-UHFFFAOYSA-N,2229.0,arecaidine-propargyl-ester,CN1CCC=C(C1)C(=O)OCC#C
HJJPJSXJAXAIPN-UHFFFAOYSA-N,2230.0,arecoline,COC(=O)C1=CCCN(C)C1
KXNPVXPOPUZYGB-XYVMCAHJSA-N,152951.0,argatroban,C[C@@H]1CCN([C@H](C1)C(O)=O)C(=O)[C@H](CCCNC(N)=N)NS(=O)(=O)c1cccc2C[C@@H](C)CNc12
RJZNPROJTJSYLC-LLINQDLYSA-N,11228338.0,argireline,CSCC[C@H](NC(=O)[C@H](CCC(O)=O)NC(=O)[C@H](CCC(O)=O)NC(C)=O)C(=O)N[C@@H](CCC(N)=O)C(=O)N[C@@H](CCCNC(N)=N)C(=O)N[C@@H](CCCNC(N)=N)C(N)=O
UVJYAKBJSGRTHA-CUZKYEQNSA-N,5574924.0,arglabin,CC1=CC[C@]23O[C@@]2(C)CC[C@@H]2[C@H](OC(=O)C2=C)[C@@H]13
CEUORZQYGODEFX-UHFFFAOYSA-N,60795.0,aripiprazole,Clc1cccc(N2CCN(CCCCOc3ccc4CCC(=O)Nc4c3)CC2)c1Cl
DDINXHAORAAYAD-UHFFFAOYSA-N,49831411.0,aripiprazole-lauroxil,CCCCCCCCCCCC(=O)OCN1C(=O)CCc2ccc(OCCCCN3CCN(CC3)c3cccc(Cl)c3Cl)cc12
GVTLDPJNRVMCAL-UHFFFAOYSA-N,166553.0,arofylline,CCCn1c(=O)n(-c2ccc(Cl)cc2)c2nc[nH]c2c1=O
BHIAIPWSVYSKJS-SECBINFHSA-N,12797283.0,arotinolol,CC(C)(C)NC[C@@H](O)CSc1nc(cs1)-c1ccc(s1)C(N)=O
HNFMVVHMKGFCMB-UHFFFAOYSA-N,53262401.0,ARQ-092,Nc1ncccc1-c1nc2ccc(nc2n1-c1ccc(cc1)C1(N)CCC1)-c1ccccc1
UPJSUQWHUVLLNW-XMMPIXPASA-N,25110841.0,ARQ-621,NCCCN([C@H](CC#C)c1nc2cc(Cl)ccc2c(=O)n1Nc1ccccc1)C(=O)c1cccc(Cl)c1F
UWXSAYUXVSFDBQ-CYBMUJFWSA-N,42642648.0,ARRY-334543,C[C@@H]1COC(Nc2ccc3ncnc(Nc4ccc(OCc5nccs5)c(Cl)c4)c3c2)=N1
XKNKHVGWJDPIRJ-UHFFFAOYSA-N,7389.0,arsanilic-acid,Nc1ccc(cc1)[As](O)(O)=O
IKWTVSLWAPBBKU-UHFFFAOYSA-N,261004.0,arsenic-trioxide,O=[As]O[As]=O
SXYIRMFQILZOAM-HVNFFKDJSA-N,68911.0,artemether,CO[C@H]1O[C@@H]2O[C@@]3(C)CC[C@H]4[C@H](C)CC[C@@H]([C@H]1C)[C@@]24OO3
BLUAFEHZUWYNDE-NNWCWBAJSA-N,68827.0,artemisinin,C[C@@H]1CC[C@H]2[C@@H](C)C(=O)O[C@@H]3O[C@@]4(C)CC[C@@H]1[C@@]23OO4
NLYNIRQVMRLPIQ-XQLAAWPRSA-N,3000469.0,artemotil,CCO[C@H]1O[C@@H]2O[C@@]3(C)CC[C@H]4[C@H](C)CC[C@@H]([C@H]1C)[C@@]24OO3
FIHJKUPKCHIPAT-AHIGJZGOSA-N,6917864.0,artesunate,C[C@@H]1CC[C@H]2[C@@H](C)[C@H](OC(=O)CCC(O)=O)O[C@@H]3O[C@@]4(C)CC[C@@H]1[C@@]23OO4
QTGIAADRBBLJGA-VIFPVBQESA-N,6604377.0,articaine,CCCN[C@@H](C)C(=O)Nc1c(C)csc1C(=O)OC
YCYMCMYLORLIJX-SNVBAGLBSA-N,208925.0,arundic-acid,CCCCCC[C@@H](CCC)C(O)=O
RWLOGRLTDKDANT-ZPGRZCPFSA-N,124870683.0,ARV-825,Cc1sc-2c(c1C)C(=N[C@@H](CC(=O)Nc1ccc(OCCOCCOCCOCCNc3cccc4C(=O)N([C@H]5CCC(=O)NC5=O)C(=O)c34)cc1)c1nnc(C)n-21)c1ccc(Cl)cc1
DUKPGOOUJNUIOI-UHFFFAOYSA-N,5332859.0,AS-1269574,Cc1cc(NCCO)nc(n1)-c1ccc(Br)cc1
WDTFYYZHMRBVHK-LJQANCHMSA-N,46911016.0,AS-1892802,OC[C@@H](NC(=O)Nc1ccc(cc1)-c1ccncc1)c1ccccc1
RFZPGNRLOKVZJY-AWEZNQCLSA-N,44473434.0,AS-1949490,C[C@H](NC(=O)c1sccc1OCc1ccc(Cl)cc1)c1ccccc1
VENOXIKBBUVHRY-UHFFFAOYSA-N,24808572.0,AS-2034178,OC(=O)CCc1ccc(NCc2cccc3N(CCOc4ccccc4)CCCc23)cc1F
JANBIXNDYNRYQP-UHFFFAOYSA-N,52913874.0,AS-2444697,Cc1cc(ccn1)-c1nc(co1)C(=O)Nc1cn(nc1C(N)=O)C1CCOCC1
OYYVWNDMOQPMGE-SDQBBNPISA-N,11630874.0,AS-252424,Oc1cc(F)ccc1-c1ccc(\C=C2/SC(=O)NC2=O)o1
SRLVNYDXMUGOFI-YWEYNIOJSA-N,5287855.0,AS-604850,FC1(F)Oc2ccc(\C=C3/SC(=O)NC3=O)cc2O1
VIUAUNHCRHHYNE-JTQLQIEISA-N,44187362.0,AS-703026,OC[C@@H](O)CNC(=O)c1ccncc1Nc1ccc(I)cc1F
KINMYBBFQRSVLL-UHFFFAOYSA-N,11302540.0,AS-77,O=c1ccc2c(OCCCCOc3ccccc3)c3ccoc3cc2o1
XGOYIMQSIKSOBS-UHFFFAOYSA-N,123964.0,ASA-404,Cc1ccc2c(oc3c(CC(O)=O)cccc3c2=O)c1C
ZMZNWNTZRWXTJU-UHFFFAOYSA-N,59232326.0,asapiprant,CC(C)Oc1ccc(cc1)S(=O)(=O)N1CCN(CC1)c1ccc(-c2ncco2)c(OCC(O)=O)c1
IAJBQAYHSQIQRE-UHFFFAOYSA-N,20525.0,asaraldehyde,COc1cc(OC)c(C=O)cc1OC
ZMGUKFHHNQMKJI-URFDALOKSA-N,74891315.0,ASC-J9,COc1ccc(\C=C\C(O)=CC(=O)\C=C\c2ccc(OC)c(OC)c2)cc1OC
VOVZXURTCKPRDQ-CQSZACIVSA-N,72165228.0,asciminib,O[C@@H]1CCN(C1)c1ncc(cc1-c1cc[nH]n1)C(=O)Nc1ccc(OC(F)(F)Cl)cc1
ZDQSOHOQTUFQEM-MONOPTSESA-N,134129697.0,ascomycin,CC[C@@H]1\C=C(C)\C[C@H](C)C[C@H](OC)[C@H]2O[C@](O)([C@H](C)C[C@@H]2OC)C(=O)C(=O)N2CCCC[C@H]2C(=O)O[C@@H]([C@H](C)[C@@H](O)CC1=O)C(\C)=C\[C@@H]1CC[C@@H](O)[C@@H](C1)OC
KRGQEOSDQHTZMX-TXQLHFEISA-N,,ascorbic-acid,OC[C@H](O)[C@H]1OC(=O)C(=O)[C@@H]1O
VSWBSWWIRNCQIJ-HUUCEWRRSA-N,163091.0,asenapine,[H][C@]12CN(C)C[C@]1([H])c1cc(Cl)ccc1Oc1ccccc21
JXSVIVRDWWRQRT-UYDOISQJSA-N,119034.0,asiatic-acid,C[C@@H]1CC[C@@]2(CC[C@]3(C)C(=CC[C@@H]4[C@@]5(C)C[C@@H](O)[C@H](O)[C@@](C)(CO)[C@@H]5CC[C@@]34C)[C@@H]2[C@H]1C)C(O)=O
JHLHNYVMZCADTC-LOSJGSFVSA-N,179340.0,asimadoline,CN([C@H](CN1CC[C@H](O)C1)c1ccccc1)C(=O)C(c1ccccc1)c1ccccc1
UKGJZDSUJSPAJL-YPUOHESYSA-N,56649347.0,asivatrep,CCCc1nc(ccc1\C=C\C(=O)N[C@H](C)c1cc(F)c(NS(C)(=O)=O)c(F)c1)C(F)(F)F
FQGLDGKVKDPVLO-UHFFFAOYSA-N,9800113.0,ASP-2535,CC(C)c1nnc(-c2ccc(nc2)-c2ccccc2)n1-c1cccc2nonc12
OBAICMYWONZOSZ-UHFFFAOYSA-N,9922739.0,ASP-6537,COc1nc(-c2ccc(OC)cc2)n(n1)-c1ccc(OC)cc1
OXSCPDKUZWPWFR-UHFFFAOYSA-N,25210792.0,ASP-9521,COc1ccc2[nH]c(cc2c1)C(=O)N1CCC(CC(C)(C)O)CC1
MGGBYMDAPCCKCT-UHFFFAOYSA-N,25134326.0,ASP3026,COc1cc(ccc1Nc1ncnc(Nc2ccccc2S(=O)(=O)C(C)C)n1)N1CCC(CC1)N1CCN(C)CC1
IAOZJIPTCAWIRG-QWRGUYRKSA-N,6992066.0,aspartame,COC(=O)[C@H](Cc1ccccc1)NC(=O)[C@@H](N)CC(O)=O
BSYNRYMUTXBXSQ-UHFFFAOYSA-N,2244.0,aspirin,CC(=O)Oc1ccccc1C(O)=O
MVZGYPSXNDCANY-UHFFFAOYSA-N,24739943.0,AST-1306,Fc1cccc(COc2ccc(Nc3ncnc4ccc(NC(=O)C=C)cc34)cc2Cl)c1
MQZIGYBFDRPAKN-UWFIBFSHSA-N,5281224.0,astaxanthin,C\C(\C=C\C=C(/C)\C=C\C1=C(C)C(=O)[C@@H](O)CC1(C)C)=C/C=C/C=C(\C)/C=C/C=C(\C)/C=C/C1=C(C)C(=O)[C@@H](O)CC1(C)C
GXDALQBWZGODGZ-UHFFFAOYSA-N,2247.0,astemizole,COc1ccc(CCN2CCC(CC2)Nc2nc3ccccc3n2Cc2ccc(F)cc2)cc1
ZROGCCBNZBKLEL-MPRHSVQHSA-N,119258.0,astilbin,C[C@@H]1O[C@@H](O[C@@H]2[C@H](Oc3cc(O)cc(O)c3C2=O)c2ccc(O)c(O)c2)[C@H](O)[C@H](O)[C@H]1O
QMNWISYXSJWHRY-AUJDEUPOSA-N,13943299.0,astragaloside-a,CC(C)(O)[C@H]1CC[C@](C)(O1)[C@H]1[C@@H](O)C[C@@]2(C)[C@@H]3C[C@H](O[C@@H]4O[C@H](CO)[C@@H](O)[C@H](O)[C@H]4O)[C@@H]4[C@]5(C[C@@]35CC[C@]12C)CC[C@H](O[C@@H]1OC[C@@H](O)[C@H](O)[C@H]1O)C4(C)C
YCXOHEXZVKOGEV-DNRQZRRGSA-N,118169620.0,ASTX660,C[C@@H]1CN(CC(=O)N2CC(C)(C)c3nc(CO)c(Cc4ccc(F)cc4)cc23)[C@@H](CN2CCOC[C@H]2C)CN1
XRWSZZJLZRKHHD-WVWIJVSJSA-N,16076883.0,asunaprevir,COc1cnc(O[C@@H]2C[C@H](N(C2)C(=O)[C@@H](NC(=O)OC(C)(C)C)C(C)(C)C)C(=O)N[C@@]2(C[C@H]2C=C)C(=O)NS(=O)(=O)C2CC2)c2cc(Cl)ccc12
YDGMGEXADBMOMJ-LURJTMIESA-N,123831.0,asymmetrical-dimethylarginine,CN(C)C(=N)NCCC[C@H](N)C(O)=O
BSPMYKLEFGUTSI-UHFFFAOYSA-N,9805664.0,AT-1015,O=CN1CCC(CC1)C(=O)NCCN1CCC(CC1)=C1c2ccccc2C=Cc2ccccc12
LSXUTRRVVSPWDZ-MKKUMYSQSA-N,25022340.0,AT-406,CN[C@@H](C)C(=O)N[C@H]1CN(CC[C@H]2CC[C@H](N2C1=O)C(=O)NC(c1ccccc1)c1ccccc1)C(=O)CC(C)C
OVPNQJVDAFNBDN-UHFFFAOYSA-N,11338033.0,AT-7519,Clc1cccc(Cl)c1C(=O)Nc1cn[nH]c1C(=O)NC1CCNCC1
LOLPPWBBNUVNQZ-UHFFFAOYSA-N,135398495.0,AT-9283,O=C(NC1CC1)Nc1c[nH]nc1-c1nc2ccc(CN3CCOCC3)cc2[nH]1
IIRWNGPLJQXWFJ-KRWDZBQOSA-N,24905401.0,AT13148,NC[C@@](O)(c1ccc(Cl)cc1)c1ccc(cc1)-c1cn[nH]c1
IFRGXKKQHBVPCQ-UHFFFAOYSA-N,11955716.0,AT13387,CC(C)c1cc(C(=O)N2Cc3ccc(CN4CCN(C)CC4)cc3C2)c(O)cc1O
LZMOSYUFVYJEPY-UHFFFAOYSA-N,11175137.0,AT7867,Clc1ccc(cc1)C1(CCNCC1)c1ccc(cc1)-c1cn[nH]c1
OOUGLTULBSNHNF-UHFFFAOYSA-N,11219835.0,ataluren,OC(=O)c1cccc(c1)-c1noc(n1)-c1ccccc1F
AXRYRYVKAWYZBR-GASGPIRDSA-N,148192.0,atazanavir,COC(=O)N[C@H](C(=O)N[C@@H](Cc1ccccc1)[C@@H](O)CN(Cc1ccc(cc1)-c1ccccn1)NC(=O)[C@@H](NC(=O)OC)C(C)(C)C)C(C)(C)C
YCNMAPLPQYQJFC-CYBMUJFWSA-N,76963724.0,ATB-346,COc1ccc2cc(ccc2c1)[C@@H](C)C(=O)Oc1ccc(cc1)C(N)=S
METKIMKYRPQLGS-LBPRGKRZSA-N,175540.0,atenolol-(-),CC(C)NC[C@H](O)COc1ccc(CC(N)=O)cc1
METKIMKYRPQLGS-GFCCVEGCSA-N,180559.0,atenolol-(+),CC(C)NC[C@@H](O)COc1ccc(CC(N)=O)cc1
METKIMKYRPQLGS-GFCCVEGCSA-N,180559.0,atenolol-(+/-),CC(C)NC[C@@H](O)COc1ccc(CC(N)=O)cc1
AWOPBSAJHCUSAS-UHFFFAOYSA-N,71699712.0,atglistatin,CN(C)C(=O)Nc1cccc(c1)-c1ccc(cc1)N(C)C
ZHPMYDSXGRRERG-DEOSSOPVSA-N,44129648.0,aticaprant,Cc1cc(C)cc(c1)[C@@H]1CCCN1Cc1ccc(Oc2ccc(cc2F)C(N)=O)cc1
HSWPZIDYAHLZDD-UHFFFAOYSA-N,71310.0,atipamezole,CCC1(Cc2ccccc2C1)c1cnc[nH]1
SERHTTSLBVGRBY-UHFFFAOYSA-N,129869.0,atiprimod,CCCC1(CCC)CCC2(CCN(CCCN(CC)CC)C2)CC1
LITNEAPWQHVPOK-FFSVYQOJSA-N,9861730.0,atizoram,COc1ccc(cc1O[C@H]1C[C@@H]2CC[C@H]1C2)C1CNC(=O)NC1
MMHDBUJXLOFTLC-WOYTXXSLSA-N,9960285.0,ATN-161,CC(=O)N1CCC[C@H]1C(=O)N[C@@H](Cc1cnc[nH]1)C(=O)N[C@@H](CO)C(=O)N[C@@H](CS)C(=O)N[C@@H](CC(N)=O)C(N)=O
VHGCDTVCOLNTBX-QGZVFWFLSA-N,54841.0,atomoxetine,CNCC[C@@H](Oc1ccccc1C)c1ccccc1
XUKUURHRXDUEBC-KAYWLYCHSA-N,60823.0,atorvastatin,CC(C)c1c(C(=O)Nc2ccccc2)c(c(-c2ccc(F)cc2)n1CC[C@@H](O)C[C@@H](O)CC(O)=O)-c1ccccc1
VWXRQYYUEIYXCZ-ZJBFWUDNSA-N,,atosiban,CCOc1ccc(C[C@H]2NC(=O)CCSSC[C@H](NC(=O)[C@H](CC(N)=O)NC(=O)[C@@H](NC(=O)[C@@H](NC2=O)[C@@H](C)CC)[C@@H](C)O)C(=O)N2CCC[C@H]2C(=O)N[C@@H](CCCN)C(=O)NCC(N)=O)cc1
UYFLKEIEOREOFC-ZXYWRSMDSA-N,,atovaquone,Clc1ccc(cc1)[C@H]1CC[C@@H](CC1)[C@H]1C(=O)C(=O)c2ccccc2C1=O
PIXJURSCCVBKRF-ZCFIWIBFSA-N,11345201.0,ATPA,CC(C)(C)c1o[nH]c(=O)c1C[C@@H](N)C(O)=O
ZTVSGQPHMUYCRS-SWLSCSKDSA-N,5321018.0,atractylenolide-i,[H][C@@]12CC3=C(C)C(=O)OC3=C[C@@]1(C)CCCC2=C
YXSLJKQTIDHPOT-MWAPPURBSA-N,73416109.0,atracurium,COc1ccc(C[C@H]2c3cc(OC)c(OC)cc3CC[N@@+]2(C)CCC(=O)OCCCCCOC(=O)CC[N@@+]2(C)CCc3cc(OC)c(OC)cc3[C@@H]2Cc2ccc(OC)c(OC)c2)cc1OC
MOTJMGVDPWRKOC-QPVYNBJUSA-N,159594.0,atrasentan,CCCCN(CCCC)C(=O)CN1C[C@@H]([C@H]([C@@H]1c1ccc(OC)cc1)C(O)=O)c1ccc2OCOc2c1
RKUNBYITZUJHSG-JJXSEGSLSA-N,,atropine,CN1[C@H]2CC[C@@H]1C[C@@H](C2)OC(=O)[C@@H](CO)c1ccccc1
HGWPFSBHDACWNL-JFBPSJKJSA-N,,atropine-oxide,C[N@@+]1([O-])[C@H]2CC[C@@H]1C[C@@H](C2)OC(=O)[C@H](CO)c1ccccc1
ACWKGTGIJRCOOM-HHHXNRCGSA-N,121488167.0,atuveciclib,COc1cc(F)ccc1-c1ncnc(Nc2cccc(C[S@](C)(=N)=O)c2)n1
AUJRCFUBUPVWSZ-XTZHGVARSA-M,6918453.0,auranofin,CCP(CC)(CC)=[Au]S[C@@H]1O[C@H](COC(C)=O)[C@@H](OC(C)=O)[C@H](OC(C)=O)[C@H]1OC(C)=O
AKSIZPIFQAYJGF-UHFFFAOYSA-N,44139710.0,aurora-a-inhibitor-i,CCN1CCN(CC1)C(=O)Cc1ccc(Nc2ncc(F)c(Nc3ccc(cc3)C(=O)Nc3ccccc3Cl)n2)cc1
XHVAWZZCDCWGBK-WYRLRVFGSA-M,6916934.0,aurothioglucose,OC[C@H]1O[C@H](S[Au])[C@H](O)[C@@H](O)[C@@H]1O
AMAOXEGBJHLCSF-CQSZACIVSA-N,53230344.0,AUT-1,CC[C@H]1NC(=O)N(C1=O)c1ccc(Oc2ccc(C)c(OC)c2)nc1
PZASAAIJIFDWSB-PQGZPOPSSA-N,,autotaxin-modulator-1,C[C@@H](N1[C@H]2CC[C@@H]1C[C@@H](C2)C(O)=O)c1ccc2ccc(O[C@H]3CC[C@H](CC3)C(F)(F)F)c(c2c1)C(F)(F)F
ZAJXXUDARPGGOC-UHFFFAOYSA-N,9806229.0,AV-412,CN1CCN(CC1)C(C)(C)C#Cc1cc2ncnc(Nc3ccc(F)c(Cl)c3)c2cc1NC(=O)C=C
NXLUTEDAEFXMQR-BJKOFHAPSA-N,9917079.0,AV-608,FC(F)(F)c1cc(cc(c1)C(F)(F)F)C(=O)N1CC[C@@H](C[C@H]1Cc1ccc(Cl)cc1)NC(=O)c1ccnc2ccccc12
PUKBOVABABRILL-YZNIXAGQSA-N,49841217.0,avacopan,Cc1ccc(NC(=O)[C@H]2CCCN([C@H]2c2ccc(NC3CCCC3)cc2)C(=O)c2c(C)cccc2F)cc1C(F)(F)F
RSNPAKAFCAAMBH-JTQLQIEISA-N,24967954.0,avadomide,Cc1nc2cccc(N)c2c(=O)n1[C@H]1CCC(=O)NC1=O
XEAOPVUAMONVLA-QGZVFWFLSA-N,46883536.0,avagacestat,NC(=O)[C@@H](CCC(F)(F)F)N(Cc1ccc(cc1F)-c1ncon1)S(=O)(=O)c1ccc(Cl)cc1
WEAJZXNPAWBCOA-INIZCTEOSA-N,9869929.0,avanafil,COc1ccc(CNc2nc(ncc2C(=O)NCc2ncccn2)N2CCC[C@H]2CO)cc1Cl
DWYRIWUZIJHQKQ-SANMLTNESA-N,118023034.0,avapritinib,Cn1cc(cn1)-c1cc2c(ncnn2c1)N1CCN(CC1)c1ncc(cn1)[C@@](C)(N)c1ccc(F)cc1
PTQXTEKSNBVPQJ-UHFFFAOYSA-N,166558.0,avasimibe,CC(C)c1cc(C(C)C)c(CC(=O)NS(=O)(=O)Oc2c(cccc2C(C)C)C(C)C)c(c1)C(C)C
OFZJKCQENFPZBH-UHFFFAOYSA-N,9852519.0,avatrombopag,OC(=O)C1CCN(CC1)c1ncc(cc1Cl)C(=O)Nc1nc(-c2cc(Cl)cs2)c(s1)N1CCN(CC1)C1CCCCC1
QTOZBSNPDCWHPV-UHFFFAOYSA-N,9851724.0,AVE-0991,CCNC(=O)NS(=O)(=O)c1sc(CC(C)C)cc1-c1ccc(Cn2c(C=O)c(OC)nc2-c2ccccc2)cc1
OKCJNSDIVCXYAL-UHFFFAOYSA-N,3510704.0,AVE-3085,FC1(F)Oc2ccc(cc2O1)C(=O)NC1Cc2ccccc2C1
BOTHKNZTGGXFEQ-GOSISDBHSA-N,76968108.0,AVex-73,CN(C)C[C@H]1CCOC1(c1ccccc1)c1ccccc1
NDCUAPJVLWFHHB-UHNVWZDZSA-N,9835049.0,avibactam,NC(=O)[C@@H]1CC[C@@H]2CN1C(=O)N2OS(O)(=O)=O
UOFYSRZSLXWIQB-UHFFFAOYSA-N,72734520.0,avitinib,CN1CCN(CC1)c1ccc(Nc2nc(Oc3cccc(NC(=O)C=C)c3)c3cc[nH]c3n2)cc1F
KXBDTLQSDKGAEB-UHFFFAOYSA-N,59174488.0,AVL-292,COCCOc1ccc(Nc2ncc(F)c(Nc3cccc(NC(=O)C=C)c3)n2)cc1
SNPPEHMSSOEYDH-UHFFFAOYSA-N,56655571.0,AVN-492,CNc1nn2c(C)c(N(C)C)c(C)nc2c1S(=O)(=O)c1ccccc1
GYCPCOJTCINIFZ-OXJNMPFZSA-N,9918559.0,AVN-944,CC[C@H](CC#N)OC(=O)N[C@@H](C)c1cccc(NC(=O)Nc2ccc(-c3cnco3)c(OC)c2)c1
LKIIIESDXWZZRE-UHFFFAOYSA-N,,avobenzone,COc1ccc(cc1)C(=O)C=C(O)c1ccc(cc1)C(C)(C)C
TUWMKPVJGGWGNL-UHFFFAOYSA-N,86566678.0,avoralstat,COc1cc(c(cc1C=C)C(=O)Nc1ccc(cc1)C(N)=N)-c1ccc(nc1C(O)=O)C(=O)NCC1CC1
WXNRAKRZUCLRBP-UHFFFAOYSA-N,37186.0,avridine,CCCCCCCCCCCCCCCCCCN(CCCCCCCCCCCCCCCCCC)CCCN(CCO)CCO
VMMKGVRPILDZML-UHFFFAOYSA-N,56949412.0,AX-024,COc1ccc2OCC(CN3CCCC3)=C(c3ccc(F)cc3)c2c1
RITAVMQDGBJQJZ-FMIVXFBMSA-N,6450551.0,axitinib,CNC(=O)c1ccccc1Sc1ccc2c(\C=C\c3ccccn3)[nH]nc2c1
RZRPZWGIOOZIBE-IYARVYRRSA-N,,AY-9944,Clc1ccccc1CNC[C@H]1CC[C@H](CNCc2ccccc2Cl)CC1
VUBILPOZTRGZJK-UHFFFAOYSA-N,135665263.0,AZ-10417808,[O-][N+](=O)c1cc(C(=O)NCC=C)c2[nH]c(Nc3ccc(Cl)c(Cl)c3)nc(=O)c2c1
FQMZXMVHHKXGTM-UHFFFAOYSA-N,10310632.0,AZ-10606120,OCCNCCNc1ccc2c(NC(=O)CC34CC5CC(CC(C5)C3)C4)cccc2n1
KMSKKYBHDQYHMC-UHFFFAOYSA-N,25253556.0,AZ-12080282,Cc1ccc(cc1NC(=O)c1ccc(OCc2ccccn2)cc1)-c1ncc[nH]1
ZGBGPEDJXCYQPH-UHFFFAOYSA-N,11676786.0,AZ-628,Cc1ccc(NC(=O)c2cccc(c2)C(C)(C)C#N)cc1Nc1ccc2ncn(C)c(=O)c2c1
VDRYGTNDKXIPSK-UHFFFAOYSA-N,72792692.0,AZ-7371,COc1ncnc(Cn2cc(C(=O)NCCO)c3ncc(C)cc23)c1C
ZYVXTMKTGDARKR-UHFFFAOYSA-N,72716071.0,AZ191,COc1cc(ccc1Nc1nccc(n1)-c1cn(C)c2cnccc12)N1CCN(C)CC1
SCGCBAAYLFTIJU-CQSZACIVSA-N,46244454.0,AZ20,C[C@@H]1COCCN1c1cc(nc(n1)-c1cccc2[nH]ccc12)C1(CC1)S(C)(=O)=O
YUKWVHPTFRQHMF-UHFFFAOYSA-N,56973724.0,AZ3146,COc1cc(OC2CCN(C)CC2)ccc1Nc1ncc2n(C)c(=O)n(C3CCCC3)c2n1
LIBVHXXKHSODII-UHFFFAOYSA-N,24961094.0,AZ505,Oc1ccc(CCNCCN(C2CCCCC2)C(=O)CCNCCc2ccc(Cl)c(Cl)c2)c2OCC(=O)Nc12
IQNVEOMHJHBNHC-UHFFFAOYSA-N,71496460.0,AZ5104,COc1cc(N(C)CCN(C)C)c(NC(=O)C=C)cc1Nc1nccc(n1)-c1c[nH]c2ccccc12
ZROCWKZRGJYPTG-UHFFFAOYSA-N,71496459.0,AZ7550,CNCCN(C)c1cc(OC)c(Nc2nccc(n2)-c2cn(C)c3ccccc23)cc1NC(=O)C=C
SUNXHXDJOIXABJ-NSHDSACASA-N,25099184.0,AZ960,C[C@H](Nc1nc(Nc2cc(C)n[nH]2)c(F)cc1C#N)c1ccc(F)cc1
NMUSYJAQQFHJEW-KVTDHHQDSA-N,9444.0,azacitidine,Nc1ncn([C@@H]2O[C@H](CO)[C@@H](O)[C@H]2O)c(=O)n1
ZMISODWVFHHWNR-UHFFFAOYSA-N,15723.0,azacyclonol,OC(C1CCNCC1)(c1ccccc1)c1ccccc1
LPXQRXLUHJKZIE-UHFFFAOYSA-N,135403646.0,azaguanine-8,Nc1nc2nn[nH]c2c(=O)[nH]1
OSERMIPXNLXAPD-MJMYBOKFSA-N,6444206.0,azalomycin-B,CC[C@@H]1[C@@H](C)O[C@](O)(C[C@H]1O[C@H]1C[C@H](O)[C@H](O)[C@H](C)O1)[C@@H](C)[C@H](O)[C@H](C)[C@H]1OC(=O)\C=C\C=C\[C@H](C)[C@H](OC(=O)\C=C\C=C\[C@@H]1C)[C@@H](C)[C@@H](O)[C@H](C)[C@@]1(O)C[C@@H](O[C@H]2C[C@H](O)[C@H](O)[C@H](C)O2)[C@H](CC)[C@@H](C)O1
XTKDAFGWCDAMPY-UHFFFAOYSA-N,15443.0,azaperone,Fc1ccc(cc1)C(=O)CCCN1CCN(CC1)c1ccccn1
MPHPHYZQRGLTBO-LLVKDONJSA-N,6604340.0,azapropazone,CCC[C@H]1C(=O)N2N(C1=O)c1cc(C)ccc1N=C2N(C)C
YXEASJLRXGZRHS-VKHMYHEASA-O,,azaserine,N[C@@H](COC(=O)C[N+]#N)C(O)=O
WUKZPHOXUVCQOR-ZDUSSCGKSA-N,25271863.0,azasetron,CN1C(=O)COc2c1cc(Cl)cc2C(=O)N[C@H]1CN2CCC1CC2
SEBMTIQKRHYNIT-UHFFFAOYSA-N,19861.0,azatadine,CN1CCC(CC1)=C1c2ccccc2CCc2cccnc12
LMEKQMALGUDUQG-UHFFFAOYSA-N,2265.0,azathioprine,Cn1cnc(c1Sc1ncnc2nc[nH]c12)[N+]([O-])=O
AOTRIQLYUAFVSC-UHFFFAOYSA-N,118502708.0,AZD0156,CN(C)CCCOc1ccc(cn1)-c1ccc2ncc3n(C)c(=O)n(C4CCOCC4)c3c2c1
RDXUCTYBYOIJGA-UHFFFAOYSA-N,10065474.0,AZD1080,O=C1Nc2ccc(cc2C1c1ccc(CN2CCOCC2)cn1)C#N
MCUJKPPARUPFJM-UWCCDQBKSA-N,58423153.0,AZD1208,N[C@@H]1CCCN(C1)c1c(\C=C2/SC(=O)NC2=O)cccc1-c1ccccc1
NEMHKCNXXRQYRF-UHFFFAOYSA-N,23649325.0,AZD1283,CCOC(=O)c1cc(C#N)c(nc1C)N1CCC(CC1)C(=O)NS(=O)(=O)Cc1ccccc1
VQSZIPCGAGVRRP-UHFFFAOYSA-N,126689157.0,AZD1390,CC(C)n1c2c(cnc3cc(F)c(cc23)-c2ccc(OCCCN3CCCCC3)nc2)n(C)c1=O
GTUIQNHJSXQMKW-HTQZYQBOSA-N,96568205.0,AZD1446,Clc1ccc(o1)C(=O)N1C[C@H]2CNC[C@@H]2C1
PDOQBOJDRPLBQU-QMMMGPOBSA-N,16659841.0,AZD1480,C[C@H](Nc1ncc(Cl)c(Nc2cc(C)n[nH]2)n1)c1ncc(F)cn1
JWYIGNODXSRKGP-UHFFFAOYSA-N,11292191.0,AZD1981,CC(=O)Nc1cccc2n(CC(O)=O)c(C)c(Sc3ccc(Cl)cc3)c12
JUSFANSTBFGBAF-IRXDYDNUSA-N,25262792.0,AZD2014,CNC(=O)c1cccc(c1)-c1ccc2c(nc(nc2n1)N1CCOC[C@@H]1C)N1CCOC[C@@H]1C
HYNBNUYQTQIHJK-UHFFFAOYSA-N,44199317.0,AZD2461,COC1CCN(CC1)C(=O)c1cc(Cc2n[nH]c(=O)c3ccccc23)ccc1F
FHCSBLWRGCOVPT-UHFFFAOYSA-N,10138980.0,AZD2858,CN1CCN(CC1)S(=O)(=O)c1ccc(cc1)-c1cnc(N)c(n1)C(=O)Nc1cccnc1
NMFIXEFNQPDISY-ZDUSSCGKSA-N,91666658.0,AZD3264,Cc1noc(C)c1-c1ccc(-c2cc(C(N)=O)c(NC(N)=O)s2)c(O[C@H]2CCNC2)c1
GCYIGMXOIWJGBU-UHFFFAOYSA-N,56599293.0,AZD3463,COc1cc(ccc1Nc1ncc(Cl)c(n1)-c1c[nH]c2ccccc12)N1CCC(N)CC1
JMEYDSHPKCSIJC-UHFFFAOYSA-N,46893585.0,AZD3514,CC(=O)N1CCN(CCOc2ccc(cc2)C2CCN(CC2)C2=Nn3c(CC2)nnc3C(F)(F)F)CC1
MXDSJQHFFDGFDK-CYBMUJFWSA-N,78209992.0,AZD3759,COc1cc2ncnc(Nc3cccc(Cl)c3F)c2cc1OC(=O)N1CCN(C)C[C@H]1C
MRXBCEQZNKUUIP-DEOSSOPVSA-N,46202416.0,AZD3839,NC1=N[C@@](c2cccc(F)c12)(c1cccc(c1)-c1cncnc1)c1ccnc(c1)C(F)F
PRNXOFBDXNTIFG-FQEVSTJZSA-N,10369242.0,AZD3965,CC(C)n1c2sc(Cc3c(C)[nH]nc3C(F)(F)F)c(C(=O)N3C[C@](C)(O)CO3)c2c(=O)n(C)c1=O
NGEBYTLALFOQKI-HDJSIYSDSA-N,,AZD3988,OC(=O)C[C@H]1CC[C@@H](CC1)c1ccc(NC(=O)c2nnc(Nc3ccc(F)c(F)c3)o2)cc1
DHMQDGOQFOQNFH-UHFFFAOYSA-N,750.0,AZD4282,NCC(O)=O
VRQMAABPASPXMW-HDICACEKSA-N,51039095.0,AZD4547,COc1cc(CCc2cc(NC(=O)c3ccc(cc3)N3C[C@H](C)N[C@H](C)C3)[nH]n2)cc(OC)c1
AVIWDYSJSPOOAR-LSDHHAIUSA-N,124155204.0,AZD4573,CC(=O)N[C@@H]1CCC[C@@H](C1)C(=O)Nc1cc(-c2cnn3CC(C)(C)Cc23)c(Cl)cn1
NCWQLHHDGDXIJN-UHFFFAOYSA-N,86676119.0,AZD4635,Cc1cc(cc(Cl)n1)-c1nnc(N)nc1-c1ccc(F)cc1
QZECRCLSIGFCIO-RISCZKNCSA-N,56645576.0,AZD5069,C[C@@H](Oc1cc(NS(=O)(=O)N2CCC2)nc(SCc2cccc(F)c2F)n1)[C@@H](O)CO
RSMYFSPOTCDHHJ-GOSISDBHSA-N,118693659.0,AZD5153,[H][C@]1(C)N(CCOc2ccc(cc2)C2CCN(CC2)c2ccc3nnc(OC)n3n2)CCN(C)C1=O
JDUBGYFRJFOXQC-KRWDZBQOSA-N,25227436.0,AZD5363,NC1(CCN(CC1)c1ncnc2[nH]ccc12)C(=O)N[C@@H](CCO)c1ccc(Cl)cc1
WJRRGYBTGDJBFX-UHFFFAOYSA-N,16747683.0,AZD5438,CC(C)n1c(C)ncc1-c1ccnc(Nc2ccc(cc2)S(C)(=O)=O)n1
WLMCRYCCYXHPQF-ZVMUOSSASA-N,49847690.0,AZD5582,CN[C@@H](C)C(=O)N[C@@H](C1CCCCC1)C(=O)N1CCC[C@H]1C(=O)N[C@@H]1[C@@H](Cc2ccccc12)OCC#CC#CCO[C@@H]1Cc2ccccc2[C@@H]1NC(=O)[C@@H]1CCCN1C(=O)[C@@H](NC(=O)[C@H](C)NC)C1CCCCC1
KBQCEQAXHPIRTF-UHFFFAOYSA-N,131634760.0,AZD5991,Cc1c-2c(CSCc3cc(CSc4cc(OCCCc5c(C(O)=O)n(C)c6c-2c(Cl)ccc56)c2ccccc2c4)n(C)n3)nn1C
IRTDIKMSKMREGO-OAHLLOKOSA-N,44137675.0,AZD6482,C[C@@H](Nc1ccccc1C(O)=O)c1cc(C)cn2c1nc(cc2=O)N1CCOCC1
OHUHVTCQTUDPIJ-MUWSIPGASA-N,54761305.0,AZD6738,C[C@@H]1COCCN1c1cc(nc(n1)-c1ccnc2[nH]ccc12)C1(CC1)[S@@](C)(=N)=O
FWUQWDCOOWEXRY-ZDUSSCGKSA-N,9794203.0,AZD6765,N[C@@H](Cc1ccccn1)c1ccccc1
DTDZLJHKVNTQGZ-GOSISDBHSA-N,16741245.0,AZD7545,CN(C)C(=O)c1ccc(cc1)S(=O)(=O)c1ccc(NC(=O)[C@@](C)(O)C(F)(F)F)c(Cl)c1
ZZWJKLGCDHYVMB-BWGXUDETSA-N,67041274.0,AZD7594,C[C@H](NC(=O)C(C)(F)F)[C@H](Oc1ccc2n(ncc2c1)-c1cccc(c1)C(=O)N[C@@H]1CCOC1)c1ccc2OCCOc2c1
YXFNPRHZMOGREC-SHTZXODSSA-N,,AZD7687,Cc1nc(C)c(nc1C(N)=O)-c1ccc(cc1)[C@H]1CC[C@H](CC(O)=O)CC1
IAYGCINLNONXHY-LBPRGKRZSA-N,11152667.0,AZD7762,NC(=O)Nc1cc(sc1C(=O)N[C@H]1CCCNC1)-c1cccc(F)c1
AEXFXNFMSAAELR-RXVVDRJESA-N,118253852.0,AZD7986,Cn1c2cc(ccc2oc1=O)-c1ccc(C[C@H](NC(=O)[C@@H]2CNCCCO2)C#N)cc1
KVLFRAWTRWDEDF-IRXDYDNUSA-N,25262965.0,AZD8055,COc1ccc(cc1CO)-c1ccc2c(nc(nc2n1)N1CCOC[C@@H]1C)N1CCOC[C@@H]1C
LMJFJIDLEAWOQJ-CQSZACIVSA-N,52913813.0,AZD8186,C[C@@H](Nc1cc(F)cc(F)c1)c1cc(cc2c1oc(cc2=O)N1CCOCC1)C(=O)N(C)C
RWEVIPRMPFNTLO-UHFFFAOYSA-N,16666708.0,AZD8330,Cc1cc(C(=O)NOCCO)c(Nc2ccc(I)cc2F)n(C)c1=O
ZMQSLMZOWVGBSM-GXTWGEPZSA-N,11965767.0,AZD8797,CC(C)C[C@H](CO)Nc1nc(S[C@@H](C)c2ccccc2)nc2nc(N)sc12
ZGRDYKFVDCFJCZ-UHFFFAOYSA-N,76685059.0,AZD8835,CCn1nc(nc1-c1cnc(N)c(n1)-c1nnc(o1)C(C)(C)C)C1CCN(CC1)C(=O)CCO
DFJSJLGUIXFDJP-UHFFFAOYSA-N,11488320.0,AZD8931,CNC(=O)CN1CCC(CC1)Oc1cc2c(Nc3cccc(Cl)c3F)ncnc2cc1OC
HSQAARMBHJCUOK-UHFFFAOYSA-N,10161381.0,AZD9056,OCCCNCCCc1ccc(Cl)c(c1)C(=O)NCC12CC3CC(CC(C3)C1)C2
RBSPCALDSNXWEP-UHFFFAOYSA-N,9838729.0,AZD9272,Fc1ccc(nc1)-c1noc(n1)-c1cc(F)cc(c1)C#N
DFBDRVGWBHBJNR-BBNFHIFMSA-N,86287635.0,AZD9496,C[C@@H]1Cc2c([nH]c3ccccc23)[C@H](N1CC(C)(C)F)c1c(F)cc(\C=C\C(O)=O)cc1F
QNQZWEGMKJBHEM-UHFFFAOYSA-N,46861623.0,AZD9668,Cc1c(cc(C(=O)NCc2ccc(cn2)S(C)(=O)=O)c(=O)n1-c1cccc(c1)C(F)(F)F)-c1ccnn1C
BDJRBEYXGGNYIS-UHFFFAOYSA-N,2266.0,azelaic-acid,OC(=O)CCCCCCCC(O)=O
MBUVEWMHONZEQD-SFHVURJKSA-N,12831281.0,azelastine,CN1CCC[C@@H](CC1)n1nc(Cc2ccc(Cl)cc2)c2ccccc2c1=O
KJNNWYBAOPXVJY-UHFFFAOYSA-N,11180124.0,azeliragon,CCCCc1nc(cn1-c1ccc(Oc2ccc(Cl)cc2)cc1)-c1ccc(OCCCN(CC)CC)cc1
ZKFQEACEUNWPMT-MUUNZHRXSA-N,9873077.0,azelnidipine,CC(C)OC(=O)C1=C(C)NC(N)=C([C@@H]1c1cccc(c1)[N+]([O-])=O)C(=O)OC1CN(C1)C(c1ccccc1)c1ccccc1
KGSXMPPBFPAXLY-UHFFFAOYSA-N,135415867.0,azilsartan,CCOc1nc2cccc(C(O)=O)c2n1Cc1ccc(cc1)-c1ccccc1-c1nc(=O)o[nH]1
QJFSABGVXDWMIW-UHFFFAOYSA-N,135409642.0,azilsartan-medoxomil,CCOc1nc2cccc(C(=O)OCc3oc(=O)oc3C)c2n1Cc1ccc(cc1)-c1ccccc1-c1nc(=O)o[nH]1
MREBEPTUUMTTIA-PCLIKHOPSA-N,9571004.0,azimilide,CN1CCN(CCCCN2C(=O)CN(\N=C\c3ccc(o3)-c3ccc(Cl)cc3)C2=O)CC1
MQTOSJVFKKJCRP-CBLJCGFISA-N,71206984.0,azithromycin,CC[C@H]1OC(=O)[C@H](C)[C@@H](O[C@H]2C[C@@](C)(OC)[C@@H](O)[C@H](C)O2)[C@H](C)[C@@H](O[C@@H]2O[C@H](C)C[C@@H]([C@H]2O)N(C)C)[C@](C)(O)C[C@@H](C)CN(C)[C@H](C)[C@@H](O)[C@]1(C)O
WZPBZJONDBGPKJ-VEHQQRBSSA-N,5742832.0,aztreonam,C[C@H]1[C@H](NC(=O)C(=N/OC(C)(C)C(O)=O)\c2csc(N)n2)C(=O)N1S(O)(=O)=O
JTWOMNBEOCYFNV-NFFDBFGFSA-N,6479523.0,azlocillin,CC1(C)S[C@@H]2[C@H](NC(=O)[C@H](NC(=O)N3CCNC3=O)c3ccccc3)C(=O)N2[C@H]1C(O)=O
WPOXAFXHRJYEIC-UHFFFAOYSA-N,5330175.0,AZM-475271,COc1ccc(Cl)c(Nc2ncnc3cc(OCC4CCN(C)CC4)c(OC)cc23)c1
XOZUGNYVDXMRKW-AATRIKPKSA-N,5462814.0,azodicarbonamide,NC(=O)\N=N\C(N)=O
YZEUHQHUFTYLPH-UHFFFAOYSA-N,10701.0,azomycin-(2-nitroimidazole),[O-][N+](=O)c1ncc[nH]1
HMEDEBAJARCKCT-UHFFFAOYSA-N,2273.0,azosemide,NS(=O)(=O)c1cc(-c2nn[nH]n2)c(NCc2cccs2)cc1Cl
PFOLLRNADZZWEX-XIJZRVNUSA-N,66586207.0,bacampicillin,CCOC(=O)O[C@@H](C)OC(=O)[C@@H]1N2[C@H](SC1(C)C)[C@H](NC(=O)[C@H](N)c1ccccc1)C2=O
CLKOFPXJLQSYAH-BBLSSJOMSA-N,,bacitracin,CC[C@H](C)[C@H](N)C1=N[C@@H](CS1)C(=O)N[C@@H](CC(C)C)C(=O)N[C@H](CCC(O)=O)C(=O)N[C@@H]([C@@H](C)CC)C(=O)N[C@H]1CCCCNC(=O)[C@H](CC(N)=O)NC(=O)[C@@H](CC(O)=O)NC(=O)[C@H](Cc2cnc[nH]2)NC(=O)[C@@H](Cc2ccccc2)NC(=O)[C@@H](NC(=O)[C@@H](CCCN)NC1=O)[C@@H](C)CC
UCRLQOPRDMGYOA-PIGMFEANSA-L,,bacitracin-zinc,CC[C@H](C)[C@H](N)C1=N[C@@H](CS1)C(=O)N[C@@H](CC(C)C)C(=O)N[C@@H]1CCC(=O)O[Zn]OC(=O)C[C@H]2NC(=O)[C@H](Cc3c[nH]cn3)NC(=O)[C@@H](Cc3ccccc3)NC(=O)[C@@H](NC(=O)[C@@H](CCCN)NC(=O)[C@H](CCCCNC(=O)[C@H](CC(N)=O)NC2=O)NC(=O)[C@@H](NC1=O)[C@@H](C)CC)[C@@H](C)CC
KPYSYYIEGFHWSV-MRVPVSSYSA-N,6923772.0,baclofen,NC[C@@H](CC(O)=O)c1ccc(Cl)cc1
LCFVJGUPQDGYKZ-PMACEKPBSA-N,6994088.0,BADGE,CC(C)(c1ccc(OC[C@H]2CO2)cc1)c1ccc(OC[C@H]2CO2)cc1
ZGBAJMQHJDFTQJ-DEOSSOPVSA-N,11387605.0,bafetinib,CN(C)[C@H]1CCN(Cc2ccc(cc2C(F)(F)F)C(=O)Nc2ccc(C)c(Nc3nccc(n3)-c3cncnc3)c2)C1
XDHNQDDQEHDUTM-UTRUWJARSA-N,90656913.0,bafilomycin-a1,[H][C@@]1(OC(=O)\C(OC)=C\C(\C)=C/[C@@H](C)[C@@H](O)[C@@H](C)C\C(C)=C\C=C\[C@@H]1OC)[C@@H](C)[C@@H](O)[C@H](C)[C@@]1(O)C[C@@H](O)[C@H](C)[C@H](O1)C(C)C
GVPAGJWVBUZHNQ-UHFFFAOYSA-N,24882589.0,BAG-956,Cc1nc2cnc3ccc(cc3c2n1-c1ccc(cc1)C(C)(C)C#N)C#Cc1cccnc1
DAIGSUHCWOZEQG-ZFORQUDYSA-N,,baicalin,O[C@H]1[C@H](Oc2cc3oc(cc(O)c3c(=O)c2O)-c2ccccc2)O[C@@H]([C@@H](O)[C@@H]1O)C(O)=O
LFYJSSARVMHQJB-QIXNEVBVSA-N,5468522.0,bakuchiol,CC(C)=CCC[C@@](C)(C=C)\C=C\c1ccc(O)cc1
IETKPTYAGKZLKY-MRXNPFEDSA-N,76968728.0,balaglitazone,Cn1c(COc2ccc(C[C@H]3SC(=O)NC3=O)cc2)nc2ccccc2c1=O
VKXWOLCNTHXCLF-DXEZIKHYSA-N,53297462.0,balapiravir,CC(C)C(=O)OC[C@]1(O[C@H]([C@H](OC(=O)C(C)C)[C@@H]1OC(=O)C(C)C)n1ccc(N)nc1=O)N=[N+]=[N-]
LLCRBOWRJOUJAE-UHFFFAOYSA-N,10201696.0,balicatib,CCCN1CCN(CC1)c1ccc(cc1)C(=O)NC1(CCCCC1)C(=O)NCC#N
MGQLHRYJBWGORO-NSHDSACASA-N,40490624.0,balofloxacin,CN[C@H]1CCCN(C1)c1c(F)cc2c(c1OC)n(cc(C(O)=O)c2=O)C1CC1
FIDLLEYNNRGVFR-CTNGQTDRSA-N,124081876.0,baloxavir,[H][C@@]12COCCN1C(=O)c1c(O)c(=O)ccn1N2[C@@H]1c2ccccc2SCc2c(F)c(F)ccc12
RZVPBGBYGMDSBG-GGAORHGYSA-N,124081896.0,baloxavir-marboxil,[H][C@@]12COCCN1C(=O)c1c(OCOC(=O)OC)c(=O)ccn1N2[C@H]1c2ccc(F)c(F)c2CSc2ccccc12
IPOKCKJONYRRHP-FMQUCBEESA-N,,balsalazide,OC(=O)CCNC(=O)c1ccc(cc1)\N=N\c1ccc(O)c(c1)C(O)=O
KOCVKGYKBLJEPK-LYBHJNIJSA-N,,BAM7,CCOc1ccccc1N\N=C1/C(C)=NN(C1=O)c1nc(cs1)-c1ccccc1
HNQSZPBGDAJIJO-UHFFFAOYSA-N,184838.0,bamaquimast,CCCn1c2ccccc2nc(CCCOC(=O)NC)c1=O
ANZXOIAKUNOVQU-UHFFFAOYSA-N,57515921.0,bambuterol,CN(C)C(=O)Oc1cc(OC(=O)N(C)C)cc(c1)C(O)CNC(C)(C)C
MAKMQGKJURAJEN-RUZDIDTESA-N,10296561.0,BAN-ORL-24,O=C(NCCCN1CCC2(CC1)OCc1ccccc21)[C@H]1CCCN1Cc1ccccc1
YZBAXVICWUUHGG-UHFFFAOYSA-N,9955116.0,banoxantrone,C[N+](C)([O-])CCNc1ccc(NCC[N+](C)(C)[O-])c2C(=O)c3c(O)ccc(O)c3C(=O)c12
GBJVVSCPOBPEIT-UHFFFAOYSA-N,11497983.0,barasertib,CCN(CCCOc1ccc2c(Nc3cc(CC(=O)Nc4cccc(F)c4)n[nH]3)ncnc2c1)CCOP(O)(O)=O
QYZOGCMHVIGURT-UHFFFAOYSA-N,16007391.0,barasertib-HQPA,CCN(CCO)CCCOc1ccc2c(Nc3cc(CC(=O)Nc4cccc(F)c4)n[nH]3)ncnc2c1
VCGRFBXVSFAGGA-UHFFFAOYSA-N,57336276.0,basmisanil,Cc1onc(c1COc1ccc(cn1)C(=O)N1CCS(=O)(=O)CC1)-c1ccc(F)cc1
TXGZJQLMVSIZEI-UQMAOPSPSA-N,400010.0,bardoxolone,CC1(C)CC[C@@]2(CC[C@]3(C)[C@@H]([C@@H]2C1)C(=O)C=C1[C@@]2(C)C=C(C#N)C(=O)C(C)(C)[C@@H]2CC[C@@]31C)C(O)=O
WPTTVJLTNAWYAO-KPOXMGGZSA-N,400769.0,bardoxolone-methyl,COC(=O)[C@]12CCC(C)(C)C[C@H]1[C@H]1C(=O)C=C3[C@@]4(C)C=C(C#N)C(=O)C(C)(C)[C@@H]4CC[C@@]3(C)[C@]1(C)CC2
XUZMWHLSFXCVMG-UHFFFAOYSA-N,44205240.0,baricitinib,CCS(=O)(=O)N1CC(CC#N)(C1)n1cc(cn1)-c1ncnc2[nH]ccc12
VFRROHXSMXFLSN-SLPGGIOYSA-N,439958.0,barium-6-O-phosphonato-D-glucose,O[C@H](COP(O)(O)=O)[C@@H](O)[C@H](O)[C@@H](O)C=O
VXMOONUMYLCFJD-DHLKQENFSA-N,443869.0,barnidipine,COC(=O)C1=C(C)NC(C)=C([C@H]1c1cccc(c1)[N+]([O-])=O)C(=O)O[C@H]1CCN(Cc2ccccc2)C1
YDCMWLQSPFTWCS-UHFFFAOYSA-N,12448.0,basic-fuchsin,CC1=CC(C=CC1=N)=C(c1ccc(N)cc1)c1ccc(N)cc1
UPZWINBEAHDTLA-UHFFFAOYSA-N,11438771.0,basimglurant,Cc1nc(C#Cc2ccnc(Cl)c2)c(C)n1-c1ccc(F)cc1
URWYQGVSPQJGGB-DHUJRADRSA-N,10372836.0,batefenterol,COc1cc(NC(=O)CCN2CCC(CC2)OC(=O)Nc2ccccc2-c2ccccc2)c(Cl)cc1CNC[C@H](O)c1ccc(O)c2nc(O)ccc12
XFILPEOLDIKJHX-QYZOEREBSA-N,5362422.0,batimastat,CNC(=O)[C@H](Cc1ccccc1)NC(=O)[C@H](CC(C)C)[C@H](CSc1cccs1)C(=O)NO
BGBVSGSIXIIREO-UHFFFAOYSA-N,16061509.0,bavisant,O=C(N1CCN(CC1)C1CC1)c1ccc(CN2CCOCC2)cc1
KUUJEXLRLIPQQJ-HNNXBMFYSA-N,981054.0,BAX-channel-blocker,O[C@@H](CN1CCNCC1)Cn1c2ccc(Br)cc2c2cc(Br)ccc12
DOEWDSDBFRHVAP-KRXBUXKQSA-N,5353431.0,BAY-11-7082,Cc1ccc(cc1)S(=O)(=O)\C=C\C#N
VHKZGNPOHPFPER-ONNFQVAWSA-N,5353432.0,BAY-11-7085,CC(C)(C)c1ccc(cc1)S(=O)(=O)\C=C\C#N
YZCUMZWULWOUMD-MUUNZHRXSA-N,,BAY-1251152,COc1cc(F)ccc1-c1cc(Nc2cc(C[S@](C)(=N)=O)ccn2)ncc1F
RNMAUIMMNAHKQR-QFBILLFUSA-N,118310260.0,BAY-1436032,C[C@H]1C[C@H](CC(C)(C)C1)n1c(Nc2ccc(OC(F)(F)F)cc2)nc2cc(CCC(O)=O)ccc12
YBXRSCXGRPSTMW-CYBMUJFWSA-N,118869362.0,BAY-1895344,C[C@@H]1COCCN1c1cc(-c2ccnn2C)c2ccnc(-c3ccn[nH]3)c2n1
KNVJMHHAXCPZHF-JTQLQIEISA-N,134470179.0,BAY-2402234,CCn1c(CO)nn(-c2cc(O[C@@H](C)C(F)(F)F)c(cc2F)C(=O)Nc2c(F)cccc2Cl)c1=O
ATOAHNRJAXSBOR-UHFFFAOYSA-N,9798973.0,BAY-41-2272,Nc1nc(ncc1C1CC1)-c1nn(Cc2ccccc2F)c2ncccc12
ZTYHZMAZUWOXNC-UHFFFAOYSA-N,11717831.0,BAY-60-6583,NC(=O)CSc1nc(N)c(C#N)c(-c2ccc(OCC3CC3)cc2)c1C#N
MYTWFJKBZGMYCS-NQIIRXRSSA-N,135564787.0,BAY-60-7550,COc1ccc(Cc2nc(=O)c3c(C)nc([C@@H](CCCc4ccccc4)[C@@H](C)O)n3[nH]2)cc1OC
JWQOJVOKBAAAAR-UHFFFAOYSA-N,10200390.0,BAY-61-3606,COc1ccc(cc1OC)-c1cc2nccn2c(Nc2ncccc2C(N)=O)n1
CLAUJSRBKSRTGQ-UHFFFAOYSA-N,992293.0,BAY-8002,OC(=O)c1ccccc1NC(=O)c1cc(ccc1Cl)S(=O)(=O)c1ccccc1
JPSHPWJJSVEEAX-GBXIJSLDSA-N,7005049.0,BAY-85-8050,N[C@@H](C[C@@H](F)C(O)=O)C(O)=O
CDJNNOJINJAXPV-UHFFFAOYSA-N,67377767.0,BAY-87-2243,Cc1cc(nn1Cc1ccnc(c1)N1CCN(CC1)C1CC1)-c1nc(no1)-c1ccc(OC(F)(F)F)cc1
ZFLWDHHVRRZMEI-CYBMUJFWSA-N,6604881.0,BAY-K-8644-(+/-),COC(=O)C1=C(C)NC(C)=C([C@@H]1c1ccccc1C(F)(F)F)[N+]([O-])=O
ZFLWDHHVRRZMEI-ZDUSSCGKSA-N,6603728.0,BAY-K-8644-(s)-(-),COC(=O)C1=C(C)NC(C)=C([C@H]1c1ccccc1C(F)(F)F)[N+]([O-])=O
AVFYPHPSIBAAME-UHFFFAOYSA-N,2167221.0,BAY-W-9798,COC(=O)C1=C(C)N(C)C(C)=C(C1c1ccc(cc1)C(F)(F)F)C(=O)OC
JBGYKRAZYDNCNV-UHFFFAOYSA-N,70817911.0,BAY1125976,NC(=O)c1ccc2nc(c(-c3ccccc3)n2n1)-c1ccc(cc1)C1(N)CCC1
WNEILUNVMHVMPH-UHFFFAOYSA-N,78320750.0,BAY1217389,COc1ccc(Oc2cc(NCCC(F)(F)F)c3ncc(-c4ccc(C(=O)NC5CC5)c(C)c4)n3n2)c(F)c1F
RRZVGDGTWNQAPW-UHFFFAOYSA-N,91654625.0,BAZ2-ICR,Cn1cc(CCn2cnc(-c3cnn(C)c3)c2-c2ccc(cc2)C#N)cn1
UCJGJABZCDBEDK-UHFFFAOYSA-N,154257.0,bazedoxifene,Cc1c(-c2ccc(O)cc2)n(Cc2ccc(OCCN3CCCCCC3)cc2)c2ccc(O)cc12
KDQVMGQHPAKJAN-UHFFFAOYSA-N,60126757.0,BC-11,NC(=N)SCc1ccc(cc1)B(O)O
PSPGQHXMUKWNDI-UHFFFAOYSA-N,214346.0,BCI-540,Cc1oc2nc3CCCCc3c(NC(=O)CN3CCCC3=O)c2c1C
ROGUAPYLUCHQGK-UHFFFAOYSA-N,9929425.0,BCTC,CC(C)(C)c1ccc(NC(=O)N2CCN(CC2)c2ncccc2Cl)cc1
OTGQTQBPQCRNRG-UHFFFAOYSA-N,9822205.0,BCX-1470,NC(=N)c1cc2ccc(OC(=O)c3cccs3)cc2s1
ASGIQUHBAVIOTI-UHFFFAOYSA-N,126388.0,BD-1008,CN(CCN1CCCC1)CCc1ccc(Cl)c(Cl)c1
MGVRNMUKTZOQOW-UHFFFAOYSA-N,188914.0,BD-1047,CN(C)CCN(C)CCc1ccc(Cl)c(Cl)c1
SUIZRDJCBVPASY-UHFFFAOYSA-N,574780.0,BD-1063,CN1CCN(CCc2ccc(Cl)c(Cl)c2)CC1
PZZOEXPDTYIBPI-MRXNPFEDSA-N,86308637.0,BE-2254,Oc1ccc(CCNC[C@H]2CCc3ccccc3C2=O)cc1
TWJZFXHSPBBPNI-UHFFFAOYSA-N,59474330.0,BEBT-908,CNc1ccc(cn1)-c1nc(N2CCOCC2)c2sc(CN(C)c3ncc(cn3)C(=O)NO)cc2n1
ZTTKEBYSXUCBSE-QDFUAKMASA-N,56934415.0,beclabuvir,COc1ccc2-c3c(C4CCCCC4)c4ccc(cc4n3C[C@]3(C[C@H]3c2c1)C(=O)N1[C@H]2CC[C@@H]1CN(C)C2)C(=O)NS(=O)(=O)N(C)C
JPYQFYIEOUVJDU-UHFFFAOYSA-N,10391.0,beclamide,ClCCC(=O)NCc1ccccc1
NBMKJKDGKREAPL-DGLOSGAVSA-N,,beclomethasone,C[C@H]1C[C@H]2[C@H]3CCC4=CC(=O)C=C[C@@]4(C)[C@@]3(Cl)[C@@H](O)C[C@@]2(C)[C@@]1(O)C(=O)CO
KUVIULQEHSCUHY-XYWKZLDCSA-N,21700.0,beclomethasone-dipropionate,CCC(=O)OCC(=O)[C@@]1(OC(=O)CC)[C@@H](C)C[C@H]2[C@@H]3CCC4=CC(=O)C=C[C@]4(C)[C@@]3(Cl)[C@@H](O)C[C@]12C
QUIJNHUBAXPXFS-XLJNKUFUSA-N,5388906.0,bedaquiline,COc1nc2ccc(Br)cc2cc1[C@@H](c1ccccc1)[C@@](O)(CCN(C)C)c1cccc2ccccc12
SRIJFPBZWUFLFD-UHFFFAOYSA-N,68664.0,befuraline,O=C(N1CCN(Cc2ccccc2)CC1)c1cc2ccccc2o1
PSXOKXJMVRSARX-SCSAIBSYSA-N,11269353.0,begacestat,OC[C@@H](NS(=O)(=O)c1ccc(Cl)s1)C(C(F)(F)F)C(F)(F)F
WPYMKLBDIGXBTP-UHFFFAOYSA-N,243.0,benzoic-acid,OC(=O)c1ccccc1
SKKLOUVUUNMCJE-FQSMHNGLSA-N,439318.0,bekanamycin,NC[C@H]1O[C@H](O[C@@H]2[C@@H](N)C[C@@H](N)[C@H](O[C@H]3O[C@H](CO)[C@@H](O)[C@H](N)[C@H]3O)[C@H]2O)[C@H](N)[C@@H](O)[C@@H]1O
NCNRHFGMJRPRSK-MDZDMXLPSA-N,6918638.0,belinostat,ONC(=O)\C=C\c1cccc(c1)S(=O)(=O)Nc1ccccc1
WSTUJEXAPHIEIM-FEGDYQJNSA-N,,belizatinib,CC(C)NC(=O)[C@H]1CC[C@H](CC1)n1c(NC(=O)c2ccc(F)cc2)nc2ccc(CN3CCC(CC3)C(C)(C)O)cc12
LNHWXBUNXOXMRL-VWLOTQADSA-N,6456014.0,belotecan,CC[C@@]1(O)C(=O)OCc2c1cc1-c3nc4ccccc4c(CCNC(C)C)c3Cn1c2=O
ORRZGUBHBVWWOP-UHFFFAOYSA-N,2310.0,bemegride,CCC1(C)CC(=O)NC(=O)C1
MNJNPLVXBISNSX-WDNDVIMCSA-N,,bemesetron,CN1[C@H]2CC[C@@H]1C[C@@H](C2)OC(=O)c1cc(Cl)cc(Cl)c1
XVAMCHGMPYWHNL-MKPDMIMOSA-N,136218979.0,bemotrizinol,CCCC[C@H](CC)COc1ccc(c(O)c1)-c1nc(nc(n1)-c1ccc(OC[C@H](CC)CCCC)cc1O)-c1ccc(OC)cc1
HYHMLYSLQUKXKP-UHFFFAOYSA-N,10472693.0,bempedoic-acid,CC(C)(CCCCCC(O)CCCCCC(C)(C)C(O)=O)C(O)=O
IVQOFBKHQCTVQV-UHFFFAOYSA-N,9330.0,benactyzine,CCN(CC)CCOC(=O)C(O)(c1ccccc1)c1ccccc1
VXMVXDITZWJXJN-RMPHRYRLSA-N,7566768.0,benaxibine,OC[C@H]1O[C@@H](Nc2ccc(cc2)C(O)=O)[C@H](O)[C@@H](O)[C@@H]1O
XPCFTKFZXHTYIP-PMACEKPBSA-N,5362124.0,benazepril,CCOC(=O)[C@H](CCc1ccccc1)N[C@H]1CCc2ccccc2N(CC(O)=O)C1=O
YTKUWDBFDASYHO-UHFFFAOYSA-N,65628.0,bendamustine,Cn1c(CCCC(O)=O)nc2cc(ccc12)N(CCCl)CCCl
BYFMCKSPFYVMOU-UHFFFAOYSA-N,2313.0,bendazac,OC(=O)COc1nn(Cc2ccccc2)c2ccccc12
YTLQFZVCLXFFRK-UHFFFAOYSA-N,12132.0,bendazol,C(c1nc2ccccc2[nH]1)c1ccccc1
HDWIHXWEUNVBIY-CQSZACIVSA-N,9845085.0,bendroflumethiazide,NS(=O)(=O)c1cc2c(N[C@@H](Cc3ccccc3)NS2(=O)=O)cc1C(F)(F)F
UPABQMWFWCMOFV-UHFFFAOYSA-N,65055.0,benethamine,C(Cc1ccccc1)NCc1ccccc1
CJAVTWRYCDNHSM-AWEZNQCLSA-N,6604374.0,benfluorex,C[C@@H](Cc1cccc(c1)C(F)(F)F)NCCOC(=O)c1ccccc1
SMDHCQAYESWHAE-UHFFFAOYSA-N,2319.0,benfluralin,CCCCN(CC)c1c(cc(cc1[N+]([O-])=O)C(F)(F)F)[N+]([O-])=O
BTNNPSLJPBRMLZ-LGMDPLHJSA-N,3032771.0,benfotiamine,C\C(N(Cc1cnc(C)nc1N)C=O)=C(/CCOP(O)(O)=O)SC(=O)c1ccccc1
QZVNQOLPLYWLHQ-ZEQKJWHPSA-N,656667.0,benidipine,COC(=O)C1=C(C)NC(C)=C([C@@H]1c1cccc(c1)[N+]([O-])=O)C(=O)O[C@@H]1CCCN(Cc2ccccc2)C1
FEBOTPHFXYHVPL-UHFFFAOYSA-N,16363.0,benperidol,Fc1ccc(cc1)C(=O)CCCN1CCC(CC1)n1c2ccccc2[nH]c1=O
JTUQXGZRVLWBCR-SFHVURJKSA-N,14456347.0,benproperine,C[C@@H](COc1ccccc1Cc1ccccc1)N1CCCCC1
BNQDCRGUHNALGH-UHFFFAOYSA-N,657280.0,benserazide,NC(CO)C(=O)NNCc1ccc(O)c(O)c1O
SPPTWHFVYKCNNK-FQEVSTJZSA-N,6957673.0,bentiromide,OC(=O)c1ccc(NC(=O)[C@H](Cc2ccc(O)cc2)NC(=O)c2ccccc2)cc1
JFZGBMJPJZDNNT-UHFFFAOYSA-N,38000.0,benurestat,ONC(=O)CNC(=O)c1ccc(Cl)cc1
VVZBFOKBSDGVGZ-UHFFFAOYSA-N,2330.0,benzalkonium,CCCCCCCCCCCCC[N+](C)(C)Cc1ccccc1
KXDROGADUISDGY-UHFFFAOYSA-N,108107.0,benzamil,NC(NCc1ccccc1)=NC(=O)c1nc(Cl)c(N)nc1N
WHQCHUCQKNIQEC-UHFFFAOYSA-N,2333.0,benzbromarone,CCc1oc2ccccc2c1C(=O)c1cc(Br)c(O)c(Br)c1
PHFWPIKQCFQPJY-CYBMUJFWSA-N,92279095.0,"benzenemethanol,-2,5-dimethyl-[[(1-methylethyl)amino]methyl]",CC(C)NC[C@@H](O)c1cc(C)ccc1C
SIYLLGKDQZGJHK-UHFFFAOYSA-N,2335.0,benzethonium,CC(C)(C)CC(C)(C)c1ccc(OCCOCC[N+](C)(C)Cc2ccccc2)cc1
CULUWZNBISUWAS-UHFFFAOYSA-N,31593.0,benznidazole,[O-][N+](=O)c1nccn1CC(=O)NCc1ccccc1
YXIWHUQXZSMYRE-UHFFFAOYSA-N,697993.0,benzo[d]thiazole-2(3H)-thione,S=c1[nH]c2ccccc2s1
BLFLLBZGZJTVJG-UHFFFAOYSA-N,2337.0,benzocaine,CCOC(=O)c1ccc(N)cc1
AHKAOMZZTQULDS-ZDUSSCGKSA-N,6928653.0,benzoclidine,O=C(O[C@H]1CN2CCC1CC2)c1ccccc1
DFHBBMJTBBLQSA-UHFFFAOYSA-N,91676.0,benzofenac,OC(=O)Cc1ccc(OCc2ccccc2)c(Cl)c1
ISAOCJYIOMOJEB-CYBMUJFWSA-N,640038.0,benzoin,O[C@@H](C(=O)c1ccccc1)c1ccccc1
MAFMQEKGGFWBAB-UHFFFAOYSA-N,7699.0,benzonatate,CCCCNc1ccc(cc1)C(=O)OCCOCCOCCOCCOCCOCCOCCOCCOCCOC
YERABYSOHUZTPQ-UHFFFAOYSA-P,9394.0,benzoquinonium-dibromide,CC[N+](CC)(CCCNC1=CC(=O)C(NCCC[N+](CC)(CC)Cc2ccccc2)=CC1=O)Cc1ccccc1
QJERBBQXOMUURJ-INIZCTEOSA-N,2060890.0,benzotript,OC(=O)[C@H](Cc1c[nH]c2ccccc12)NC(=O)c1ccc(Cl)cc1
BHKPHCKISVSDGV-UHFFFAOYSA-N,6855.0,benzoxiquine,O=C(Oc1cccc2cccnc12)c1ccccc1
OMPJBNCRMGITSC-UHFFFAOYSA-N,7187.0,benzoyl-peroxide,O=C(OOC(=O)c1ccccc1)c1ccccc1
GNZCRYWFWKFIDM-UHFFFAOYSA-N,10718.0,benzoylpas,OC(=O)c1ccc(NC(=O)c2ccccc2)cc1O
MQMCZGVMQZPYQA-UHFFFAOYSA-N,132458842.0,benzthiazide,NS(=O)(=O)c1cc2c(NC(NS2(=O)=O)=CSCc2ccccc2)cc1Cl
GIJXKZJWITVLHI-PMOLBWCYSA-N,,benztropine-mesylate,CN1[C@H]2CC[C@@H]1C[C@@H](C2)OC(c1ccccc1)c1ccccc1
CNBGNNVCVSKAQZ-UHFFFAOYSA-N,12555.0,benzydamine,CN(C)CCCOc1nn(Cc2ccccc2)c2ccccc12
WVDDGKGOMKODPV-UHFFFAOYSA-N,244.0,benzyl-alcohol,OCc1ccccc1
SESFRYSPDFLNCH-UHFFFAOYSA-N,2345.0,benzyl-benzoate,O=C(OCc1ccccc1)c1ccccc1
MDKCFLQDBWCQCV-UHFFFAOYSA-N,2346.0,benzyl-isothiocyanate,S=C=NCc1ccccc1
QDYLMAYUEZBUFO-UHFFFAOYSA-N,31203.0,benzyldimethylhexadecylammonium,CCCCCCCCCCCCCCCC[N+](C)(C)Cc1ccccc1
SHFLYPPECXRCFO-UHFFFAOYSA-N,13741.0,benzyldimethyloctylammonium,CCCCCCCC[N+](C)(C)Cc1ccccc1
JGSARLDLIJGVTE-MBNYWOFBSA-N,5904.0,benzylpenicillin,CC1(C)S[C@@H]2[C@H](NC(=O)Cc3ccccc3)C(=O)N2[C@H]1C(O)=O
AVWWVJUMXRXPNF-UHFFFAOYSA-N,19667.0,bephenium-hydroxynaphthoate,C[N+](C)(CCOc1ccccc1)Cc1ccccc1
YWGDOWXRIALTES-NRFANRHFSA-N,25273609.0,bepotastine,OC(=O)CCCN1CCC(CC1)O[C@@H](c1ccc(Cl)cc1)c1ccccn1
UIEATEWHFDRYRU-UHFFFAOYSA-N,50088.0,bepridil,CC(C)COCC(CN(Cc1ccccc1)c1ccccc1)N1CCCC1
YBHILYKTIRIUTE-UHFFFAOYSA-N,2353.0,berberine,COc1ccc2cc3-c4cc5OCOc5cc4CC[n+]3cc2c1OC
BGEBZHIAGXMEMV-UHFFFAOYSA-N,2355.0,bergapten,COc1c2ccoc2cc2oc(=O)ccc12
YWJXCIXBAKGUKZ-HJJNZUOJSA-N,66065.0,bergenin,COc1c(O)cc2C(=O)O[C@@H]3[C@@H](O)[C@H](O)[C@@H](CO)O[C@H]3c2c1O
QFFGVLORLPOAEC-SNVBAGLBSA-N,10178705.0,besifloxacin,N[C@@H]1CCCCN(C1)c1c(F)cc2c(c1Cl)n(cc(C(O)=O)c2=O)C1CC1
AGYIAWHWIUZNSD-INIZCTEOSA-N,73425805.0,BET-BAY-002,Cc1nnc(C[C@@H]2C=C(c3ccc(Cl)cc3)c3ccccc3-n3c(C)nnc23)o1
GYNDFOLSPPBBIK-UHFFFAOYSA-N,9882580.0,beta-amyloid-synthesis-inhibitor,Oc1cccc(Nc2ccc(Nc3cccc(O)c3)nn2)c1
OENHQHLEOONYIE-JLTXGRSLSA-N,5280489.0,beta-carotene,C\C(\C=C\C=C(/C)\C=C\C1=C(C)CCCC1(C)C)=C/C=C/C=C(\C)/C=C/C=C(\C)/C=C/C1=C(C)CCCC1(C)C
WGNGIELOOKACSB-UHFFFAOYSA-N,128618.0,beta-CCB,CCCCOC(=O)c1cc2c(cn1)[nH]c1ccccc21
OPFTUNCRGUEPRZ-QLFBSQMISA-N,6918391.0,beta-elemene,CC(=C)[C@@H]1CC[C@@](C)(C=C)[C@@H](C1)C(C)=C
PQKHESYTSKMWFP-WZJCLRDWSA-N,5311018.0,beta-funaltrexamine,COC(=O)\C=C\C(=O)N[C@@H]1CC[C@@]2(O)[C@H]3Cc4ccc(O)c5O[C@@H]1[C@]2(CCN3CC1CC1)c45
DHCLVCXQIBBOPH-UHFFFAOYSA-N,2526.0,beta-glycerophosphoric-acid,OCC(CO)OP(O)(O)=O
KORPMXSVHOHPMS-UHFFFAOYSA-N,129010087.0,beta-hydroxy-beta-methylbutyrate,CC(C)(O)CC(O)=O.CC(C)(O)CC(O)=O
WHBMMWSBFZVSSR-UHFFFAOYSA-N,441.0,beta-hydroxybutyrate,CC(O)CC(O)=O
QZPQTZZNNJUOLS-UHFFFAOYSA-N,3885.0,beta-lapachone,CC1(C)CCC2=C(O1)c1ccccc1C(=O)C2=O
JWAZRIHNYRIHIV-UHFFFAOYSA-N,8663.0,beta-naphthol,Oc1ccc2ccccc2c1
UUQMNUMQCIQDMZ-UHFFFAOYSA-N,2366.0,betahistine,CNCCc1ccccn1
PSPFQEBFYXJZEV-UHFFFAOYSA-N,9813758.0,BMS-345541,Cc1cnc2c(NCCN)nc3ccc(C)cc3n12
KWIUHFFTVRNATP-UHFFFAOYSA-O,248.0,betaine,C[N+](C)(C)CC(O)=O
UREBDLICKHMUKA-DVTGEIKXSA-N,9782.0,betamethasone,C[C@H]1C[C@H]2[C@@H]3CCC4=CC(=O)C=C[C@]4(C)[C@@]3(F)[C@@H](O)C[C@]2(C)[C@@]1(O)C(=O)CO
AKUJBENLRBOFTD-QZIXMDIESA-N,443967.0,betamethasone-acetate,C[C@H]1C[C@H]2[C@@H]3CCC4=CC(=O)C=C[C@]4(C)[C@@]3(F)[C@@H](O)C[C@]2(C)[C@@]1(O)C(=O)COC(C)=O
VXOWJCTXWVWLLC-REGDIAEZSA-N,71470.0,betamethasone-butyrate-propionate,CCCC(=O)O[C@@]1([C@@H](C)C[C@H]2[C@@H]3CCC4=CC(=O)C=C[C@]4(C)[C@@]3(F)[C@@H](O)C[C@]12C)C(=O)COC(=O)CC
CIWBQSYVNNPZIQ-XYWKZLDCSA-N,21800.0,betamethasone-dipropionate,CCC(=O)OCC(=O)[C@@]1(OC(=O)CC)[C@@H](C)C[C@H]2[C@@H]3CCC4=CC(=O)C=C[C@]4(C)[C@@]3(F)[C@@H](O)C[C@]12C
VQODGRNSFPNSQE-DVTGEIKXSA-N,107782.0,betamethasone-phosphate,C[C@H]1C[C@H]2[C@@H]3CCC4=CC(=O)C=C[C@]4(C)[C@@]3(F)[C@@H](O)C[C@]2(C)[C@@]1(O)C(=O)COP(O)(O)=O
SNHRLVCMMWUAJD-SUYDQAKGSA-N,16533.0,betamethasone-valerate,CCCCC(=O)O[C@@]1([C@@H](C)C[C@H]2[C@@H]3CCC4=CC(=O)C=C[C@]4(C)[C@@]3(F)[C@@H](O)C[C@]12C)C(=O)CO
CWXYHOHYCJXYFQ-UHFFFAOYSA-N,71651.0,betamipron,OC(=O)CCNC(=O)c1ccccc1
NWIUTZDMDHAVTP-QGZVFWFLSA-N,6093355.0,betaxolol,CC(C)NC[C@@H](O)COc1ccc(CCOCC2CC2)cc1
JXDFEQONERDKSS-UHFFFAOYSA-N,7741.0,betazole,NCCc1ccn[nH]1
NZUPCNDJBJXXRF-LURJTMIESA-O,6603779.0,bethanechol,C[C@@H](C[N+](C)(C)C)OC(N)=O
NTDFYGSSDDMNHI-NDEPHWFRSA-N,97182196.0,BETP,CC[S@](=O)c1nc(cc(n1)C(F)(F)F)-c1cccc(OCc2ccccc2)c1
XHOLNRLADUSQLD-UHFFFAOYSA-N,10275777.0,betrixaban,COc1ccc(NC(=O)c2ccc(cc2)C(=N)N(C)C)c(c1)C(=O)Nc1ccc(Cl)cn1
QGJZLNKBHJESQX-FZFNOLFKSA-N,64971.0,betulinic-acid,CC(=C)[C@@H]1CC[C@@]2(CC[C@]3(C)[C@H](CC[C@@H]4[C@@]5(C)CC[C@H](O)C(C)(C)[C@@H]5CC[C@@]34C)[C@@H]12)C(O)=O
HXLAFSUPPDYFEO-QGZVFWFLSA-N,36690919.0,bevantolol,COc1ccc(CCNC[C@@H](O)COc2cccc(C)c2)cc1OC
ZGCYVRNZWGUXNQ-UHFFFAOYSA-N,10452732.0,bevenopran,COc1cc(CNCCC2CCOCC2)ccc1Oc1cnc(cn1)C(N)=O
YJEJKUQEXFSVCJ-WRFMNRASSA-N,457928.0,bevirimat-dimeglumine,CC(=C)[C@@H]1CC[C@@]2(CC[C@]3(C)[C@H](CC[C@@H]4[C@@]5(C)CC[C@H](OC(=O)CC(C)(C)C(O)=O)C(C)(C)[C@@H]5CC[C@@]34C)[C@@H]12)C(O)=O
BTCRKOKVYTVOLU-SJSRKZJXSA-N,25195624.0,bexagliflozin,OC[C@H]1O[C@H]([C@H](O)[C@@H](O)[C@@H]1O)c1ccc(Cl)c(Cc2ccc(OCCOC3CC3)cc2)c1
NAVMQTYZDKMPEU-UHFFFAOYSA-N,82146.0,bexarotene,Cc1cc2c(cc1C(=C)c1ccc(cc1)C(O)=O)C(C)(C)CCC2(C)C
IIBYAHWJQTYFKB-UHFFFAOYSA-N,39042.0,bezafibrate,CC(C)(Oc1ccc(CCNC(=O)c2ccc(Cl)cc2)cc1)C(O)=O
JNLSTLQFDDAULK-UHFFFAOYSA-N,24756034.0,BFH772,OCc1cc(Oc2ccc3c(cccc3c2)C(=O)Nc2cccc(c2)C(F)(F)F)ncn1
MVLOQULXIYSERZ-ZDUSSCGKSA-N,92211270.0,BGP-15,O[C@H](CONC(=N)c1cccnc1)CN1CCCCC1
VZDUQPHKUBZMLW-UHFFFAOYSA-N,291461.0,BTB1,[O-][N+](=O)c1cc(Cl)ccc1S(=O)(=O)c1ccccc1
BMMXYEBLEBULND-UHFFFAOYSA-N,11978790.0,BGT226,COc1ccc(cn1)-c1ccc2ncc3n(C)c(=O)n(-c4ccc(N5CCNCC5)c(c4)C(F)(F)F)c3c2c1
JZODKRWQWUWGCD-UHFFFAOYSA-N,2374.0,BHQ,CC(C)(C)c1cc(O)c(cc1O)C(C)(C)C
MIXIIJCBELCMCZ-VWLOTQADSA-N,66561902.0,BI-224436,Cc1nc2ccccc2c(-c2ccc3OCCc4ccnc2c34)c1[C@H](OC(C)(C)C)C(O)=O
XQVVPGYIWAGRNI-JOCHJYFZSA-N,11364421.0,BI-2536,CC[C@H]1N(C2CCCC2)c2nc(Nc3ccc(cc3OC)C(=O)NC3CCN(C)CC3)ncc2N(C)C1=O
BZTIJCSHNVZMES-UHFFFAOYSA-N,135908617.0,BI-409306,Oc1nc(Cc2ccccn2)nc2n(ncc12)C1CCOCC1
QFRLDZGQEZCCJZ-UHFFFAOYSA-N,2747117.0,BI-78D3,[O-][N+](=O)c1cnc(Sc2n[nH]c(=O)n2-c2ccc3OCCOc3c2)s1
FLBNLJLONKAPLR-BYYHNAKLSA-N,,BI-847325,CCNC(=O)C#Cc1ccc2\C(=C(/Nc3ccc(CN(C)C)cc3)c3ccccc3)C(=O)Nc2c1
DTEKTGDVSARYDS-NSHDSACASA-N,44141268.0,BI-D1870,CC(C)CCN1[C@@H](C)C(=O)N(C)c2cnc(Nc3cc(F)c(O)c(F)c3)nc12
DOWVMJFBDGWVML-UHFFFAOYSA-N,46831476.0,BIA-10-2474,CN(C1CCCCC1)C(=O)n1cnc(c1)-c1ccc[n+]([O-])c1
MRMBZHPJVKCOMA-YJFSRANCSA-O,71340.0,biapenem,C[C@@H](O)[C@@H]1[C@H]2[C@@H](C)C(SC3Cn4cnc[n+]4C3)=C(N2C1=O)C(O)=O
ITIXDWVDFFXNEG-JHOUSYSJSA-N,6918509.0,BIBN4096,NCCCC[C@H](NC(=O)[C@@H](Cc1cc(Br)c(O)c(Br)c1)NC(=O)N1CCC(CC1)N1Cc2ccccc2NC1=O)C(=O)N1CCN(CC1)c1ccncc1
PGFQXGLPJUCTOI-WYMLVPIESA-N,9927531.0,BIBR-1532,C\C(=C/C(=O)Nc1ccccc1C(O)=O)c1ccc2ccccc2c1
JUGSLZCFNSTKBN-UHFFFAOYSA-N,17756796.0,BIBU-1361,CCN(CC)CC1CCN(CC1)c1ncc2ncnc(Nc3ccc(F)c(Cl)c3)c2n1
FTFRZXFNZVCRSK-UHFFFAOYSA-N,6918508.0,BIBX-1382,CN1CCC(CC1)Nc1ncc2ncnc(Nc3ccc(F)c(Cl)c3)c2n1
LKJPYSCBVHEWIU-UHFFFAOYSA-N,2375.0,bicalutamide,CC(O)(CS(=O)(=O)c1ccc(F)cc1)C(=O)Nc1ccc(C#N)c(c1)C(F)(F)F
OFYVIGTWSQPCLF-NWDGAFQWSA-N,11715257.0,bicifadine,[H][C@@]12C[C@@]1(CNC2)c1ccc(C)cc1
SOLUWJRYJLAZCX-LYOVBCGYSA-N,90311989.0,bictegravir,[H][C@@]12CC[C@@]([H])(C1)N1C(=O)c3c(O)c(=O)c(cn3C[C@@]1([H])O2)C(=O)NCc1c(F)cc(F)cc1F
IYGYMKDQCDOMRE-ZWKOTPCHSA-N,10237.0,bicuculline-(+),CN1CCc2cc3OCOc3cc2[C@H]1[C@@H]1OC(=O)c2c1ccc1OCOc21
WDIQXKYUSINZME-RBUKOAKNSA-N,104872.0,bicuculline-methochloride-(-),C[N+]1(C)CCc2cc3OCOc3cc2[C@H]1[C@@H]1OC(=O)c2c1ccc1OCOc21
KXMTXZACPVCDMH-UHFFFAOYSA-N,9821754.0,bicyclol,COC(=O)c1cc(OC)c2OCOc2c1-c1c2OCOc2c(OC)cc1CO
QSQQPMHPCBLLGX-UHFFFAOYSA-N,2377.0,bifemelane,CNCCCCOc1ccccc1Cc1ccccc1
JMZOMFYRADAWOG-UHFFFAOYSA-N,108213.0,bifendate,COC(=O)c1cc(OC)c2OCOc2c1-c1c2OCOc2c(OC)cc1C(=O)OC
OCAPBUJLXMYKEJ-QFIPXVFZSA-N,5459391.0,bifonazole,c1cn(cn1)[C@@H](c1ccccc1)c1ccc(cc1)-c1ccccc1
QULDDKSCVCJTPV-UHFFFAOYSA-N,16736529.0,BIIB021,COc1c(C)cnc(Cn2cnc3c(Cl)nc(N)nc23)c1C
ACCMWZWAEFYUGZ-UHFFFAOYSA-N,40467029.0,bilastine,CCOCCn1c(nc2ccccc12)C1CCN(CCc2ccc(cc2)C(C)(C)C(O)=O)CC1
MOLPUWBMSBJXER-YDGSQGCISA-N,73581.0,bilobalide,CC(C)(C)[C@]1(O)C[C@@H]2OC(=O)C[C@@]22C(=O)O[C@@H]3OC(=O)[C@H](O)[C@]123
AQOKCDNYWBIDND-FTOWTWDKSA-N,5311027.0,bimatoprost,CCNC(=O)CCC\C=C/C[C@H]1[C@@H](O)C[C@@H](O)[C@@H]1\C=C\[C@@H](O)CCc1ccccc1
AFOFVIBWSLOHFR-QDMKHBRRSA-N,,BIMU-8,CC(C)n1c2ccccc2n(C(=O)N[C@@H]2C[C@@H]3CC[C@H](C2)N3C)c1=O
KMKBEESNZAPKMP-AREMUKBSSA-N,86311024.0,BINA,Cc1c2C(=O)[C@H](Cc2cc(OCc2cccc(c2)-c2ccc(cc2)C(O)=O)c1C)C1CCCC1
MTHORRSSURHQPZ-UHFFFAOYSA-N,71354.0,bindarit,CC(C)(OCc1nn(Cc2ccccc2)c2ccccc12)C(O)=O
ACWZRVQXLIRSDF-UHFFFAOYSA-N,10288191.0,binimetinib,Cn1cnc2c(F)c(Nc3ccc(Br)cc3F)c(cc12)C(=O)NOCCO
NVVGCQABIHSJSQ-KFZSMJGVSA-N,9961766.0,BIO-1211,CC(C)C[C@H](NC(=O)Cc1ccc(NC(=O)Nc2ccccc2C)cc1)C(=O)N[C@@H](CC(O)=O)C(=O)N[C@@H](C(C)C)C(=O)N1CCC[C@H]1C(O)=O
MNQBPRHHZPXCKZ-ZDCRTTOTSA-N,10350459.0,BIO-5192,CC(C)C[C@H](N(C)C(=O)Cc1ccc(NC(=O)Nc2ccccc2C)cc1)C(=O)NCC[C@H](NC(=O)[C@@H]1CCCN1S(=O)(=O)c1cc(Cl)cc(Cl)c1)C(O)=O
YBJHBAHKTGYVGT-ZKWXMUAHSA-N,171548.0,biotin,OC(=O)CCCC[C@@H]1SC[C@@H]2NC(=O)N[C@H]12
HLAFSNJRKZLMPT-UHFFFAOYSA-N,43961.0,bipenamol,NCc1ccccc1Sc1ccccc1CO
YSXKPIUOCJLQIE-UYWIDEMCSA-N,12147323.0,biperiden,O[C@@](CCN1CCCCC1)([C@@H]1C[C@@H]2C[C@H]1C=C2)c1ccccc1
PKWRMUKBEYJEIX-DXXQBUJASA-N,49836020.0,birinapant,CC[C@H](NC(=O)[C@H](C)NC)C(=O)N1C[C@@H](O)C[C@H]1Cc1c([nH]c2cc(F)ccc12)-c1[nH]c2cc(F)ccc2c1C[C@@H]1C[C@H](O)CN1C(=O)[C@H](CC)NC(=O)[C@H](C)NC
FJNJHZQMQRVZEE-GOSISDBHSA-N,9803375.0,BIRT-377,CN1C(=O)N(C(=O)[C@@]1(C)Cc1ccc(Br)cc1)c1cc(Cl)cc(Cl)c1
XUOLEICXAPEOSI-UHFFFAOYSA-L,3035454.0,bis(maltolato)oxovanadium(IV),Cc1occc(=O)c1O[V](=O)Oc1c(C)occc1=O
KHOITXIGCFIULA-UHFFFAOYSA-N,2391.0,bisacodyl,CC(=O)Oc1ccc(cc1)C(c1ccc(OC(C)=O)cc1)c1ccccn1
NJSMWLQOCQIOPE-OCHFTUDZSA-N,5351322.0,bisantrene,C1CN=C(N\N=C\c2c3ccccc3c(\C=N\NC3=NCCN3)c3ccccc23)N1
DSXXEELGXBCYNQ-UHFFFAOYSA-N,5083.0,bisindolylmaleimide-IX,Cn1cc(C2=C(C(=O)NC2=O)c2cn(CCCSC(N)=N)c3ccccc23)c2ccccc12
PEBMBOMJLWXKFI-UHFFFAOYSA-N,,bismuth-oxalate,[Bi].[Bi].OC(=O)C(O)=O.OC(=O)C(O)=O.OC(=O)C(O)=O
KNOSZBQOKCZXTI-UHFFFAOYSA-K,129856537.0,bismuth-subcitrate-potassium,OC(=O)C[C@](O)(CC(=O)O[Bi]1OC(=O)C[C@@](O)(CC(O)=O)C(=O)O1)C(O)=O
JAONZGLTYYUPCT-UHFFFAOYSA-K,73415769.0,bismuth-subgallate,O[Bi]1Oc2cc(cc(O)c2O1)C(O)=O
ZREIPSZUJIFJNP-UHFFFAOYSA-K,53629521.0,bismuth-subsalicylate,O[Bi]1OC(=O)c2ccccc2O1
BQFARKYNYLKHRD-UHFFFAOYSA-N,,bismuth(III)-trifluoromethanesulfonate,[Bi].OS(=O)(=O)C(F)(F)F.OS(=O)(=O)C(F)(F)F.OS(=O)(=O)C(F)(F)F
FQUNFJULCYSSOP-UHFFFAOYSA-N,3571576.0,bisoctrizole,CC(C)(C)CC(C)(C)c1cc(Cc2cc(cc(c2O)-n2nc3ccccc3n2)C(C)(C)CC(C)(C)C)c(O)c(c1)-n1nc2ccccc2n1
VHYCDWMUTMEGQY-QGZVFWFLSA-N,6604464.0,bisoprolol,CC(C)NC[C@@H](O)COc1ccc(COCCOC(C)C)cc1
IISBACLAFKSPIT-UHFFFAOYSA-N,6623.0,bisphenol-A,CC(C)(c1ccc(O)cc1)c1ccc(O)cc1
JFIOVJDNOJYLKP-UHFFFAOYSA-N,2406.0,bithionol,Oc1c(Cl)cc(Cl)cc1Sc1cc(Cl)cc(Cl)c1O
YUUGYIUSCYNSQR-LBPRGKRZSA-N,24946690.0,bitopertin,C[C@H](Oc1ccc(cc1C(=O)N1CCN(CC1)c1ncc(cc1F)C(F)(F)F)S(C)(=O)=O)C(F)(F)F
OMWQUXGVXQELIX-UHFFFAOYSA-N,19958.0,bitoscanate,S=C=Nc1ccc(cc1)N=C=S
OIRCOABEOLEUMC-GEJPAHFPSA-N,73952246.0,bivalirudin,CC[C@H](C)[C@H](NC(=O)[C@H](CCC(O)=O)NC(=O)[C@H](CCC(O)=O)NC(=O)[C@H](Cc1ccccc1)NC(=O)[C@H](CC(O)=O)NC(=O)CNC(=O)[C@H](CC(N)=O)NC(=O)CNC(=O)CNC(=O)CNC(=O)CNC(=O)[C@@H]1CCCN1C(=O)[C@H](CCCNC(N)=N)NC(=O)[C@@H]1CCCN1C(=O)[C@H](N)Cc1ccccc1)C(=O)N1CCC[C@H]1C(=O)N[C@@H](CCC(O)=O)C(=O)N[C@@H](CCC(O)=O)C(=O)N[C@@H](Cc1ccc(O)cc1)C(=O)N[C@@H](CC(C)C)C(O)=O
OSXFATOLZGZLSK-UHFFFAOYSA-N,25150857.0,BIX-01294,COc1cc2nc(nc(NC3CCN(Cc4ccccc4)CC3)c2cc1OC)N1CCCN(C)CC1
FSZPIAXLCCQFCM-FCQUAONHSA-N,,BIX-02188,CN(C)Cc1cccc(N\C(=C2/C(=O)Nc3cc(ccc23)C(N)=O)c2ccccc2)c1
HOMJAAIVTDVQJA-IZHYLOQSSA-N,,BIX-02189,CN(C)Cc1cccc(N\C(=C2/C(=O)Nc3cc(ccc23)C(=O)N(C)C)c2ccccc2)c1
DYSJMQABFPKAQM-UHFFFAOYSA-N,95864.0,BL-5583,OC(=O)c1cc2ccccc2s1
LZAXPYOBKSJSEX-GOSISDBHSA-N,5287792.0,blebbistatin-(-),Cc1ccc2N=C3N(CC[C@@]3(O)C(=O)c2c1)c1ccccc1
LZAXPYOBKSJSEX-GOSISDBHSA-N,5287792.0,blebbistatin-(+/-),Cc1ccc2N=C3N(CC[C@@]3(O)C(=O)c2c1)c1ccccc1
QYOAUOAXCQAEMW-DDZPZTJXSA-N,92135919.0,bleomycetin,C[C@@H](O)[C@H](NC(=O)[C@@H](C)[C@H](O)[C@@H](C)NC(=O)[C@@H](NC(=O)c1nc(nc(N)c1C)[C@H](CC(N)=O)NC[C@H](N)C(N)=O)[C@@H](O[C@@H]1O[C@@H](CO)[C@@H](O)[C@H](O)[C@@H]1O[C@@H]1O[C@H](CO)[C@@H](O)[C@H](OC(N)=O)[C@@H]1O)c1c[nH]cn1)C(=O)NCCc1nc(cs1)-c1nc(cs1)C(=O)NCCCNCCCCN
OYVAGSVQBOHSSS-WMBAVFRVSA-O,,bleomycin,[H][C@]1(O[C@H]2O[C@H](CO)[C@@H](O)[C@H](OC(N)=O)[C@@H]2O)[C@@H](O[C@H]([C@H](NC(=O)c2nc(nc(N)c2C)[C@H](CC(N)=O)NC[C@@H](N)C(N)=O)C(=O)N[C@@H](C)[C@H](O)[C@@H](C)C(=O)N[C@H]([C@@H](C)O)C(=O)NCCc2nc(cs2)-c2nc(cs2)C(=O)NCCC[S+](C)C)c2c[nH]cn2)O[C@H](CO)[C@H](O)[C@H]1O
XVGOZDAJGBALKS-UHFFFAOYSA-N,125564.0,blonanserin,CCN1CCN(CC1)c1cc(-c2ccc(F)cc2)c2CCCCCCc2n1
TXEBNKKOLVBTFK-UHFFFAOYSA-N,72710839.0,BLU9931,COc1cc(OC)c(Cl)c(c1Cl)-c1ccc2nc(Nc3c(C)cccc3NC(=O)C=C)ncc2c1
ADZBMFGQQWPHMJ-RHSMWYFYSA-N,46184986.0,BLZ945,CNC(=O)c1cc(Oc2ccc3nc(N[C@@H]4CCCC[C@H]4O)sc3c2)ccn1
BJSDNVVWJYDOLK-UHFFFAOYSA-N,2415.0,BML-190,COc1ccc2n(C(=O)c3ccc(Cl)cc3)c(C)c(CC(=O)N3CCOCC3)c2c1
FABQUVYDAXWUQP-UHFFFAOYSA-N,11210285.0,BML-284,COc1cccc(c1)-c1cc(NCc2ccc3OCOc3c2)nc(N)n1
MJRGSRRZKSJHOE-UHFFFAOYSA-N,122272.0,BMS-182874,CN(C)c1cccc2c(cccc12)S(=O)(=O)Nc1onc(C)c1C
QKOWACXSXTXRKA-UHFFFAOYSA-N,10474339.0,BMS-191011,Oc1ccc(Cl)cc1Cn1nc(oc1=O)-c1ccc(cc1)C(F)(F)F
SMIKIPXIDLITMP-LEWJYISDSA-N,9822753.0,BMS-191095,CC1(C)Oc2ccc(cc2[C@@H]([C@H]1O)N(Cc1ncc[nH]1)c1ccc(Cl)cc1)C#N
ORJRYNKVKJAJPY-UHFFFAOYSA-N,156690.0,BMS-207940,CN(Cc1cc(ccc1-c1ccccc1S(=O)(=O)Nc1noc(C)c1C)-c1ncco1)C(=O)CC(C)(C)C
OLCWFLWEHWLBTO-HSZRJFAPSA-N,448545.0,BMS-214662,O=S(=O)(N1Cc2cc(ccc2N(Cc2cnc[nH]2)C[C@H]1Cc1ccccc1)C#N)c1cccs1
SCFMWQIQBVZOQR-UHFFFAOYSA-N,5329775.0,BMS-265246,CCCCOc1c(cnc2n[nH]cc12)C(=O)c1c(F)cc(C)cc1F
IZAOBRWCUGOKNH-OAHLLOKOSA-N,11249248.0,BMS-299897,C[C@@H](N(c1cc(F)ccc1F)S(=O)(=O)c1ccc(Cl)cc1)c1ccc(F)cc1CCCC(O)=O
SJRVJRYZAQYCEE-UHFFFAOYSA-N,16122583.0,BMS-309403,CCc1c(c(nn1-c1ccccc1-c1cccc(OCC(O)=O)c1)-c1ccccc1)-c1ccccc1
OUSFTKFNBAZUKL-UHFFFAOYSA-N,3025986.0,BMS-387032,CC(C)(C)c1cnc(CSc2cnc(NC(=O)C3CCNCC3)s2)o1
GULVVTHHUIIMRL-WUFINQPMSA-N,9915813.0,BMS-470539,CCCC(=O)C1(CCN(CC1)C(=O)[C@@H](Cc1ccc(OC)cc1)NC(=O)[C@@H](N)Cc1cncn1C)c1ccccc1
ZWVZORIKUNOTCS-OAQYLSRUSA-N,135440466.0,BMS-536924,Cc1cc(cc2[nH]c(nc12)-c1c(NC[C@@H](O)c2cccc(Cl)c2)cc[nH]c1=O)N1CCOCC1
XEVJUIZOZCFECP-UHFFFAOYSA-N,9913339.0,BMS-566419,CCN1CCN(CC1)c1ccc(cn1)C(C)(C)NC(=O)c1cc2[nH]c3ccccc3c(=O)c2cc1F
GDTQLZHHDRRBEB-UHFFFAOYSA-N,10409068.0,BMS-582949,CCCNC(=O)c1cn2ncnc(Nc3cc(ccc3C)C(=O)NC3CC3)c2c1C
NXNKJLOEGWSJGI-BKMJKUGQSA-N,11635371.0,BMS-587101,CN1C(=O)N(C(=O)[C@]11CN(Cc2cc(cs2)C(O)=O)C[C@H]1c1ccc(cc1)C#N)c1cc(Cl)cc(Cl)c1
LUJZZYWHBDHDQX-QFIPXVFZSA-N,10437018.0,BMS-599626,Cc1c(NC(=O)OC[C@@H]2COCCN2)cn2ncnc(Nc3ccc4n(Cc5cccc(F)c5)ncc4c3)c12
QRPZBKAMSFHVRW-UHFFFAOYSA-N,11317439.0,BMS-626529,COc1cnc(-n2cnc(C)n2)c2[nH]cc(C(=O)C(=O)N3CCN(CC3)C(=O)c3ccccc3)c12
LQVXSNNAFNGRAH-QHCPKHFHSA-N,24785538.0,BMS-754807,C[C@]1(CCCN1c1nc(Nc2cc(n[nH]2)C2CC2)c2cccn2n1)C(=O)Nc1ccc(F)nc1
ZZZJRULMCGMYRH-UHFFFAOYSA-N,59749702.0,BMS-626531,Cc1c(cnn1-c1ncccc1C(F)(F)F)C(=O)Nc1cc(ccc1C)C(=O)NC1CC1
ZZUKALQMHNSWTK-UHFFFAOYSA-N,127019.0,BMS-649,CC1(C)CCC(C)(C)c2cc(ccc12)C1(OCCO1)c1ccc(cc1)C(O)=O
LILGMDXLRPEBNH-HFZDXXHNSA-N,11699447.0,BMS-688521,CN1C(=O)N(C(=O)[C@]11CN(C[C@H]1c1ccc(cc1)C#N)c1ccc(cn1)C(O)=O)c1cc(Cl)cc(Cl)c1
CSGQVNMSRKWUSH-IAGOWNOFSA-N,11349170.0,BMS-690514,COc1cccc(Nc2ncnn3ccc(CN4CC[C@@H](N)[C@H](O)C4)c23)c1
VNIWZCGZPBJWBI-UHFFFAOYSA-N,54682040.0,BMS-707035,Cn1c(nc(C(=O)NCc2ccc(F)cc2)c(O)c1=O)N1CCCCS1(=O)=O
HNXGIFYHJKEXNA-KDURUIRLSA-N,,BMS-770767,O[C@@]12CC[C@@](CC1)(C2)c1nnc2c(Oc3ccccc3Cl)cccn12
VNBRGSXVFBYQNN-UHFFFAOYSA-N,24794418.0,BMS-777607,CCOc1ccn(-c2ccc(F)cc2)c(=O)c1C(=O)Nc1ccc(Oc2ccnc(N)c2Cl)c(F)c1
JLPURTXCSILYLW-UHFFFAOYSA-N,59251511.0,BMS-779788,CC(C)(O)c1cn(c(n1)C(C)(C)c1ccccc1Cl)-c1ccc(cc1)-c1cccc(c1)S(C)(=O)=O
OKGPFTLYBPQBIX-CQSZACIVSA-N,5495818.0,BMS-806,COc1ccnc2[nH]cc(C(=O)C(=O)N3CCN(C[C@H]3C)C(=O)c3ccccc3)c12
CMVHFGNTABZQJU-HCXYKTFWSA-N,51039119.0,BMS-813160,CC(=O)N[C@@H]1C[C@@H](CC[C@@H]1N1CC[C@H](Nc2ncnc3cc(nn23)C(C)(C)C)C1=O)NC(C)(C)C
KXDZWUPUSDCGDD-UHFFFAOYSA-N,44137813.0,BMS-817378,Nc1nccc(Oc2ccc(NC(=O)c3cn(COP(O)(O)=O)cc(-c4ccc(F)cc4)c3=O)cc2F)c1Cl
KLRRGBHZCJLIEL-UHFFFAOYSA-N,57662985.0,BMS-833923,CNCc1ccc(C)c(NC(=O)c2ccc(Nc3nc(-c4ccccc4)c4ccccc4n3)cc2)c1
JJWLXRKVUJDJKG-VIFPVBQESA-N,135564632.0,BMS-863233,Clc1ccc2oc3c(nc([nH]c3=O)[C@@H]3CCCN3)c2c1
AYOUDDAETNMCBW-GSHUGGBRSA-N,66550890.0,BMS-906024,CN1c2ccccc2C(=N[C@H](NC(=O)[C@H](CCC(F)(F)F)[C@H](CCC(F)(F)F)C(N)=O)C1=O)c1ccccc1
JCINBYQJBYJGDM-UHFFFAOYSA-N,50922691.0,BMS-911543,CCn1c(cc2c1nc(Nc1cc(C)n(C)n1)c1ncn(C)c21)C(=O)N(C1CC1)C1CC1
TVJRDCQUZMGBAB-UHFFFAOYSA-N,70647728.0,BMS-935177,Cc1c(cccc1-n1cnc2ccccc2c1=O)-c1ccc(C(N)=O)c2[nH]c3cc(ccc3c12)C(C)(C)O
RANYIWAZSQWERN-WLENULPWSA-N,73388374.0,BMS-983970,NC(=O)[C@@H](CC1CC1)[C@@H](CCC(F)(F)F)C(=O)N[C@H]1N=C(c2ccccc2)c2cccc(F)c2NC1=O
GQBRZBHEPUQRPL-LJQANCHMSA-N,49792850.0,BMS-986020,C[C@@H](OC(=O)Nc1c(C)noc1-c1ccc(cc1)-c1ccc(cc1)C1(CC1)C(O)=O)c1ccccc1
ZRYMMWAJAFUANM-INIZCTEOSA-N,86582336.0,BMS-986142,Cc1c(cccc1-n1c(=O)n(C)c2c(F)cccc2c1=O)-c1c(F)cc(C(N)=O)c2[nH]c3C[C@H](CCc3c12)C(C)(C)O
KGERZPVQIRYWRK-GDLZYMKVSA-N,118196485.0,BMS-986158,Cc1nnn(C)c1-c1cnc2c(c1)n([C@@H](C1CCOCC1)c1ccccc1)c1cc(ccc21)C(C)(C)O
VJPPLCNBDLZIFG-ZDUSSCGKSA-N,121293929.0,BMS-986195,CC#CC(=O)N[C@H]1CCCN(C1)c1c(F)cc(C(N)=O)c2[nH]c(C)c(C)c12
KRTIYQIPSAGSBP-ZACQAIPSSA-N,,BMS-986205,[H][C@]1(CC[C@@H](CC1)c1ccnc2ccc(F)cc12)[C@@H](C)C(=O)Nc1ccc(Cl)cc1
IBPXYDUJQWENPM-XZOQPEGZSA-N,24801690.0,BMS-CCR2-22,CSc1ccc(cc1)C(=O)N[C@@H]1CCCC[C@@H]1NC(=O)CNC(=O)c1cc(ccc1NC(=O)NC(C)C)C(F)(F)F
ZXUYYZPJUGQHLQ-KRWDZBQOSA-N,10020651.0,BMY-14802,O[C@@H](CCCN1CCN(CC1)c1ncc(F)cn1)c1ccc(F)cc1
DSRSEEYZGWTODH-UHFFFAOYSA-N,127861.0,BMY-45778,OC(=O)COc1cccc(c1)-c1ocnc1-c1nc(c(o1)-c1ccccc1)-c1ccccc1
AYYCFGDXLUPJAQ-UHFFFAOYSA-N,2419.0,BMY-7378,COc1ccccc1N1CCN(CCN2C(=O)CC3(CCCC3)CC2=O)CC1
RADMJHVVIZTENA-UHFFFAOYSA-N,24786555.0,BNC105,COc1ccc2c(C(=O)c3cc(OC)c(OC)c(OC)c3)c(C)oc2c1O
LHHCSNFAOIFYRV-ZYNAIFEFSA-N,10324368.0,boceprevir,CC(C)(C)NC(=O)N[C@H](C(=O)N1C[C@H]2[C@@H]([C@H]1C(=O)N[C@@H](CC1CCC1)C(=O)C(N)=O)C2(C)C)C(C)(C)C
MXWZRRPNVLCHMY-UHFFFAOYSA-N,23384.0,bonaphthone,Brc1ccc2C(=O)C(=O)C=Cc2c1
UUOJIACWOAYWEZ-GOSISDBHSA-N,13302097.0,bopindolol,Cc1cc2c(OC[C@@H](CNC(C)(C)C)OC(=O)c3ccccc3)cccc2[nH]1
KGEKLUUHTZCSIP-JFGNBEQYSA-N,247573.0,bornyl-acetate,CC(=O)O[C@H]1C[C@H]2CC[C@@]1(C)C2(C)C
NFIVJOSXJDORSP-QMMMGPOBSA-N,150315.0,boronophenylalanine,N[C@@H](Cc1ccc(cc1)B(O)O)C(O)=O
GXJABQQUPOEUTA-RDJZCZTQSA-N,387447.0,bortezomib,CC(C)C[C@H](NC(=O)[C@H](Cc1ccccc1)NC(=O)c1cnccn1)B(O)O
SGWLRDAOCLITOM-UHFFFAOYSA-N,73386890.0,BOS-172722,CCOc1cc(ccc1Nc1ncc2cc(C)nc(NCC(C)(C)C)c2n1)-c1nncn1C
GJPICJJJRGTNOD-UHFFFAOYSA-N,104865.0,bosentan,COc1ccccc1Oc1c(NS(=O)(=O)c2ccc(cc2)C(C)(C)C)nc(nc1OCCO)-c1ncccn1
UBPYILGKFZZVDX-UHFFFAOYSA-N,5328940.0,bosutinib,COc1cc(Nc2c(cnc3cc(OCCCN4CCN(C)CC4)c(OC)cc23)C#N)c(Cl)cc1Cl
VUSNBQDZGKZEDL-UHFFFAOYSA-N,134117.0,BP-554,C(COc1ccc2OCOc2c1)CN1CCN(CC1)c1ccccc1
MNHDKMDLOJSCGN-UHFFFAOYSA-N,3038495.0,BP-897,COc1ccccc1N1CCN(CCCCNC(=O)c2ccc3ccccc3c2)CC1
VYCMAAOURFJIHD-PJNXIOHISA-N,443289.0,BQ-123,[H][C@@]12CCCN1C(=O)[C@@]([H])(CC(O)=O)NC(=O)[C@@H](Cc1c[nH]c3ccccc13)NC(=O)[C@H](CC(C)C)NC(=O)[C@H](NC2=O)C(C)C
LPAHKJMGDSJDRG-DJYQTOCQSA-N,5311032.0,BQ-788,CCCC[C@@H](NC(=O)[C@@H](Cc1cn(C(=O)OC)c2ccccc12)NC(=O)[C@H](CC(C)(C)C)NC(=O)N1[C@@H](C)CCC[C@H]1C)C(O)=O
QFUFJOJDXRWBNA-YUZLPWPTSA-N,,BQU57,Cc1nn(C)c2OC(=N)C(C#N)[C@@H](c12)c1ccc(cc1)C(F)(F)F
UCGWYCMPZXDHNR-UHFFFAOYSA-N,72193870.0,BRD4770,COC(=O)c1ccc2n(CCCc3ccccc3)c(NC(=O)c3ccccc3)nc2c1
XASCINRGTHLHGM-UHFFFAOYSA-N,1080352.0,BRD7389,O=C1c2ccccc2-c2c(NCCc3ccccc3)c(=O)[nH]c3cccc1c23
MKILROQBJOOZKC-UHFFFAOYSA-N,613000.0,BRD9876,CC(C)(C)c1ccc2cc(C#N)c(cc2c1)C#N
KQNZDYYTLMIZCT-KQPMLPITSA-N,5287620.0,brefeldin-A,C[C@H]1CCC\C=C\[C@@H]2C[C@H](O)C[C@H]2[C@H](O)\C=C\C(=O)O1
FFHBJDQSGDNCIV-VEUPWBLKSA-N,,bremelanotide,CCCC[C@H](NC(C)=O)C(=O)N[C@H]1CC(=O)NCCCC[C@H](NC(=O)[C@H](Cc2c[nH]c3ccccc23)NC(=O)[C@H](CCCNC(N)=N)NC(=O)[C@@H](Cc2ccccc2)NC(=O)[C@H](Cc2cnc[nH]2)NC1=O)C(O)=O
PHEZJEYUWHETKO-UHFFFAOYSA-N,57030.0,brequinar,Cc1c(nc2ccc(F)cc2c1C(O)=O)-c1ccc(cc1)-c1ccccc1F
LWUDDYHYYNNIQI-ZDUSSCGKSA-N,107926.0,bretazenil,CC(C)(C)OC(=O)c1ncn-2c1[C@@H]1CCCN1C(=O)c1c(Br)cccc-21
AAQOQKQBGPPFNS-UHFFFAOYSA-N,2431.0,bretylium,CC[N+](C)(C)Cc1ccccc1Br
ZKIAIYBUSXZPLP-UHFFFAOYSA-N,11978813.0,brexpiprazole,O=c1ccc2ccc(OCCCCN3CCN(CC3)c3cccc4sccc34)cc2[nH]1
LXENKEWVEVKKGV-BQYQJAHWSA-N,11248490.0,briciclib,COc1cc(OC)c(\C=C\S(=O)(=O)Cc2ccc(OC)c(OP(O)(O)=O)c2)c(OC)c1
AILRADAXUVEEIR-UHFFFAOYSA-N,68165256.0,brigatinib,COc1cc(ccc1Nc1ncc(Cl)c(Nc2ccccc2P(C)(C)=O)n1)N1CCC(CC1)N1CCN(C)CC1
HXCILVUBKWANLN-UHFFFAOYSA-N,12450.0,brilliant-green,CCN(CC)c1ccc(cc1)[C+](c1ccccc1)c1ccc(cc1)N(CC)CC
XYLJNLCSTIOKRM-UHFFFAOYSA-N,2435.0,brimonidine,Brc1c(NC2=NCCN2)ccc2nccnc12
WXJFKKQWPMNTIM-VWLOTQADSA-N,483477.0,brincidofovir,CCCCCCCCCCCCCCCCOCCCOP(O)(=O)CO[C@H](CO)Cn1ccc(N)nc1=O
HCRKCZRJWPKOAR-JTQLQIEISA-N,68844.0,brinzolamide,CCN[C@H]1CN(CCCOC)S(=O)(=O)c2sc(cc12)S(N)(=O)=O
WCWUXEGQKLTGDX-LLVKDONJSA-N,11234052.0,brivanib,C[C@@H](O)COc1cn2ncnc(Oc3ccc4[nH]c(C)cc4c3F)c2c1C
LTEJRLHKIYCEOX-OCCSQVGLSA-N,11154925.0,brivanib-alaninate,C[C@H](COc1cn2ncnc(Oc3ccc4[nH]c(C)cc4c3F)c2c1C)OC(=O)[C@H](C)N
ODZBBRURCPAEIQ-PIXDULNESA-N,446727.0,brivudine,OC[C@H]1O[C@H](C[C@@H]1O)n1cc(\C=C\Br)c(=O)[nH]c1=O
QJHCTHPYUOXOGM-DEOSSOPVSA-N,92844253.0,BRL-15572,O[C@@H](CN1CCN(CC1)c1cccc(Cl)c1)C(c1ccccc1)c1ccccc1
SAOHCSVJQIAGDD-OAHLLOKOSA-N,14259155.0,BRL-26314,OC(=O)[C@@H](Cc1ccccc1)NCc1ccc(Cl)cc1
ZGGNJJJYUVRADP-ACJLOTCBSA-N,9841972.0,BRL-37344,C[C@H](Cc1ccc(OCC(O)=O)cc1)NC[C@H](O)c1cccc(Cl)c1
SGOFAUSEYBZKDQ-SNVBAGLBSA-N,6604824.0,BRL-44408,C[C@H]1N(CC2=NCCN2)Cc2ccccc12
IFIUFCJFLGCQPH-UHFFFAOYSA-N,2921148.0,BRL-50481,CN(C)S(=O)(=O)c1cc(ccc1C)[N+]([O-])=O
GHCCBWMZKJQGLS-OAHLLOKOSA-N,14810948.0,BRL-52537,Clc1ccc(CC(=O)N2CCCC[C@@H]2CN2CCCC2)cc1Cl
WKNFADCGOAHBPG-UHFFFAOYSA-N,2438.0,BRL-54443,CN1CCC(CC1)c1c[nH]c2ccc(O)cc12
OSCTXCOERRNGLW-VOTSOKGWSA-N,1550874.0,brolitene,OCCNC(=O)\C=C\c1ccccc1
LWJALJDRFBXHKX-UHFFFAOYSA-N,4660557.0,bromantan,Brc1ccc(NC2C3CC4CC(C3)CC2C4)cc1
UPZFHUODAYGHDZ-TWGQIWQCSA-N,5284375.0,bromebric-acid,COc1ccc(cc1)C(=O)C(\Br)=C\C(O)=O
ZBPLOVFIXSTCRZ-UHFFFAOYSA-N,60726.0,bromfenac,Nc1c(CC(O)=O)cccc1C(=O)c1ccc(Br)cc1
OJGDCBLYJGHCIH-UHFFFAOYSA-N,2442.0,bromhexine,CN(Cc1cc(Br)cc(Br)c1N)C1CCCCC1
NPUZIGSOEWMFKK-UHFFFAOYSA-N,14369.0,bromindione,Brc1ccc(cc1)C1C(=O)c2ccccc2C1=O
CMCCHHWTTBEZNM-SCSAIBSYSA-N,146955.0,bromisoval,CC(C)[C@@H](Br)C(=O)NC(N)=O
OZVBMTJYIDMWIL-AYFBDAFISA-N,31101.0,bromocriptine,CC(C)C[C@@H]1N2C(=O)[C@](NC(=O)[C@H]3CN(C)[C@@H]4Cc5c(Br)[nH]c6cccc(C4=C3)c56)(O[C@@]2(O)[C@@H]2CCCN2C1=O)C(C)C
IJTPLVAAROHGGB-UHFFFAOYSA-N,77262.0,broxaldine,Cc1ccc2c(Br)cc(Br)c(OC(=O)c3ccccc3)c2n1
GIYAQDDTCWHPPL-UHFFFAOYSA-N,2446.0,bromopride,CCN(CC)CCNC(=O)c1cc(Br)c(N)cc1OC
UYBRROMMFMPJAN-UHFFFAOYSA-N,72943187.0,bromosporine,CCOC(=O)Nc1cc(nn2c(C)nnc12)-c1ccc(C)c(NS(C)(=O)=O)c1
RKLNONIVDFXQRX-UHFFFAOYSA-N,2448.0,bromperidol,OC1(CCN(CCCC(=O)c2ccc(F)cc2)CC1)c1ccc(Br)cc1
ZDIGNSYAACHWNL-HNNXBMFYSA-N,16960.0,brompheniramine,CN(C)CC[C@@H](c1ccc(Br)cc1)c1ccccn1
LVDKZNITIUWNER-UHFFFAOYSA-N,2450.0,bronopol,OCC(Br)(CO)[N+]([O-])=O
CIUUIPMOFZIWIZ-UHFFFAOYSA-N,135413497.0,bropirimine,Nc1nc(=O)c(Br)c([nH]1)-c1ccccc1
JBRBWHCVRGURBA-ZCFIWIBFSA-N,13626987.0,broxaterol,CC(C)(C)NC[C@@H](O)c1cc(Br)no1
WOVKYSAHUYNSMH-RRKCRQDMSA-N,6035.0,broxuridine,OC[C@H]1O[C@H](C[C@@H]1O)n1cc(Br)c(=O)[nH]c1=O
ZDASUJMDVPTNTF-UHFFFAOYSA-N,2453.0,broxyquinoline,Oc1c(Br)cc(Br)c2cccnc12
KMCZIPGKKBSLEX-AOHBHZTBSA-N,124605168.0,bruceantin,COC(=O)[C@]12OC[C@@]34[C@H]1[C@@H](OC(=O)\C=C(/C)C(C)C)C(=O)O[C@@H]3C[C@H]1[C@@H](C)C(=O)C(=O)C[C@]1(C)[C@H]4[C@@H](O)[C@@H]2O
RRKTZKIUPZVBMF-IBTVXLQLSA-N,442021.0,brucine,COc1cc2N3[C@H]4[C@@H]5[C@H](CC3=O)OCC=C3CN6CC[C@]4([C@@H]6C[C@H]53)c2cc1OC
DNYBIOICMDTDAP-UHFFFAOYSA-N,49867929.0,BS-181,CC(C)c1cnn2c(NCc3ccccc3)cc(NCCCCCCN)nc12
MVHWZNBAQIGPOQ-UHFFFAOYSA-N,121299620.0,BT-11,O=C(N1CCN(CC1)C(=O)c1cccc(n1)-c1nc2ccccc2[nH]1)c1cccc(n1)-c1nc2ccccc2[nH]1
WNDWKKPBLAKXMI-UHFFFAOYSA-N,2799764.0,BTB06584,[O-][N+](=O)c1ccc(cc1OC(=O)c1ccc(Cl)cc1)S(=O)(=O)c1ccccc1
SPSNKQVUYDXOGY-OAHLLOKOSA-N,68064155.0,BTK-IN-1,Clc1cccc(NCC(=O)N[C@@H]2CCCN(C2)c2ncnc3[nH]ccc23)c1
WTHKAJZQYNKTCJ-UHFFFAOYSA-N,95801.0,BTS,Cc1ccc(cc1)S(=O)(=O)NCc1ccccc1
WQSACWZKKZPCHN-CQSZACIVSA-N,9900576.0,BTS-54505,CC(C)C[C@@H](N)C1(CCC1)c1ccc(Cl)cc1
GRKYRJREJPZXIU-UHFFFAOYSA-N,9863253.0,BTS-71321,CC(C)(NCCCn1ccnc1)c1ccc(Cl)cc1
FCEPUTGEUCVRRI-SECBINFHSA-N,1480409.0,BTS-72664,C[C@@H](Oc1ccc(Cl)cc1)c1ccnc2ncnn12
NSLIQOPYDUKWTA-UHFFFAOYSA-N,49841251.0,BTT-3033,CN(c1ccc(NC(=O)Nc2ccccc2)cc1)S(=O)(=O)c1cnn(c1)-c1ccc(F)cc1
GTUIRORNXIOHQR-VIFPVBQESA-N,42609849.0,BTZ043-racemate,C[C@H]1COC2(CCN(CC2)c2nc(=O)c3cc(cc([N+]([O-])=O)c3s2)C(F)(F)F)O1
OSUVWJGCKQEMHK-UHFFFAOYSA-N,2457.0,BU-224,C1CN=C(N1)c1ccc2ccccc2n1
MQSSFHXQKUSFIW-UHFFFAOYSA-N,4520732.0,BU-239,C1CN=C(N1)c1cnc2ccccc2n1
ZXRSVNHYTSSFMN-UHFFFAOYSA-N,3410883.0,BU226,C1CN=C(N1)c1cc2ccccc2cn1
LIAWQASKBFCRNR-SECBINFHSA-N,6918884.0,bucetin,CCOc1ccc(NC(=O)C[C@@H](C)O)cc1
VUAFHZCUKUDDBC-BYPYZUCNSA-N,656604.0,bucillamine,CC(C)(S)C(=O)N[C@@H](CS)C(O)=O
CJGYSWNGNKCJSB-YVLZZHOMSA-N,9687.0,bucladesine,CCCC(=O)Nc1ncnc2n(cnc12)[C@@H]1O[C@@H]2CO[P@](O)(=O)O[C@H]2[C@H]1OC(=O)CCC
MOYGZHXDRJNJEP-MHZLTWQESA-N,3246096.0,buclizine,CC(C)(C)c1ccc(CN2CCN(CC2)[C@@H](c2ccccc2)c2ccc(Cl)cc2)cc1
VOVIALXJUBGFJZ-AMTWPJRWSA-N,63006.0,budesonide,CCC[C@H]1O[C@@H]2C[C@H]3[C@@H]4CCC5=CC(=O)C=C[C@]5(C)[C@H]4[C@@H](O)C[C@]3(C)[C@@]2(O1)C(=O)CO
QIHLUZAFSSMXHQ-UHFFFAOYSA-N,68778.0,budipine,CC(C)(C)N1CCC(CC1)(c1ccccc1)c1ccccc1
MXJWRABVEGLYDG-UHFFFAOYSA-N,2466.0,bufexamac,CCCCOc1ccc(CC(=O)NO)cc1
OWYLAEYXIQKAOL-UHFFFAOYSA-N,2467.0,buflomedil,COc1cc(OC)c(C(=O)CCCN2CCCC2)c(OC)c1
MAEIEVLCKWDQJH-UHFFFAOYSA-N,2471.0,bumetanide,CCCCNc1cc(cc(c1Oc1ccccc1)S(N)(=O)=O)C(O)=O
RHLJLALHBZGAFM-UHFFFAOYSA-N,2472.0,bunazosin,CCCC(=O)N1CCCN(CC1)c1nc(N)c2cc(OC)c(OC)cc2n1
CWHUFRVAEUJCEF-UHFFFAOYSA-N,16654980.0,buparlisib,Nc1cc(c(cn1)-c1cc(nc(n1)N1CCOCC1)N1CCOCC1)C(F)(F)F
OMMKCJLAGTXGLC-MQBCKMQZSA-N,,buparvaquone,CC(C)(C)C1CCC(C[C@H]2C(=O)C(=O)c3ccccc3C2=O)CC1
PTGXAUBQBSGPKF-UHFFFAOYSA-N,657392.0,buphenine,CC(CCc1ccccc1)NC(C)C(O)c1ccc(O)cc1
VKSPIPWLHGKJQO-UHFFFAOYSA-N,31447.0,bupicomide,CCCCc1ccc(nc1)C(N)=O
LEBVLXFERQHONN-INIZCTEOSA-N,92253.0,bupivacaine,CCCCN1CCCC[C@H]1C(=O)Nc1c(C)cccc1C
HQIRNZOQPUAHHV-NSHDSACASA-N,66601885.0,bupranolol,Cc1ccc(Cl)c(OC[C@@H](O)CNC(C)(C)C)c1
SNPPWIUOZRMYNY-SECBINFHSA-N,688387.0,bupropion,C[C@@H](NC(C)(C)C)C(=O)c1cccc(Cl)c1
YFLRYAVDPKONNX-UHFFFAOYSA-N,20787.0,buramate,OCCOC(=O)NCc1ccccc1
CUWODFFVMXJOKD-UVLQAERKSA-N,50225.0,buserelin,CCNC(=O)[C@@H]1CCCN1C(=O)[C@H](CCCN=C(N)N)NC(=O)[C@H](CC(C)C)NC(=O)[C@@H](COC(C)(C)C)NC(=O)[C@H](Cc1ccc(O)cc1)NC(=O)[C@H](CO)NC(=O)[C@H](Cc1c[nH]c2ccccc12)NC(=O)[C@H](Cc1c[nH]cn1)NC(=O)[C@@H]1CCC(=O)N1
QWCRAEMEVRGPNT-UHFFFAOYSA-N,2477.0,buspirone,O=C1CC2(CCCC2)CC(=O)N1CCCCN1CCN(CC1)c1ncccn1
COVZYZSDYWQREU-UHFFFAOYSA-N,2478.0,busulfan,CS(=O)(=O)OCCCCOS(C)(=O)=O
HAQIRIMIVLFYIX-ZFWWWQNUSA-N,9817923.0,butabindide,CCCCNC(=O)[C@@H]1Cc2ccccc2N1C(=O)[C@@H](N)CC
HQFWVSGBVLEQGA-UHFFFAOYSA-N,2480.0,butacaine,CCCCN(CCCC)CCCOC(=O)c1ccc(N)cc1
ZZJYIKPMDIWRSN-HWBMXIPRSA-N,37459.0,butaclamol,CC(C)(C)[C@]1(O)CCN2C[C@H]3c4ccccc4CCc4cccc([C@@H]2C1)c34
UZVHFVZFNXBMQJ-UHFFFAOYSA-N,2481.0,butalbital,CC(C)CC1(CC=C)C(=O)NC(=O)NC1=O
IUWVALYLNVXWKX-UHFFFAOYSA-N,2482.0,butamben,CCCCOC(=O)c1ccc(N)cc1
XRISENIKJUKIHD-LHQZMKCDSA-N,5311035.0,butaprost,CCCC1(CCC1)[C@H](O)C\C=C\[C@H]1[C@H](O)CC(=O)[C@@H]1CCCCCCC(=O)OC
AYMYWHCQALZEGT-ORCRQEGFSA-N,5281222.0,butein,Oc1ccc(C(=O)\C=C\c2ccc(O)c(O)c2)c(O)c1
ABJKWBDEJIDSJZ-UHFFFAOYSA-N,2484.0,butenafine,CN(Cc1ccc(cc1)C(C)(C)C)Cc1cccc2ccccc12
KJQFBVYMGADDTQ-CVSPRKDYSA-N,1548918.0,buthionine-sulfoximine,CCCCS(=N)(=O)CC[C@H](N)C(O)=O
UULSXYSSHHRCQK-CYBMUJFWSA-N,71314316.0,butibufen,CC[C@@H](C(O)=O)c1ccc(CC(C)C)cc1
SWLMUYACZKCSHZ-INIZCTEOSA-N,476417.0,butoconazole,Clc1ccc(CC[C@@H](Cn2ccnc2)Sc2c(Cl)cccc2Cl)cc1
NMBNQRJDEPOXCP-ZDUSSCGKSA-N,66593644.0,butofilolol,CCCC(=O)c1cc(F)ccc1OC[C@@H](O)CNC(C)(C)C
QFOHBWFCKVYLES-UHFFFAOYSA-N,7184.0,butyl-paraben,CCCCOC(=O)c1ccc(O)cc1
MRBKEAMVRSLQPH-UHFFFAOYSA-N,8456.0,butylated-hydroxyanisole,COc1ccc(O)c(c1)C(C)(C)C
NLZUEZXRPGMBCV-UHFFFAOYSA-N,31404.0,butylated-hydroxytoluene,Cc1cc(c(O)c(c1)C(C)(C)C)C(C)(C)C
WMBOCUXXNSOQHM-FLIBITNWSA-N,642376.0,butylidenephthalide,CCC\C=C1/OC(=O)c2ccccc12
HJXMNVQARNZTEE-LLVKDONJSA-N,9990075.0,butylphthalide,CCCC[C@H]1OC(=O)c2ccccc12
YBCNXCRZPWQOBR-FRNBUXIHSA-N,,butylscopolamine-bromide,CCCC[N@@+]1(C)[C@H]2C[C@@H](C[C@@H]1[C@H]1O[C@@H]21)OC(=O)[C@H](CO)c1ccccc1
KSERXGMCDHOLSS-LJQANCHMSA-N,11719003.0,BVD-523,CC(C)Nc1cc(-c2c[nH]c(c2)C(=O)N[C@H](CO)c2cccc(Cl)c2)c(Cl)cn1
YDPRNGAPPNPYQQ-UHFFFAOYSA-N,6918651.0,BVT-2733,CN1CCN(CC1)C(=O)Cc1csc(NS(=O)(=O)c2cccc(Cl)c2C)n1
LLPBUXODFQZPFH-UHFFFAOYSA-N,6604934.0,BVT-948,CC1(C)C(=O)NC2=C1C(=O)C(=O)c1ccccc21
ZHUJMSMQIPIPTF-IBURTVSXSA-N,6917707.0,BW-180C,CC(C)C[C@@H](NC(=O)[C@H](Cc1ccccc1)NC(=O)CNC(=O)[C@@H](C)NC(=O)[C@@H](N)Cc1ccc(O)cc1)C(O)=O
YYLKOELWSMRYHV-VXLYETTFSA-N,9554761.0,BW-348U87,C\C(=N/NC(=S)NNC(=S)Nc1ccccc1Cl)c1ccccn1
LBLDMHBSVIVJPM-YZIHRLCOSA-N,119029.0,BW-373U86,CCN(CC)C(=O)c1ccc(cc1)[C@@H](N1C[C@@H](C)N(CC=C)C[C@@H]1C)c1cccc(O)c1
MLPSDBJCWIYSEA-UHFFFAOYSA-N,11722381.0,BW-616U,CNC(=O)c1ccc2C(=O)c3ccccc3S(=O)(=O)c2c1
ALFGDCNSEBJYSP-LLVKDONJSA-N,40418385.0,BW-723C86,C[C@@H](N)Cc1c[nH]c2ccc(OCc3cccs3)cc12
CEUDWZXMLMKPNN-SOFGYWHQSA-N,6438354.0,BW-A4C,CC(=O)N(O)C\C=C\c1cccc(Oc2ccccc2)c1
UAIYNMRLUHHRMF-FYJFLYSWSA-N,88473969.0,BW-B70C,C[C@@H](\C=C\c1cccc(Oc2ccc(F)cc2)c1)N(O)C(N)=O
VAVXGGRQQJZYBL-UHFFFAOYSA-N,10077147.0,BX-795,Ic1cnc(Nc2cccc(NC(=O)N3CCCC3)c2)nc1NCCCNC(=O)c1cccs1
DMMILYKXNCVKOJ-UHFFFAOYSA-N,11754511.0,BX-912,Brc1cnc(Nc2cccc(NC(=O)N3CCCC3)c2)nc1NCCc1cnc[nH]1
BTYSIDSTHDDAJW-LCYFTJDESA-N,25113764.0,BYK-204165,Cn1cccc1\C=C1/C(=O)NC(=O)c2ccccc12
WYVBISCFCHREDA-UHFFFAOYSA-N,25141190.0,C-021,COc1cc2nc(nc(NC3CCCCCC3)c2cc1OC)N1CCC(CC1)N1CCCCC1
UPTYCYWTFGTCCG-UHFFFAOYSA-N,3545.0,C-1,O=S(=O)(N1CCNCC1)c1cccc2cnccc12
KLWYPRNPRNPORS-UHFFFAOYSA-N,99170.0,C-751,CCOC(=O)c1cnc[nH]1
GEGPCGHEPLKDLY-DRHSTVBOSA-N,11957647.0,C106,CN1CCC[C@@H]1c1cccnc1.Cc1ccc(cc1)C(=O)O[C@@H]([C@@H](OC(=O)c1ccc(C)cc1)C(O)=O)C(O)=O
GRTBAGCGDOYUBE-UHFFFAOYSA-N,168049.0,C11-Acetate,[Y+3]
QDCJDYWGYVPBDO-UHFFFAOYSA-N,1324494.0,C188-9,COc1ccc(cc1)S(=O)(=O)Nc1cc(c(O)c2ccccc12)-c1c(O)ccc2ccccc12
KMIQMFHPUJUDMC-HHARLNAUSA-N,91691128.0,C34,CC(C)O[C@H]1O[C@H](COC(C)=O)[C@@H](OC(C)=O)[C@H](OC(C)=O)[C@H]1NC(C)=O
HEKJYZZSCQBJGB-UHFFFAOYSA-N,2871948.0,C646,CC1=NN(C(=O)C1=Cc1ccc(o1)-c1cc(C)c(C)cc1[N+]([O-])=O)c1ccc(cc1)C(O)=O
RWIMETUXCNDSLE-UHFFFAOYSA-N,118224238.0,CA-4948,Nc1ccc(cn1)-c1cccc(n1)C(=O)Nc1cnc2nc(oc2c1)N1CCOCC1
YDBYJHTYSHBBAU-YFKPBYRVSA-O,7098638.0,cabagin,C[S+](C)CC[C@H](N)C(O)=O
HDTRYLNUVZCQOY-LIZSDCNHSA-N,7427.0,cabaletta,OC[C@H]1O[C@H](O[C@H]2O[C@H](CO)[C@@H](O)[C@H](O)[C@H]2O)[C@H](O)[C@@H](O)[C@@H]1O
BMQGVNUXMIRLCK-OAGWZNDDSA-N,9854073.0,cabazitaxel,CO[C@H]1C[C@H]2OC[C@@]2(OC(C)=O)[C@H]2[C@H](OC(=O)c3ccccc3)[C@]3(O)C[C@H](OC(=O)[C@H](O)[C@@H](NC(=O)OC(C)(C)C)c4ccccc4)C(C)=C([C@@H](OC)C(=O)[C@]12C)C3(C)C
KORNTPPJEAJQIU-KJXAQDMKSA-N,54746.0,cabergoline,CCNC(=O)N(CCCN(C)C)C(=O)[C@@H]1C[C@H]2[C@@H](Cc3c[nH]c4cccc2c34)N(CC=C)C1
WCWSTNLSLKSJPK-LKFCYVNXSA-N,54713659.0,cabotegravir,C[C@H]1CO[C@@H]2Cn3cc(C(=O)NCc4ccc(F)cc4F)c(=O)c(O)c3C(=O)N12
ONIQOQHATWINJY-UHFFFAOYSA-N,25102847.0,cabozantinib,COc1cc2nccc(Oc3ccc(NC(=O)C4(CC4)C(=O)Nc4ccc(F)cc4)cc3)c2cc1OC
ACLUEOBQFRYTQS-JTQLQIEISA-N,747218.0,CaCCinh-A01,CC(C)(C)[C@H]1CCc2c(C1)sc(NC(=O)c1ccco1)c2C(O)=O
XWFCFMXQTBGXQW-GOSISDBHSA-N,44242317.0,cadazolid,OC[C@H]1CN(C(=O)O1)c1ccc(OCC2(O)CCN(CC2)c2cc3n(cc(C(O)=O)c(=O)c3cc2F)C2CC2)c(F)c1
QLTVVOATEHFXLT-SECBINFHSA-N,76968745.0,cadralazine,CCOC(=O)NNc1ccc(nn1)N(CC)C[C@@H](C)O
DNJVYWXIDISQRD-HWUKTEKMSA-N,108052.0,cafestol,C[C@@]12CCc3occc3[C@H]1CC[C@@]13C[C@@H](CC[C@@H]21)[C@@](O)(CO)C3
QAIPRVGONGVQAS-DUXPYHPUSA-N,689043.0,caffeic-acid,OC(=O)\C=C\c1ccc(O)c(O)c1
SWUARLUWKZWEBQ-VQHVLOKHSA-N,5281787.0,caffeic-acid-phenethyl-ester,Oc1ccc(\C=C\C(=O)OCCc2ccccc2)cc1O
RYYVLZVUVIJVGH-UHFFFAOYSA-N,2519.0,caffeine,Cn1cnc2n(C)c(=O)n(C)c(=O)c12
JWUBBDSIWDLEOM-DTOXIADCSA-N,5283731.0,calcifediol,C[C@H](CCCC(C)(C)O)[C@H]1CC[C@H]2\C(CCC[C@]12C)=C\C=C1\C[C@@H](O)CCC1=C
LWQQLNNNIPYSNX-UROSTWAQSA-N,5288783.0,calcipotriol,C[C@H](\C=C\[C@@H](O)C1CC1)[C@H]1CC[C@H]2\C(CCC[C@]12C)=C\C=C1\C[C@@H](O)C[C@H](O)C1=C
JDJALSWDQPEHEJ-XXZWWZJQSA-N,,calcitonin,[H]N[C@H]1CSSC[C@H](NC(=O)[C@@H](NC(=O)[C@H](CO)NC(=O)[C@H](CC(C)C)NC(=O)[C@H](CC(N)=O)NC(=O)[C@H](CO)NC1=O)[C@@H](C)O)C(=O)N[C@@H](C(C)C)C(=O)N[C@@H](CC(C)C)C(=O)NCC(=O)N[C@@H](CCCCN)C(=O)N[C@@H](CC(C)C)C(=O)N[C@@H](CO)C(=O)N[C@@H](CCC(N)=O)C(=O)N[C@@H](CCC(O)=O)C(=O)N[C@@H](CC(C)C)C(=O)N[C@@H](Cc1c[nH]cn1)C(=O)N[C@@H](CCCCN)C(=O)N[C@@H](CC(C)C)C(=O)N[C@@H](CCC(N)=O)C(=O)N[C@@H]([C@@H](C)O)C(=O)N[C@@H](Cc1ccc(O)cc1)C(=O)N1CCC[C@H]1C(=O)N[C@@H](CCCNC(N)=N)C(=O)N[C@@H]([C@@H](C)O)C(=O)N[C@@H](CC(O)=O)C(=O)N[C@@H](C(C)C)C(=O)NCC(=O)N[C@@H](C)C(=O)NCC(=O)N[C@@H]([C@@H](C)O)C(=O)N1CCC[C@H]1C(N)=O
GMRQFYUYWCNGIN-NKMMMXOESA-N,5280453.0,calcitriol,C[C@H](CCCC(C)(C)O)[C@H]1CC[C@H]2\C(CCC[C@]12C)=C\C=C1\C[C@@H](O)C[C@H](O)C1=C
KWMLJOLKUYYJFJ-VFUOTHLCSA-N,25588.0,calcium-gluceptate,OC[C@@H](O)[C@@H](O)[C@H](O)[C@@H](O)[C@@H](O)C(O)=O
VVIAGPKUTFNRDU-STQMWFEESA-N,135398559.0,calcium-levofolinate,Nc1nc(=O)c2N(C=O)[C@@H](CNc3ccc(cc3)C(=O)N[C@@H](CCC(O)=O)C(O)=O)CNc2[nH]1
YTFUQWWKTIWYEY-CQLNOVPUSA-N,11849514.0,Calhex-231,C[C@@H](N[C@H]1CCCC[C@@H]1NC(=O)c1ccc(Cl)cc1)c1cccc2ccccc12
PGGUOGKHUUUWAF-ROUUACIJSA-N,73364.0,calpeptin,CCCC[C@H](NC(=O)[C@H](CC(C)C)NC(=O)OCc1ccccc1)C=O
RZKDEGZIFSJVNA-IBGZPJMESA-N,15984937.0,camicinal,C[C@H]1CN(Cc2ccc(CC(=O)N3CCC(CC3)Nc3cccc(F)c3)cc2)CCN1
LGUUETDTMQTHML-UHFFFAOYSA-N,50898538.0,CaMKII-IN-1,Cc1c(Cl)cccc1S(=O)(=O)Nc1nc(NCCc2ccccc2)nc2CCN(Cc3ccccc3)Cc12
FGBGXESDYFKUFX-UHFFFAOYSA-N,9875498.0,camobucol,CC(C)(C)c1cc(SC(C)(C)Sc2cc(c(OCC(O)=O)c(c2)C(C)(C)C)C(C)(C)C)cc(c1O)C(C)(C)C
XASIMHXSUQUHLV-UHFFFAOYSA-N,2536.0,camostat-mesilate,CN(C)C(=O)COC(=O)Cc1ccc(OC(=O)c2ccc(NC(N)=N)cc2)cc1
DSSYKIVIOFKYAU-XCBNKYQSSA-N,159055.0,camphor-(+),CC1(C)[C@@H]2CC[C@@]1(C)C(=O)C2
DSSYKIVIOFKYAU-GMSGAONNSA-N,5284500.0,camphor-(1R),CC1(C)[C@@H]2CC[C@]1(C)C(=O)C2
VSJKWCGYPAHWDS-FQEVSTJZSA-N,24360.0,camptothecin,CC[C@@]1(O)C(=O)OCc2c1cc1-c3nc4ccccc4cc3Cn1c2=O
RYOOHIUJEJZCFT-GOSISDBHSA-N,51590030.0,camylofine-chlorhydrate,CCN(CC)CCN[C@@H](C(=O)OCCC(C)C)c1ccccc1
XTNGUQKDFGDXSJ-ZXGKGEBGSA-N,24812758.0,canagliflozin,Cc1ccc(cc1Cc1ccc(s1)-c1ccc(F)cc1)[C@@H]1O[C@H](CO)[C@@H](O)[C@H](O)[C@H]1O
HTQMVQVXFRQIKW-UHFFFAOYSA-N,2541.0,candesartan,CCOc1nc2cccc(C(O)=O)c2n1Cc1ccc(cc1)-c1ccccc1-c1nn[nH]n1
GHOSNRCGJFBJIB-OAQYLSRUSA-N,51399532.0,candesartan-cilexetil,CCOc1nc2cccc(C(=O)O[C@@H](C)OC(=O)OC3CCCCC3)c2n1Cc1ccc(cc1)-c1ccccc1-c1nn[nH]n1
HYIZCDMXFDRDFE-RGXQRFNASA-N,,candicidin,C[C@@H](C[C@@H](C)[C@H]1OC(=O)CC(=O)CCCC(=O)C[C@@H](O)C[C@@H](O)C[C@@H](O)CC(=O)C[C@@H](O)[C@@H]([C@@H](O)C[C@@H](O[C@@H]2O[C@H](C)[C@H](O)[C@@H](O)[C@@H]2N)\C=C\C=C\C=C\C=C\C=C\C=C\C=C\[C@@H]1C)C(O)=O)[C@@H](O)CC(=O)c1ccc(N)cc1
OMZCMEYTWSXEPZ-UHFFFAOYSA-N,156414.0,canertinib,Fc1ccc(Nc2ncnc3cc(OCCCN4CCOCC4)c(NC(=O)C=C)cc23)cc1Cl
PAEBIVWUMLRPSK-IDTAVKCVSA-N,9854012.0,cangrelor,CSCCNc1nc(SCCC(F)(F)F)nc2n(cnc12)[C@@H]1O[C@H](COP(O)(=O)OP(O)(=O)C(Cl)(Cl)P(O)(O)=O)[C@@H](O)[C@H]1O
UJVLDDZCTMKXJK-WNHSNXHDSA-N,13789.0,canrenone,C[C@]12CC[C@H]3[C@@H](C=CC4=CC(=O)CC[C@]34C)[C@@H]1CC[C@@]21CCC(=O)O1
DHZBEENLJMYSHQ-XCVPVQRUSA-N,5944.0,cantharidin,C[C@]12[C@@H]3CC[C@@H](O3)[C@@]1(C)C(=O)OC2=O
CITWCLNVRIKQAF-UHFFFAOYSA-N,9936489.0,capadenoson,Nc1nc(SCc2csc(n2)-c2ccc(Cl)cc2)c(C#N)c(-c2ccc(OCCO)cc2)c1C#N
GAGWJHPBXLXJQN-UORFTKCHSA-N,60953.0,capecitabine,CCCCCOC(=O)Nc1nc(=O)n(cc1F)[C@@H]1O[C@H](C)[C@@H](O)[C@H]1O
MPTXLVRHYGBOQY-UHFFFAOYSA-N,30627.0,capobenic-acid,COc1cc(cc(OC)c1OC)C(=O)NCCCCCC(O)=O
FRXNXDHFQYZYNA-GJTMSUEESA-N,,capreomycin,C[C@@H]1NC(=O)[C@@H](N)CNC(=O)[C@@H](NC(=O)\C(NC(=O)[C@H](CNC(=O)C[C@@H](N)CCCN)NC1=O)=C/NC(N)=O)[C@H]1CCN=C(N)N1
KVLLHLWBPNCVNR-SKCUWOTOSA-N,216208.0,capromorelin,CN1N=C2CCN(C[C@@]2(Cc2ccccc2)C1=O)C(=O)[C@@H](COCc1ccccc1)NC(=O)C(C)(C)N
WWZKQHOCKIZLMA-UHFFFAOYSA-N,379.0,caprylic-acid,CCCCCCCC(O)=O
YKPUWZUDDOIDPM-SOFGYWHQSA-N,1548943.0,capsaicin,COc1cc(CNC(=O)CCCC\C=C\C(C)C)ccc1O
DRCMAZOSEIMCHM-UHFFFAOYSA-N,2733484.0,capsazepine,Oc1cc2CCCN(Cc2cc1O)C(=S)NCCc1ccc(Cl)cc1
DENMGZODXQRYAR-UHFFFAOYSA-N,25799.0,captamine,CN(C)CCS
LDVVMCZRFWMZSG-WDSKDSINSA-N,25775509.0,captan,ClC(Cl)(Cl)SN1C(=O)[C@H]2CC=CC[C@@H]2C1=O
FAKRSMQSSFJEIM-RQJHMYQMSA-N,44093.0,captopril,C[C@H](CS)C(=O)N1CCC[C@H]1C(O)=O
JURAJLFHWXNPHG-UHFFFAOYSA-N,54747.0,caracemide,CNC(=O)ON(C(C)=O)C(=O)NC
OFAIGZWCDGNZGT-UHFFFAOYSA-N,6472.0,caramiphen,CCN(CC)CCOC(=O)C1(CCCC1)c1ccccc1
BQXQGZPYHWWCEB-CYBMUJFWSA-N,13023331.0,carazolol,CC(C)NC[C@@H](O)COc1cccc2[nH]c3ccccc3c12
VPJXQGSRWJZDOB-UHFFFAOYSA-O,2551.0,carbachol,C[N+](C)(C)CCOC(N)=O
OVGGLBAWFMIPPY-WUXMJOGZSA-N,135511839.0,carbadox,COC(=O)N\N=C\c1c[n+]([O-])c2ccccc2[n+]1[O-]
FFGPTBGBLSHEPO-UHFFFAOYSA-N,2554.0,carbamazepine,NC(=O)N1c2ccccc2C=Cc2ccccc12
CVXBEEMKQHEXEN-UHFFFAOYSA-N,6129.0,carbaril,CNC(=O)Oc1cccc2ccccc12
WWXBHTZSYYGCSG-UHFFFAOYSA-N,8480.0,carbarsone,NC(=O)Nc1ccc(cc1)[As](O)(O)=O
OZCACMPSTYQSMM-DKBJHAQFSA-N,,carbazochrome,CN1[C@@H](CC2=C\C(=N\NC(N)=O)C(=O)C=C12)S(O)(=O)=O
YAYRGNWWLMLWJE-UHFFFAOYSA-L,73554252.0,carboplatin,N[Pt]1(N)OC(=O)C2(CCC2)C(=O)O1
TWFZGCMQGLPBSX-UHFFFAOYSA-N,25429.0,carbendazim,COC(=O)Nc1nc2ccccc2[nH]1
FPPNZSSZRUTDAP-BBGACYKPSA-N,12877824.0,carbenicillin,CC1(C)S[C@@H]2[C@H](NC(=O)[C@@H](C(O)=O)c3ccccc3)C(=O)N2[C@H]1C(O)=O
OBZHEBDUNPOCJG-WBXJDKIVSA-N,636403.0,carbenoxolone,CC1(C)[C@H](CC[C@@]2(C)[C@H]1CC[C@]1(C)[C@@H]2C(=O)C=C2[C@@H]3C[C@](C)(CC[C@]3(C)CC[C@@]12C)C(O)=O)OC(=O)CCC(O)=O
CFJMRBQWBDQYMK-UHFFFAOYSA-N,2562.0,carbetapentane,CCN(CC)CCOCCOC(=O)C1(CCCC1)c1ccccc1
NSTRIRCPWQHTIA-CPWZVOFUSA-N,,carbetocin,CC[C@H](C)[C@@H]1NC(=O)[C@H](Cc2ccc(OC)cc2)NC(=O)CCCSC[C@H](NC(=O)[C@H](CC(N)=O)NC(=O)[C@H](CCC(N)=O)NC1=O)C(=O)N1CCC[C@H]1C(=O)N[C@@H](CC(C)C)C(=O)NCC(N)=O
TZFNLOMSOLWIDK-JTQLQIEISA-N,34359.0,carbidopa,C[C@@](Cc1ccc(O)c(O)c1)(NN)C(O)=O
CFOYWRHIYXMDOT-UHFFFAOYSA-N,31072.0,carbimazole,CCOC(=O)n1ccn(C)c1=S
OJFSXZCBGQGRNV-INIZCTEOSA-N,170336.0,carbinoxamine,CN(C)CCO[C@@H](c1ccc(Cl)cc1)c1ccccn1
WNRZHQBJSXRYJK-UHFFFAOYSA-N,108144.0,carboxyamidotriazole,NC(=O)c1nnn(Cc2cc(Cl)c(C(=O)c3ccc(Cl)cc3)c(Cl)c2)c1N
ZEUXAIYYDDCIRX-UHFFFAOYSA-N,108185.0,carboxylosartan,CCCCc1nc(Cl)c(C(O)=O)n1Cc1ccc(cc1)-c1ccccc1-c1nn[nH]n1
GSASOFRDSIKDSN-UHFFFAOYSA-N,85040.0,carboxypyridine-disulfide,OC(=O)c1ccc(SSc2ccc(cn2)C(O)=O)nc1
LKBSMPFEKIBRGC-UHFFFAOYSA-N,11345983.0,cardiogenol-C,COc1ccc(Nc2nccc(NCCO)n2)cc1
SWTUPSNBTSPBIH-UHFFFAOYSA-N,663145.0,cardionogen-1,C1CCC(CC1)c1nn2c(nnc2s1)-c1ccco1
XGHOVGYJHWQGCC-UHFFFAOYSA-N,65820.0,carebastine,CC(C)(C(O)=O)c1ccc(cc1)C(=O)CCCN1CCC(CC1)OC(c1ccccc1)c1ccccc1
BLMPQMFVWMYDKT-NZTKNTHTSA-N,11556711.0,carfilzomib,CC(C)C[C@H](NC(=O)[C@H](CCc1ccccc1)NC(=O)CN1CCOCC1)C(=O)N[C@@H](Cc1ccccc1)C(=O)N[C@@H](CC(C)C)C(=O)[C@@]1(C)CO1
LCQLHJZYVOQKHU-VKHMYHEASA-N,121396.0,carglumic-acid,NC(=O)N[C@@H](CCC(O)=O)C(O)=O
WEJRSYKFMCUCRQ-UHFFFAOYSA-N,403128.0,caricotamide,NC(=O)CN1C=CCC(=C1)C(N)=O
IWXNYAIICFKCTM-UHFFFAOYSA-N,151172.0,cariporide,CC(C)c1ccc(cc1S(C)(=O)=O)C(=O)N=C(N)N
KPWSJANDNDDRMB-QAQDUYKDSA-N,,cariprazine,CN(C)C(=O)N[C@H]1CC[C@H](CCN2CCN(CC2)c2cccc(Cl)c2Cl)CC1
AOCCBINRVIKJHY-UHFFFAOYSA-N,2577.0,carmofur,CCCCCCNC(=O)n1cc(F)c(=O)[nH]c1=O
IHOXNOQMRZISPV-YJYMSZOUSA-N,86306667.0,carmoterol,COc1ccc(C[C@@H](C)NC[C@H](O)c2ccc(O)c3[nH]c(=O)ccc23)cc1
AFSOIHMEOKEZJF-UHFFFAOYSA-N,86308157.0,carmoxirole,OC(=O)c1ccc2[nH]cc(CCCCN3CCC(=CC3)c3ccccc3)c2c1
IIJOAQBKDPUMEO-UHFFFAOYSA-N,59087767.0,carmustine,[O-][NH2+]N(CCCl)C(=O)NCCCl
PHIQHXFUZVPYII-LURJTMIESA-O,160907.0,carnitine-(D/L),C[N+](C)(C)C[C@@H](O)CC(O)=O
CQOVPNPJLQNMDC-ZETCQYMHSA-N,6992100.0,carnosine,NCCC(=O)N[C@@H](Cc1cnc[nH]1)C(O)=O
MSPRUJDUTKRMLM-UHFFFAOYSA-N,65709.0,caroverin,CCN(CC)CCn1c2ccccc2nc(Cc2ccc(OC)cc2)c1=O
KYCBWEZLKCTALM-UHFFFAOYSA-N,29083.0,caroxazone,NC(=O)CN1Cc2ccccc2OC1=O
PUXBGTOOZJQSKH-MRVPVSSYSA-N,6997572.0,carprofen,C[C@@H](C(O)=O)c1ccc2c(c1)[nH]c1ccc(Cl)cc21
OAYRYNVEFFWSHK-UHFFFAOYSA-N,16258.0,carsalam,O=c1[nH]c(=O)c2ccccc2o1
LWAFSWPYPHEXKX-UHFFFAOYSA-N,49852288.0,carteolol,CC(C)(C)NCC(O)COc1cccc2NC(=O)CCc12
UIMOJFJSJSIGLV-JNHMLNOCSA-N,6540466.0,carumonam,NC(=O)OC[C@@H]1[C@H](NC(=O)C(=N/OCC(O)=O)\c2csc(N)n2)C(=O)N1S(O)(=O)=O
OGHNVEJMJSYVRP-QGZVFWFLSA-N,185394.0,carvedilol,COc1ccccc1OCCNC[C@@H](O)COc1cccc2[nH]c3ccccc3c12
UCAGLBKTLXCODC-UHFFFAOYSA-N,8739.0,carzenide,NS(=O)(=O)c1ccc(cc1)C(O)=O
XMCJWIFCIIXRGI-BAEVKLAGSA-N,132469060.0,casanthranol-variant,OC[C@H]1O[C@@H](Oc2c3cccc(O)c3c(O)c3c(O)cc(CO)cc23)[C@H](O)[C@H](O)[C@H]1O
RXIUMAOXORBRCY-IBGZPJMESA-N,1600664.0,casin,OCCN[C@H]1CCCc2c1[nH]c1ccc(cc21)-c1ccccc1
JYIKNQVWKBUSNH-WVDDFWQHSA-N,16119814.0,caspofungin,[H][C@@]12C[C@@H](O)CN1C(=O)[C@@H](NC(=O)[C@H](C[C@@H](O)[C@@H](NCCN)NC(=O)[C@@H]1[C@@H](O)CCN1C(=O)[C@@H](NC(=O)[C@@H](NC2=O)[C@H](O)[C@@H](O)c1ccc(O)cc1)[C@H](O)CCN)NC(=O)CCCCCCCC[C@@H](C)C[C@@H](C)CC)[C@@H](C)O
JDVVGAQPNNXQDW-TVNFTVLESA-N,54445.0,castanospermine,O[C@H]1CCN2C[C@H](O)[C@@H](O)[C@H](O)[C@@H]12
CMKFQVZJOWHHDV-NQZBTDCJSA-N,5458190.0,catharanthine,CCC1=C[C@@H]2CN3CCc4c([nH]c5ccccc45)[C@@](C2)([C@@H]13)C(=O)OC
MZRVIHRERYCHBL-HNNXBMFYSA-N,44224135.0,cathepsin-inhibitor-1,Cn1nc(cc1C(=O)N[C@@H](Cc1cccc(Cl)c1)C(=O)NCC#N)C(C)(C)C
UFBTYTGRUBUUIL-KPKJPENVSA-N,1204893.0,CAY10505,Fc1ccc(cc1)-c1ccc(\C=C2\SC(=O)NC2=O)o1
GPNHMOZDMYNCPO-PDUMRIMRSA-N,11750009.0,CB-03-01,CCC(=O)O[C@@]1(CC[C@H]2[C@@H]3CCC4=CC(=O)CC[C@]4(C)[C@H]3CC[C@]12C)C(=O)CO
GUAZPUYTLMUTMA-ZHACJKMWSA-N,,CB-10-277,CN(C)\N=N\c1ccc(cc1)C(O)=O
RDALZZCKQFLGJP-UHFFFAOYSA-N,73051434.0,CB-5083,Cc1cc2c(cccc2n1-c1nc2CCOCc2c(NCc2ccccc2)n1)C(N)=O
PRAAPINBUWJLGA-UHFFFAOYSA-N,71577426.0,CB-839,FC(F)(F)Oc1cccc(CC(=O)Nc2ccc(CCCCc3nnc(NC(=O)Cc4ccccn4)s3)nn2)c1
HDVYXILCBYGKGU-UHFFFAOYSA-N,9864510.0,CBiPES,CCS(=O)(=O)N(Cc1cccnc1)c1cccc(c1)-c1ccc(cc1)C#N
JKCSODVERGVDLT-UHFFFAOYSA-N,44519124.0,cbl0137,CC(C)NCCn1c2ccc(cc2c2cc(ccc12)C(C)=O)C(C)=O
ZOBKPJRHDMKXQG-UHFFFAOYSA-N,6338223.0,CBS-1114,NC(=NNc1ccccc1)c1ccccc1
GMYLVKUGJMYTFB-UHFFFAOYSA-N,58298318.0,CC-115,CCN1C(=O)CN=C2NC=C(N=C12)c1ccc(nc1C)-c1nnc[nH]1
UFKLYTOEMRFKAD-SHTZXODSSA-N,,CC-223,CO[C@H]1CC[C@@H](CC1)N1C(=O)CNc2ncc(nc12)-c1ccc(nc1)C(C)(C)O
XDJCLCLBSGGNKS-UHFFFAOYSA-N,10430360.0,CC-401,C(CN1CCCCC1)Oc1cccc(c1)-c1n[nH]c2ccc(cc12)-c1nnc[nH]1
ILUKRINUNLAVMH-UHFFFAOYSA-N,90331177.0,CC-90003,COc1cc(Nc2ncc(c(Nc3ccc(C)cc3NC(=O)C=C)n2)C(F)(F)F)c(C)cn1
IBGLGMOPHJQDJB-IHRRRGAJSA-N,,CC-930,O[C@H]1CC[C@@H](CC1)Nc1ncc2nc(Nc3c(F)cc(F)cc3F)n([C@H]3CCOC3)c2n1
LEXDAVFCJPDCNA-VNTMZGSJSA-N,91654624.0,CC4,O=c1cccc2[C@@H]3C[C@@H](CN(CCN4C[C@@H]5C[C@H](C4)c4cccc(=O)n4C5)C3)Cn12
DSMXVSGJIDFLKP-SECBINFHSA-N,40782280.0,CCG-1423,C[C@@H](ONC(=O)c1cc(cc(c1)C(F)(F)F)C(F)(F)F)C(=O)Nc1ccc(Cl)cc1
QUIIIYITNGOFEI-UHFFFAOYSA-N,2733079.0,CCG-50014,Cc1ccc(cc1)-n1sc(=O)n(Cc2ccc(F)cc2)c1=O
VFSVKVQMZDJFQX-NBVRZTHBSA-N,6057678.0,CCG-63802,Cc1cccc(Oc2nc3c(C)cccn3c(=O)c2\C=C(/C#N)c2nc3ccccc3s2)c1
IPZHFKHGSYRBNT-DTQAZKPQSA-N,5948316.0,CCG-63808,Cc1cccn2c1nc(Oc1ccc(F)cc1)c(\C=C(/C#N)c1nc3ccccc3s1)c2=O
VMAKIACTLSBBIY-UHFFFAOYSA-N,67042344.0,CCMI,Cc1cc(on1)C(=CNc1ccc(Cl)cc1)C(=O)Nc1ccc(Cl)cc1
IFXJDEHFADWURH-UHFFFAOYSA-N,3337816.0,CCMQ,OC(=O)Cc1cc2ccccc2nc1C(O)=O
JPCYSKNELCOPKJ-UHFFFAOYSA-N,2853753.0,CCT-031374,O=C(CN1C2=NCCN2c2ccccc12)c1ccc(cc1)-c1ccccc1
OWPMENVYXDJDOW-UHFFFAOYSA-N,984170.0,CCT018159,CCc1cc(-c2n[nH]c(C)c2-c2ccc3OCCOc3c2)c(O)cc1O
RZIDZIGAXXNODG-UHFFFAOYSA-N,17751819.0,CCT128930,NC1(Cc2ccc(Cl)cc2)CCN(CC1)c1ncnc2[nH]ccc12
QYKHWEFPFAGNEV-UHFFFAOYSA-N,16202152.0,CCT129202,CN(C)c1ccc(cc1)-c1nc2ncc(Cl)c(N3CCN(CC(=O)Nc4nccs4)CC3)c2[nH]1
GFLQCBTXTRCREJ-UHFFFAOYSA-N,25154041.0,CCT137690,CN1CCN(CC1)c1ccc(cc1)-c1nc2ncc(Br)c(N3CCN(Cc4cc(C)on4)CC3)c2[nH]1
KYYKGSDLXXKQCR-UHFFFAOYSA-N,42628843.0,CCT196969,CC(C)(C)c1cc(NC(=O)Nc2ccc(Oc3ccnc4nc(O)cnc34)cc2F)n(n1)-c1ccccc1
YBYYWUUUGCNAHQ-LLVKDONJSA-N,72165232.0,CCT245737,FC(F)(F)c1cnc(Nc2cnc(cn2)C#N)cc1NC[C@H]1CNCCO1
VCQGNUWOMLYNNG-UHFFFAOYSA-N,9952709.0,CD-1530,OC(=O)c1ccc(cc1)-c1ccc2cc(O)c(cc2c1)C12CC3CC(CC(C3)C1)C2
LDGIHZJOIQSHPB-UHFFFAOYSA-N,135411.0,CD-437,OC(=O)c1ccc2cc(ccc2c1)-c1ccc(O)c(c1)C12CC3CC(CC(C3)C1)C2
WHGYBXFWUBPSRW-GUJBRCDDSA-N,,CDBA,OC[C@H]1O[C@H]2O[C@H]3[C@@H](CO)O[C@@H](O[C@H]4[C@@H](CO)O[C@@H](O[C@H]5[C@@H](CO)O[C@@H](O[C@H]6[C@@H](CO)O[C@@H](O[C@H]7[C@@H](CO)O[C@@H](O[C@H]8[C@@H](CO)O[C@@H](O[C@@H]1[C@@H](O)[C@@H]2O)[C@@H](O)[C@@H]8O)[C@@H](O)[C@@H]7O)[C@@H](O)[C@@H]6O)[C@@H](O)[C@@H]5O)[C@@H](O)[C@@H]4O)[C@@H](O)[C@@H]3O
DWHVZCLBMTZRQM-UHFFFAOYSA-N,438981.0,CDK1-5-inhibitor,Nc1[nH]nc2nc3ccccc3nc12
XWQVQSXLXAXOPJ-ACRUOGEOSA-N,,CDK9-IN-6,COC[C@H](C)N[C@H]1CC[C@@H](CC1)Nc1cc(c(Cl)cn1)-c1cccc(NCC2(CCOCC2)C#N)n1
BKUIZWILNWHFHD-UHFFFAOYSA-N,11245456.0,CDPPB,O=C(Nc1cc(nn1-c1ccccc1)-c1ccccc1)c1cccc(c1)C#N
ZZLQPWXVZCPUGC-LURJTMIESA-N,73669656.0,CE3F4,C[C@H]1CCc2c(Br)c(F)c(Br)cc2N1C=O
CSMVOZKEWSOFER-RQNOJGIXSA-N,,cebranopadol,CN(C)[C@]1(CC[C@@]2(CC1)OCCc1c2[nH]c2ccc(F)cc12)c1ccccc1
XXJWYDDUDKYVKI-UHFFFAOYSA-N,9933475.0,cediranib,COc1cc2c(Oc3ccc4[nH]c(C)cc4c3F)ncnc2cc1OCCCN1CCCC1
SVURIXNDRWRAFU-OBORUHMCSA-N,,cedrol,C[C@H]1CC[C@H]2C(C)(C)[C@H]3C[C@@]12CC[C@@]3(C)O
SVURIXNDRWRAFU-OGMFBOKVSA-N,65575.0,cedrol-(+),C[C@@H]1CC[C@H]2C(C)(C)[C@H]3C[C@@]12CC[C@@]3(C)O
QYIYFLOTGYLRGG-GPCCPHFNSA-N,7048572.0,cefaclor,N[C@@H](C(=O)N[C@H]1[C@H]2SCC(Cl)=C(N2C1=O)C(O)=O)c1ccccc1
BOEGTKLJZSQCCD-UEKVPHQBSA-N,6560167.0,cefadroxil,CC1=C(N2[C@H](SC1)[C@H](NC(=O)[C@H](N)c1ccc(O)cc1)C2=O)C(O)=O
FMZXNVLFJHCSAF-DNVCBOLYSA-O,21744.0,cefalonium,NC(=O)c1cc[n+](CC2=C(N3[C@H](SC2)[C@H](NC(=O)Cc2cccs2)C3=O)C(O)=O)cc1
OLVCFLKTBJRLHI-AXAPSJFSSA-N,456255.0,cefamandole,Cn1nnnc1SCC1=C(N2[C@H](SC1)[C@H](NC(=O)[C@H](O)c1ccccc1)C2=O)C(O)=O
RRJHESVQVSRQEX-SUYBPPKGSA-N,5284527.0,cefamandole-nafate,Cn1nnnc1SCC1=C(N2[C@H](SC1)[C@H](NC(=O)[C@H](OC=O)c1ccccc1)C2=O)C(O)=O
JYXACOFERDBGGQ-RHSMWYFYSA-N,44537522.0,cefathiamidine,CC(C)N\C(SCC(=O)N[C@H]1[C@H]2SCC(COC(C)=O)=C(N2C1=O)C(O)=O)=N/C(C)C
MLYYVTUWGNIJIB-BXKDBHETSA-N,33255.0,cefazolin,Cc1nnc(SCC2=C(N3[C@H](SC2)[C@H](NC(=O)Cn2cnnn2)C3=O)C(O)=O)s1
WVPAABNYMHNFJG-QDVBXLKVSA-N,5282438.0,cefcapene-pivoxil,CC\C=C(/C(=O)N[C@H]1[C@H]2SCC(COC(N)=O)=C(N2C1=O)C(=O)OCOC(=O)C(C)(C)C)c1csc(N)n1
RTXOFQZKPXMALH-GHXIOONMSA-N,6915944.0,cefdinir,Nc1nc(cs1)C(=N\O)\C(=O)N[C@H]1[C@H]2SCC(C=C)=C(N2C1=O)C(O)=O
AFZFFLVORLEPPO-UVYJNCLZSA-N,6437877.0,cefditoren-pivoxil,CO\N=C(/C(=O)N[C@H]1[C@H]2SCC(\C=C/c3scnc3C)=C(N2C1=O)C(=O)OCOC(=O)C(C)(C)C)c1csc(N)n1
HVFLCNVBZFFHBT-FKULVZFESA-O,5464263.0,cefepime,CO\N=C(\C(=O)N[C@H]1[C@H]2SCC(C[N+]3(C)CCCC3)=C(N2C1=O)C(O)=O)c1csc(N)n1
MQLRYUCJDNBWMV-GHXIOONMSA-N,5487888.0,cefetamet,CO\N=C(/C(=O)N[C@H]1[C@H]2SCC(C)=C(N2C1=O)C(O)=O)c1csc(N)n1
DASYMCLQENWCJG-XUKDPADISA-N,5486182.0,cefetamet-pivoxil,CO\N=C(/C(=O)N[C@H]1[C@H]2SCC(C)=C(N2C1=O)C(=O)OCOC(=O)C(C)(C)C)c1csc(N)n1
DBPPRLRVDVJOCL-FQRUVTKNSA-O,46195832.0,cefiderocol,[H][C@]12SCC(C[N+]3(CCNC(=O)c4ccc(O)c(O)c4Cl)CCCC3)=C(N1C(=O)[C@H]2NC(=O)C(=N/OC(C)(C)C(O)=O)\c1csc(N)n1)C(O)=O
OKBVVJOGVLARMR-QSWIMTSFSA-N,5362065.0,cefixime,Nc1nc(cs1)C(=N\OCC(O)=O)\C(=O)N[C@H]1[C@H]2SCC(C=C)=C(N2C1=O)C(O)=O
HJJDBAOLQAWBMH-YCRCPZNHSA-N,9570757.0,cefmenoxime,[H][C@]12SCC(CSc3nnnn3C)=C(N1C(=O)[C@H]2NC(=O)C(=N/OC)\c1csc(N)n1)C(O)=O
SNBUBQHDYVFSQF-HIFRSBDPSA-N,42008.0,cefmetazole,CO[C@]1(NC(=O)CSCC#N)[C@H]2SCC(CSc3nnnn3C)=C(N2C1=O)C(O)=O
GPRBEKHLDVQUJE-QSWIMTSFSA-N,5742673.0,cefotaxime,CO\N=C(/C(=O)N[C@H]1[C@H]2SCC(COC(C)=O)=C(N2C1=O)C(O)=O)c1csc(N)n1
JSDXOWVAHXDYCU-VXSYNFHWSA-N,71141.0,cefminox,CO[C@]1(NC(=O)CSC[C@@H](N)C(O)=O)[C@H]2SCC(CSc3nnnn3C)=C(N2C1=O)C(O)=O
XDZKBRJLTGRPSS-BGZQYGJUSA-N,5361871.0,cefodizime,CO\N=C(/C(=O)N[C@H]1[C@H]2SCC(CSc3nc(C)c(CC(O)=O)s3)=C(N2C1=O)C(O)=O)c1csc(N)n1
DYAIAHUQIPBDIP-AXAPSJFSSA-N,43594.0,cefonicid,O[C@@H](C(=O)N[C@H]1[C@H]2SCC(CSc3nnnn3CS(O)(=O)=O)=C(N2C1=O)C(O)=O)c1ccccc1
GCFBRXLSHGKWDP-XCGNWRKASA-N,44187.0,cefoperazone,CCN1CCN(C(=O)N[C@@H](C(=O)N[C@H]2[C@H]3SCC(CSc4nnnn4C)=C(N3C2=O)C(O)=O)c2ccc(O)cc2)C(=O)C1=O
SLAYUXIURFNXPG-CRAIPNDOSA-N,43507.0,ceforanide,NCc1ccccc1CC(=O)N[C@H]1[C@H]2SCC(CSc3nnnn3CC(O)=O)=C(N2C1=O)C(O)=O
ZINFAXPQMLDEEJ-GFVOIPPFSA-N,9830520.0,cefoselis,CO\N=C(/C(=O)N[C@H]1[C@H]2SCC(Cn3ccc(=N)n3CCO)=C(N2C1=O)C(O)=O)c1csc(N)n1
DKNUPRMJNUQNHR-UHFFFAOYSA-N,56846693.0,CEP-32496,COc1cc2ncnc(Oc3cccc(NC(=O)Nc4cc(on4)C(C)(C)C(F)(F)F)c3)c2cc1OC
SRZNHPXWXCNNDU-IXOPCIAXSA-N,,cefotetan,CO[C@]1(NC(=O)C2SC(S2)=C(C(N)=O)C(O)=O)[C@H]2SCC(CSc3nnnn3C)=C(N2C1=O)C(O)=O
QYQDKDWGWDOFFU-IUODEOHRSA-N,43708.0,cefotiam,CN(C)CCn1nnnc1SCC1=C(N2[C@H](SC1)[C@H](NC(=O)Cc1csc(N)n1)C2=O)C(O)=O
VVFDMWZLBPUKTD-XLHILCRZSA-N,,cefotiam-cilexetil,C[C@@H](OC(=O)OC1CCCCC1)OC(=O)C1=C(CSc2nnnn2CCN(C)C)CS[C@H]2[C@@H](NC(=O)Cc3csc(N)n3)C(=O)N12
WZOZEZRFJCJXNZ-ZBFHGGJFSA-N,441199.0,cefoxitin,CO[C@]1(NC(=O)Cc2cccs2)[C@H]2SCC(COC(N)=O)=C(N2C1=O)C(O)=O
QDUIJCOKQCCXQY-WHJQOFBOSA-O,5491955.0,cefozopran,CO\N=C(/C(=O)N[C@H]1[C@H]2SCC(C[n+]3ccn4ncccc34)=C(N2C1=O)C(O)=O)c1nsc(N)n1
PWAUCHMQEXVFJR-PMAPCBKXSA-N,636405.0,cefpiramide,Cc1cc(=O)c(c[nH]1)C(=O)N[C@@H](C(=O)N[C@H]1[C@H]2SCC(CSc3nnnn3C)=C(N2C1=O)C(O)=O)c1ccc(O)cc1
DKOQGJHPHLTOJR-PUIFZAHNSA-O,6917675.0,cefpirome,CO\N=C(\C(=O)N[C@H]1[C@H]2SCC(C[n+]3cccc4CCCc34)=C(N2C1=O)C(O)=O)c1csc(N)n1
MSJODEOZODDVGW-UHFFFAOYSA-N,2690.0,CGS-15943,Nc1nc2ccc(Cl)cc2c2nc(nn12)-c1ccco1
LTINZAODLRIQIX-OLEGMKQCSA-N,51546414.0,cefpodoxime,COCC1=C(N2[C@H](SC1)[C@H](NC(=O)C(=N/OC)\c1csc(N)n1)C2=O)C(=O)O[C@@H](C)OC(=O)OC(C)C
WDLWHQDACQUCJR-ZAMMOSSLSA-N,5281006.0,cefprozil,C\C=C\C1=C(N2[C@H](SC1)[C@H](NC(=O)[C@H](N)c1ccc(O)cc1)C2=O)C(O)=O
RDLPVSKMFDYCOR-UEKVPHQBSA-N,40467109.0,cefradine,CC1=C(N2[C@H](SC1)[C@H](NC(=O)[C@H](N)C1=CCC=CC1)C2=O)C(O)=O
SYLKGLMBLAAGSC-QLVMHMETSA-O,656576.0,cefsulodin,NC(=O)c1cc[n+](CC2=C(N3[C@H](SC2)[C@H](NC(=O)[C@@H](c2ccccc2)S(O)(=O)=O)C3=O)C(O)=O)cc1
ZCCUWMICIWSJIX-XHNDKCDBSA-O,10033059.0,ceftaroline-fosamil,CCO\N=C(\C(=O)N[C@H]1[C@H]2SCC(Sc3nc(cs3)-c3cc[n+](C)cc3)=C(N2C1=O)C(O)=O)c1nc(=NP(O)(O)=O)s[nH]1
ORFOPKXBNMVMKC-DWVKKRMSSA-O,6321415.0,ceftazidime,CC(C)(O\N=C(/C(=O)N[C@H]1[C@H]2SCC(C[n+]3ccccc3)=C(N2C1=O)C(O)=O)c1csc(N)n1)C(O)=O
UNJFKXSSGBWRBZ-BJCIPQKHSA-N,5282242.0,ceftibuten,Nc1nc(cs1)C(=C\CC(O)=O)\C(=O)N[C@H]1[C@H]2SCC=C(N2C1=O)C(O)=O
ZBHXIWJRIFEVQY-IHMPYVIRSA-N,6328657.0,ceftiofur,CO\N=C(/C(=O)N[C@H]1[C@H]2SCC(CSC(=O)c3ccco3)=C(N2C1=O)C(O)=O)c1csc(N)n1
NNULBSISHYWZJU-LLKWHZGFSA-N,6533629.0,ceftizoxim,CO\N=C(/C(=O)N[C@H]1[C@H]2SCC=C(N2C1=O)C(O)=O)c1csc(N)n1
VOAZJEPQLGBXGO-SDAWRPRTSA-N,138319339.0,ceftobiprole,[H][C@]12SCC(\C=C3/CCN([C@@H]4CCNC4)C3=O)=C(N1C(=O)[C@H]2NC(=O)C(=N/O)\c1nsc(N)n1)C(O)=O
VAAUVRVFOQPIGI-SPQHTLEESA-N,5479530.0,ceftriaxone,CO\N=C(/C(=O)N[C@H]1[C@H]2SCC(CSc3nc(=O)c(O)nn3C)=C(N2C1=O)C(O)=O)c1csc(N)n1
JFPVXVDWJQMJEE-IZRZKJBUSA-N,5479529.0,cefuroxime,CO\N=C(/C(=O)N[C@H]1[C@H]2SCC(COC(N)=O)=C(N2C1=O)C(O)=O)c1ccco1
KEJCWVGMRLCZQQ-QFDKGRJDSA-N,9806360.0,cefuroxime-axetil,CO\N=C(/C(=O)N[C@H]1[C@H]2SCC(COC(N)=O)=C(N2C1=O)C(=O)O[C@@H](C)OC(C)=O)c1ccco1
RZEKVGVHFLEQIL-UHFFFAOYSA-N,2662.0,celecoxib,Cc1ccc(cc1)-c1cc(nn1-c1ccc(cc1)S(N)(=O)=O)C(F)(F)F
HTJGLYIJVSDQAE-VWNXEWBOSA-N,60734.0,celgosivir,[H][C@]12[C@@H](O)CCN1C[C@H](OC(=O)CCC)[C@@H](O)[C@@H]2O
JOATXPAWOHTVSZ-INIZCTEOSA-N,11406333.0,celiprolol,CCN(CC)C(=O)Nc1ccc(OC[C@@H](O)CNC(C)(C)C)c(c1)C(C)=O
KJKKMMMRWISKRF-FQEVSTJZSA-N,49871973.0,cenerimod,CCc1cc(cc(C)c1OC[C@@H](O)CO)-c1noc(n1)-c1cc(OC)nc(c1)C1CCCC1
PNDKCRDVVKJPKG-WHERJAGFSA-N,11285792.0,cenicriviroc,CCCCOCCOc1ccc(cc1)-c1ccc2N(CC(C)C)CCC\C(=C/c2c1)C(=O)Nc1ccc(cc1)[S@@](=O)Cc1cncn1CCC
GFHAXPJGXSQLPT-VIFPVBQESA-N,11962412.0,cenobamate,NC(=O)O[C@@H](Cn1ncnn1)c1ccccc1Cl
HKHCSWPSUSWGLI-CABCVRRESA-N,16095349.0,centanafadine,C1[C@@H]2CNC[C@]12c1ccc2ccccc2c1
CZXUQBVMAUWSBX-UHFFFAOYSA-N,72846.0,centazolone,Nn1cnc2cc3ccccc3cc2c1=O
UJNWGFBJUHIJKK-UHFFFAOYSA-N,162163.0,centhaquin,Cc1cccc(c1)N1CCN(CCc2ccc3ccccc3n2)CC1
ZQPXSRTZFYHSFB-FQEVSTJZSA-N,7032530.0,centpropazine,CCC(=O)c1ccc(OC[C@@H](O)CN2CCN(CC2)c2ccccc2)cc1
RFZKSQIFOZZIAQ-UHFFFAOYSA-N,57336812.0,CEP-33779,CN1CCN(CC1)c1cccc(Nc2nc3c(cccn3n2)-c2ccc(cc2)S(C)(=O)=O)c1
BCSHRERPHLTPEE-NRFANRHFSA-N,71721648.0,CEP-37440,CNC(=O)c1ccccc1Nc1nc(Nc2ccc3C[C@H](CCCc3c2OC)N2CCN(CCO)CC2)ncc1Cl
FKCWHHYUMFGOPY-UHFFFAOYSA-N,71576419.0,CEP-40783,COc1cc2nccc(Oc3ccc(NC(=O)c4cn(C(C)C)c(=O)n(-c5ccc(F)cc5)c4=O)cc3F)c2cc1OC
ZAIPMKNFIOOWCQ-UEKVPHQBSA-N,6560168.0,cephalexin,CC1=C(N2[C@H](SC1)[C@H](NC(=O)[C@H](N)c1ccccc1)C2=O)C(O)=O
DBXFAPJCZABTDR-WBYYIXQISA-N,6436208.0,cephalomannine,C\C=C(/C)C(=O)N[C@H]([C@@H](O)C(=O)O[C@H]1C[C@@]2(O)[C@@H](OC(=O)c3ccccc3)[C@@H]3[C@@]4(CO[C@@H]4C[C@H](O)[C@@]3(C)C(=O)[C@H](OC(C)=O)C(=C1C)C2(C)C)OC(C)=O)c1ccccc1
TVMXJQZBKOMFQK-JFEXGKLBSA-L,,cephalosporin-c-zn,CC(=O)OCC1=C2N3[C@H](SC1)[C@H](NC(=O)CCC[C@H](N)C(=O)O[Zn]OC2=O)C3=O
XIURVHNZVLADCM-IUODEOHRSA-N,6024.0,cephalothin,CC(=O)OCC1=C(N2[C@H](SC1)[C@H](NC(=O)Cc1cccs1)C2=O)C(O)=O
UQLLWWBDSUHNEB-CZUORRHYSA-N,30699.0,cephapirin,CC(=O)OCC1=C(N2[C@H](SC1)[C@H](NC(=O)CSc1ccncc1)C2=O)C(O)=O
YVPXVXANRNDGTA-WDYNHAJCSA-N,10206.0,cepharanthine,COc1ccc2C[C@H]3N(C)CCc4cc(OC)c(Oc5c6OCOc6cc6CCN(C)[C@@H](Cc7ccc(Oc1c2)cc7)c56)cc34
RDLPVSKMFDYCOR-HFAKWTLXSA-N,12876371.0,cephradine,CC1=C(N2[C@@H](SC1)[C@H](NC(=O)[C@H](N)C1=CCC=CC1)C2=O)C(O)=O
BLTCBVOJNNKFKC-QUDYQQOWSA-N,5497136.0,ceramide,CCCCCCCCCCCCC\C=C\[C@@H](O)[C@H](CO)NC(C)=O
VERWOWGGCGHDQE-UHFFFAOYSA-N,57379345.0,ceritinib,CC(C)Oc1cc(C2CCNCC2)c(C)cc1Nc1ncc(Cl)c(Nc2ccccc2S(=O)(=O)C(C)C)n1
GVEZIHKRYBHEFX-NQQPLRFYSA-N,5282054.0,cerulenin,C\C=C\C\C=C\CCC(=O)[C@H]1O[C@H]1C(N)=O
YRALAIOMGQZKOW-HYAOXDFASA-N,16129675.0,ceruletide,[H][C@](NC(=O)[C@H](Cc1ccc(OS(O)(=O)=O)cc1)NC(=O)[C@H](CC(O)=O)NC(=O)[C@H](CCC(N)=O)NC(=O)[C@@H]1CCC(=O)N1)([C@@H](C)O)C(=O)NCC(=O)N[C@@H](Cc1c[nH]c2ccccc12)C(=O)N[C@@H](CCSC)C(=O)N[C@@H](CC(O)=O)C(=O)N[C@@H](Cc1ccccc1)C(N)=O
QXWKHSSBFQDQPR-UHFFFAOYSA-N,47263.0,cetaben,CCCCCCCCCCCCCCCCNc1ccc(cc1)C(O)=O
MVCQKIKWYUURMU-UHFFFAOYSA-N,9952916.0,cetilistat,CCCCCCCCCCCCCCCCOc1nc2ccc(C)cc2c(=O)o1
ZKLPARSLTMPFCP-NRFANRHFSA-N,28145930.0,cetirizine,OC(=O)COCCN1CCN(CC1)[C@@H](c1ccccc1)c1ccc(Cl)cc1
RLGQACBPNDBWTB-UHFFFAOYSA-N,2681.0,cetrimonium,CCCCCCCCCCCCCCCC[N+](C)(C)C
SBNPWPIBESPSIF-MHWMIDJBSA-N,25074887.0,cetrorelix,CC(C)C[C@H](NC(=O)[C@@H](CCCNC(N)=O)NC(=O)[C@H](Cc1ccc(O)cc1)NC(=O)[C@H](CO)NC(=O)[C@@H](Cc1cccnc1)NC(=O)[C@@H](Cc1ccc(Cl)cc1)NC(=O)[C@@H](Cc1ccc2ccccc2c1)NC(C)=O)C(=O)N[C@@H](CCCNC(N)=N)C(=O)N1CCC[C@H]1C(=O)N[C@H](C)C(N)=O
NEUSVAOJNUQRTM-UHFFFAOYSA-N,2683.0,cetylpyridinium,CCCCCCCCCCCCCCCC[n+]1ccccc1
WUTYZMFRCNBCHQ-WPRPVWTQSA-N,18642481.0,cevimeline,C[C@H]1O[C@]2(CS1)CN1CCC2CC1
ZUZPCOQWSYNWLU-VIFPVBQESA-N,11488110.0,cevipabulin,[H][C@@](C)(Nc1c(c(Cl)nc2ncnn12)-c1c(F)cc(OCCCNC)cc1F)C(F)(F)F
IPSYPUKKXMNCNQ-PFHKOEEOSA-N,3035850.0,CF102,CNC(=O)[C@H]1O[C@H]([C@H](O)[C@@H]1O)n1cnc2c(NCc3cccc(I)c3)nc(Cl)nc12
DADASRPKWOGKCU-FVTQAUBDSA-N,58486178.0,CFI-400945,COc1ccc2NC(=O)[C@@]3(C[C@H]3c3ccc4c(\C=C\c5ccc(CN6C[C@H](C)O[C@H](C)C6)cc5)[nH]nc4c3)c2c1
PMQUGSPFUBGJCZ-CHOKWEPUSA-N,,CFI-402257,Cc1cc(ccc1C(=O)NC1CC1)-c1cnn2c(NC[C@H]3C[C@@](C)(O)C3)cc(Oc3cccnc3)nc12
YZCSJBGQLATPMH-UHFFFAOYSA-N,9844347.0,CFM-1571,COc1ccc(NC(=O)c2cc(OCCCN(C)C)nn2Cc2ccccc2)cc1
MJKADKZSYQWGLL-UHFFFAOYSA-N,4377504.0,CFM-2,COc1cc2CC(=O)NN=C(c3ccc(N)cc3)c2cc1OC
JIMHYXZZCWVCMI-RIYZIHGNSA-N,1554210.0,CFTRinh-172,OC(=O)c1ccc(\C=C2\SC(=S)N(C2=O)c2cccc(c2)C(F)(F)F)cc1
YCLREGRRHGLOAK-UHFFFAOYSA-N,11844916.0,CG-400549,Cc1c(N)cccc1Cn1ccc(OCCc2cccs2)cc1=O
BEPGKLOHQTXUHX-UHFFFAOYSA-N,5282339.0,CGH2466,Nc1nc(c(s1)-c1ccncc1)-c1ccc(Cl)c(Cl)c1
HLCDNLNLQNYZTK-OAQYLSRUSA-N,92509770.0,CGK-733,[O-][N+](=O)c1cc(NC(=S)N[C@@H](NC(=O)C(c2ccccc2)c2ccccc2)C(Cl)(Cl)Cl)ccc1F
CLRSLRWKONPSRQ-IIPSPAQQSA-N,,CGM097,COc1cc2CC(=O)N([C@@H](c3ccc(Cl)cc3)c2cc1OC(C)C)c1ccc(cc1)N(C)C[C@H]1CC[C@@H](CC1)N1CCN(C)C(=O)C1
UMQUQWCJKFOUGV-SECBINFHSA-N,76962943.0,CGP-12177,CC(C)(C)NC[C@@H](O)COc1cccc2[nH]c(=O)[nH]c12
XGWATTXMMMANFJ-UHFFFAOYSA-N,3519541.0,CGP-13501,CC(C)(C)c1cc(CC(C)(C)C=O)cc(c1O)C(C)(C)C
VFPOVCXWKBYDNF-XFULWGLBSA-N,91667713.0,CGP-20712A,CS(O)(=O)=O.Cn1cc(nc1-c1ccc(OC[C@H](O)CNCCOc2ccc(O)c(c2)C(N)=O)cc1)C(F)(F)F
JEMKCYHUYUPGFN-UHFFFAOYSA-N,9819591.0,CGP-25454A,CCN(CC)CCNC(=O)c1cc(C#N)c(Cl)cc1OC
KQEPIRKXSUIUTH-HNNXBMFYSA-N,6604821.0,CGP-37157,Clc1ccc2NC(=O)CS[C@@H](c3ccccc3Cl)c2c1
BDYHNCZIGYIOGJ-XWCPEMDWSA-N,6604869.0,CGP-37849,C\C(CP(O)(O)=O)=C/[C@@H](N)C(O)=O
OKDOWCKDTWNRCB-PTYLAXBQSA-N,6438792.0,CGP-39551,CCOC(=O)[C@H](N)\C=C(/C)CP(O)(O)=O
AAALVYBICLMAMA-UHFFFAOYSA-N,1697.0,CGP-52411,O=C1NC(=O)c2cc(Nc3ccccc3)c(Nc3ccccc3)cc12
RONQPWQYDRPRGG-UHFFFAOYSA-N,6711154.0,CGP-53353,Fc1ccc(Nc2cc3C(=O)NC(=O)c3cc2Nc2ccc(F)cc2)cc1
JGGVBBYJRQOPPA-BBRMVZONSA-N,197584.0,CGP-54626,C[C@H](NC[C@H](O)CP(O)(=O)CC1CCCCC1)c1ccc(Cl)c(Cl)c1
ZODSPDOOCZZEIM-BBRMVZONSA-N,5311042.0,CGP-55845,C[C@H](NC[C@H](O)CP(O)(=O)Cc1ccccc1)c1ccc(Cl)c(Cl)c1
UQPMANVRZYYQMD-UHFFFAOYSA-N,11644425.0,CGP-57380,Nc1ncnc2n[nH]c(Nc3ccc(F)cc3)c12
IYNDTACKOAXKBJ-UHFFFAOYSA-N,644215.0,CGP-60474,OCCCNc1cc(ccn1)-c1ccnc(Nc2cccc(Cl)c2)n1
UULIGRNKXHCLQN-WGSAOQKQSA-N,,CGP-71683,Nc1nc(NC[C@H]2CC[C@H](CNS(=O)(=O)c3cccc4ccccc34)CC2)nc2ccccc12
UTBSBSOBZHXMHI-LSDHHAIUSA-N,2794188.0,CGP-74514,CCn1cnc2c(Nc3cccc(Cl)c3)nc(N[C@@H]3CCCC[C@@H]3N)nc12
DPFHVUSPVHRVFL-YFKPBYRVSA-N,6604872.0,CGP-78608,C[C@@H](NCc1cc(Br)cc2[nH]c(=O)c(=O)[nH]c12)P(O)(O)=O
XLWJPQQFJNGUPA-UHFFFAOYSA-N,5024764.0,CGP-7930,CC(C)(CO)Cc1cc(c(O)c(c1)C(C)(C)C)C(C)(C)C
UBLXQFIFWUEVGJ-UHFFFAOYSA-N,163844.0,CGS-20625,COc1ccc(cc1)-n1[nH]c2c3CCCCCc3ncc2c1=O
PAOANWZGLPPROA-RQXXJAGISA-N,3086599.0,CGS-21680,CCNC(=O)[C@H]1O[C@H]([C@H](O)[C@@H]1O)n1cnc2c(N)nc(NCCc3ccc(CCC(O)=O)cc3)nc12
QCBUAKLOWCOUCR-UHFFFAOYSA-N,108030.0,CGS-9896,Clc1ccc(cc1)-n1[nH]c2c(cnc3ccccc23)c1=O
JBXSBZBZASARMY-UHFFFAOYSA-N,139570.0,CH-170,Cc1nc(Cn2cnc3n(C)c(=O)n(C)c(=O)c23)no1
BEMNJULZEQTDJY-UHFFFAOYSA-N,66555680.0,CH-5183284,Cc1nc2ccc(cc2[nH]1)-n1ncc(C(=O)c2cc3ccccc3[nH]2)c1N
LKTNEXPODAWWFM-GHVJWSGMSA-N,,CH223191,Cc1ccccc1\N=N\c1ccc(NC(=O)c2ccnn2C)c(C)c1
JEGHXKRHKHPBJD-UHFFFAOYSA-N,49784945.0,CH5132799,CS(=O)(=O)N1CCc2c1nc(nc2-c1cnc(N)nc1)N1CCOCC1
FOUVTBKPJRMLPE-FMIVXFBMSA-N,6184667.0,CH55,CC(C)(C)c1cc(cc(c1)C(C)(C)C)C(=O)\C=C\c1ccc(cc1)C(O)=O
AFVLVVWMAFSXCK-VMPITWQZSA-N,5328791.0,CHC,OC(=O)C(=C\c1ccc(O)cc1)\C#N
RUDATBOHQWOJDD-BSWAIDMHSA-N,10133.0,chenodeoxycholic-acid,C[C@H](CCC(O)=O)[C@H]1CC[C@H]2[C@@H]3[C@H](O)C[C@@H]4C[C@H](O)CC[C@]4(C)[C@H]3CC[C@]12C
LIYLTQQDABRNRX-UHFFFAOYSA-N,9996409.0,CHF5074,OC(=O)C1(CC1)c1ccc(c(F)c1)-c1ccc(Cl)c(Cl)c1
BGULJNMSWJQIEK-UHFFFAOYSA-N,6817703.0,chicago-sky-blue-6b,COc1cc(ccc1NN=C1C=Cc2c(cc(c(N)c2C1=O)S(O)(=O)=O)S(O)(=O)=O)-c1ccc(NN=C2C=Cc3c(cc(c(N)c3C2=O)S(O)(=O)=O)S(O)(=O)=O)c(OC)c1
WXHHICFWKXDFOW-BJMVGYQFSA-N,9800555.0,chidamide,Nc1ccc(F)cc1NC(=O)c1ccc(CNC(=O)\C=C\c2cccnc2)cc1
ZBJWWKFMHOAPNS-UHFFFAOYSA-N,1550821.0,chiniofon,Oc1c(I)cc(c2cccnc12)S(O)(=O)=O
MOVBBVMDHIRCTG-LJQANCHMSA-N,135399748.0,CHIR-124,Clc1ccc2[nH]c(=O)c(-c3nc4ccccc4[nH]3)c(N[C@@H]3CN4CCC3CC4)c2c1
MDZCSIDIPDZWKL-UHFFFAOYSA-N,53396311.0,CHIR-98014,Nc1nc(NCCNc2ncc(c(n2)-c2ccc(Cl)cc2Cl)-n2ccnc2)ccc1[N+]([O-])=O
AQGNHMOJWBZFQQ-UHFFFAOYSA-N,9956119.0,CHIR-99021,Cc1c[nH]c(n1)-c1cnc(NCCNc2ccc(cn2)C#N)nc1-c1ccc(Cl)cc1Cl
RTIXKCRFFJGDFG-UHFFFAOYSA-N,5281607.0,chrysin,Oc1cc(O)c2c(c1)oc(cc2=O)-c1ccccc1
OJYGBLRPYBAHRT-IPQSZEQASA-N,7057995.0,chloralose,OC[C@@H](O)[C@H]1O[C@@H]2O[C@@H](O[C@@H]2[C@H]1O)C(Cl)(Cl)Cl
JCKYGMPEJWAADB-UHFFFAOYSA-N,2708.0,chlorambucil,OC(=O)CCCc1ccc(cc1)N(CCCl)CCCl
NXTVQNIVUKXOIL-UHFFFAOYSA-N,31388.0,chloramine-T,Cc1ccc(cc1)S(=O)(=O)NCl
WIIZWVCIJKGZOK-RKDXNWHRSA-N,5959.0,chloramphenicol,OC[C@@H](NC(=O)C(Cl)Cl)[C@H](O)c1ccc(cc1)[N+]([O-])=O
PXKHGMGELZGJQE-ILBGXUMGSA-N,443382.0,chloramphenicol-palmitate,CCCCCCCCCCCCCCCC(=O)OC[C@@H](NC(=O)C(Cl)Cl)[C@H](O)c1ccc(cc1)[N+]([O-])=O
LIRCDOVJWUGTMW-ZWNOBZJWSA-N,656580.0,chloramphenicol-sodium-succinate,O[C@@H]([C@@H](COC(=O)CCC(O)=O)NC(=O)C(Cl)Cl)c1ccc(cc1)[N+]([O-])=O
YRZQHIVOIFJEEE-UHFFFAOYSA-N,10374.0,chlorazanil,Nc1ncnc(Nc2ccc(Cl)cc2)n1
WFNAKBGANONZEQ-SFHVURJKSA-N,688437.0,chlorcyclizine,CN1CCN(CC1)[C@@H](c1ccccc1)c1ccc(Cl)cc1
RZXLPPRPEOUENN-UHFFFAOYSA-N,6635.0,chlorfenson,Clc1ccc(OS(=O)(=O)c2ccc(Cl)cc2)cc1
GHXZTYHSJHQHIJ-UHFFFAOYSA-N,9552079.0,chlorhexidine,NC(Nc1ccc(Cl)cc1)=NC(=N)NCCCCCCNC(=N)N=C(N)Nc1ccc(Cl)cc1
ATAJVFBUUIBIEO-UHFFFAOYSA-N,8961.0,chlorindanol,Oc1ccc(Cl)c2CCCc12
NJDUWAXIURWWLN-UHFFFAOYSA-N,70846.0,chlorindione,Clc1ccc(cc1)C1C(=O)c2ccccc2C1=O
IXWDUZLHWJKVPX-UHFFFAOYSA-N,6244.0,chlorisondamine-diiodide,C[N+](C)(C)CC[N+]1(C)Cc2c(C1)c(Cl)c(Cl)c(Cl)c2Cl
QMBJSIBWORFWQT-DFXBJWIESA-N,9324.0,chlormadinone-acetate,CC(=O)O[C@@]1(CC[C@H]2[C@@H]3C=C(Cl)C4=CC(=O)CC[C@]4(C)[C@H]3CC[C@]12C)C(C)=O
WEQAYVWKMWHEJO-LLVKDONJSA-N,6604211.0,chlormezanone,CN1[C@@H](c2ccc(Cl)cc2)S(=O)(=O)CCC1=O
WNAQOLSMVPFGTE-UHFFFAOYSA-N,71821.0,chlormidazole,Cc1nc2ccccc2n1Cc1ccc(Cl)cc1
OSASVXMJTNOKOY-UHFFFAOYSA-N,5977.0,chlorobutanol,CC(C)(O)C(Cl)(Cl)Cl
CFKMVGJGLGKFKI-UHFFFAOYSA-N,1732.0,chlorocresol,Cc1cc(O)ccc1Cl
CWVRJTMFETXNAD-JUHZACGLSA-N,1794427.0,chlorogenic-acid,O[C@@H]1C[C@](O)(C[C@@H](OC(=O)\C=C\c2ccc(O)c(O)c2)[C@@H]1O)C(O)=O
HZDQUOWQHHSPIE-HASICPNOSA-N,,chlorophyllin,CCc1c(C)c2cc3nc(cc4[nH]c([C@@H](CCC(O)=O)[C@@H]4C)c(CC(O)=O)c4[nH]c(cc1n2)c(C)c4C(O)=O)c(C)c3C=C
ZDOYGJNADZJRFB-PVMVIUQGSA-L,,chlorophyllin-copper,CCC1=C(C)\C2=C\c3c(C=C)c(C)c4\C=C5/N=C([C@@H](CCC(O)=O)[C@@H]5C)/C(/CC(O)=O)=c5/c(C(O)=O)c(C)\c(=C\C1=N2)n5[Cu]n34
VDANGULDQQJODZ-UHFFFAOYSA-N,8612.0,chloroprocaine,CCN(CC)CCOC(=O)c1ccc(N)cc1Cl
ICKFFNBDFNZJSX-UHFFFAOYSA-N,25295.0,chloropyramine,CN(C)CCN(Cc1ccc(Cl)cc1)c1ccccn1
WHTVZRBIWZFKQO-CQSZACIVSA-N,444810.0,chloroquine,CCN(CC)CCC[C@@H](C)Nc1ccnc2cc(Cl)ccc12
JBMKAUGHUNFTOL-UHFFFAOYSA-N,2720.0,chlorothiazide,NS(=O)(=O)c1cc2c(cc1Cl)N=CNS2(=O)=O
KFZXVMNBUMVKLN-UHFFFAOYSA-N,6982.0,chlorothymol,CC(C)c1cc(Cl)c(C)cc1O
BFPSDSIWYFKGBC-UHFFFAOYSA-N,11289.0,chlorotrianisene,COc1ccc(cc1)C(Cl)=C(c1ccc(OC)cc1)c1ccc(OC)cc1
WDFKMLRRRCGAKS-UHFFFAOYSA-N,2722.0,chloroxine,Oc1c(Cl)cc(Cl)c2cccnc12
XMFXTXKSWIDMER-UHFFFAOYSA-N,66593.0,chloroxoquinoline,Clc1ccc2c(c1)[nH]ccc2=O
OSDLLIBGSJNGJE-UHFFFAOYSA-N,2723.0,chloroxylenol,Cc1cc(O)cc(C)c1Cl
SOYKEARSMXGVTM-HNNXBMFYSA-N,33036.0,chlorphenamine,CN(C)CC[C@@H](c1ccc(Cl)cc1)c1ccccn1
MXOAEAUPQDYUQM-MRVPVSSYSA-N,6918886.0,chlorphenesin,OC[C@@H](O)COc1ccc(Cl)cc1
KKHPNPMTPORSQE-SFHVURJKSA-N,38988830.0,chlorphenoxamine,CN(C)CCO[C@@](C)(c1ccccc1)c1ccc(Cl)cc1
SKPLBLUECSEIFO-QMMMGPOBSA-N,73416025.0,chlorphensin-carbamate,NC(=O)OC[C@@H](O)COc1ccc(Cl)cc1
ISZNZKHCRKXXAU-UHFFFAOYSA-N,9571037.0,chlorproguanil,CC(C)NC(=N)N=C(N)Nc1ccc(Cl)c(Cl)c1
ZPEIMTDSQAKGNT-UHFFFAOYSA-N,2726.0,chlorpromazine,CN(C)CCCN1c2ccccc2Sc2ccc(Cl)cc12
RKWGIWYCVPQPMF-UHFFFAOYSA-N,2727.0,chlorpropamide,CCCNC(=O)NS(=O)(=O)c1ccc(Cl)cc1
CWJSHJJYOPWUGX-UHFFFAOYSA-N,2728.0,chlorpropham,CC(C)OC(=O)Nc1cccc(Cl)c1
WSPOMRSOLSGNFJ-AUWJEWJLSA-N,667467.0,chlorprothixene,CN(C)CC\C=C1\c2ccccc2Sc2ccc(Cl)cc12
SBPBAQFWLVIOKP-UHFFFAOYSA-N,2730.0,chlorpyrifos,CCOP(=S)(OCC)Oc1nc(Cl)c(Cl)cc1Cl
GPTXWRGISTZRIO-UHFFFAOYSA-N,6301.0,chlorquinaldol,Cc1ccc2c(Cl)cc(Cl)c(O)c2n1
RNPLSXLZRGPQCU-YPOKJENWSA-N,,chlortetracycline,[H][C@@]12C[C@@]3([H])[C@H](C(=O)c4c(O)ccc(Cl)c4[C@@]3(C)O)C(=O)[C@]1(O)C(=O)[C@H](C(N)=O)C(=O)[C@H]2N(C)C
JIVPVXMEBJLZRO-AWEZNQCLSA-N,688424.0,chlorthalidone,NS(=O)(=O)c1cc(ccc1Cl)[C@@]1(O)NC(=O)c2ccccc12
TZFWDZFKRBELIQ-UHFFFAOYSA-N,2733.0,chlorzoxazone,Clc1ccc2oc(=O)[nH]c2c1
QYSXJUFSXHHAJI-YRZJJWOYSA-N,5280795.0,cholecalciferol,CC(C)CCC[C@@H](C)[C@H]1CC[C@H]2\C(CCC[C@]12C)=C\C=C1\C[C@@H](O)CCC1=C
HVYWMOMLDIMFJA-DPAQBDIFSA-N,5997.0,cholesterol,CC(C)CCC[C@@H](C)[C@H]1CC[C@H]2[C@@H]3CC=C4C[C@@H](O)CC[C@]4(C)[C@H]3CC[C@]12C
BHQCQFFYRZLCQQ-OELDTZBJSA-N,221493.0,cholic-acid,C[C@H](CCC(O)=O)[C@H]1CC[C@H]2[C@@H]3[C@H](O)C[C@@H]4C[C@H](O)CC[C@]4(C)[C@H]3C[C@H](O)[C@]12C
OEYIOHPDSNJKLS-UHFFFAOYSA-N,305.0,choline,C[N+](C)(C)CCO
SUHOQUVVVLNYQR-MRVPVSSYSA-O,58381695.0,choline-alfoscerate,C[N+](C)(C)CCOP(O)(=O)OC[C@H](O)CO
UNIDAFCQFPGYJJ-SSDOTTSWSA-N,6604802.0,CHPG,N[C@@H](C(O)=O)c1cc(O)ccc1Cl
CZZCAOGIEGXMBZ-UHFFFAOYSA-N,70679308.0,CHR-6494,CCCNc1ccc2ncc(-c3ccc4n[nH]cc4c3)n2n1
VCIPBXUEKWCJAU-DZYJZKBLSA-N,90479790.0,chromanol-(+/-),CCS(=O)(=O)N(C)[C@@H]1[C@@H](O)C(C)(C)Oc2ccc(cc12)C#N.CCS(=O)(=O)N(C)[C@H]1[C@H](O)C(C)(C)Oc2ccc(cc12)C#N
HVSJHHXUORMCGK-UONOGXRCSA-N,121846.0,"chromanol-293B-(-)-[3R,4S]",CCS(=O)(=O)N(C)[C@@H]1[C@@H](O)C(C)(C)Oc2ccc(cc12)C#N
CBDQOLKNTOMMTL-UHFFFAOYSA-K,56840998.0,chromium-picolinate,O=C(O[Cr](OC(=O)c1ccccn1)OC(=O)c1ccccn1)c1ccccn1
RVMGXWBCQGAWBR-UHFFFAOYSA-N,2741.0,chromocarb,OC(=O)c1cc(=O)c2ccccc2o1
LQGUBLBATBMXHT-UHFFFAOYSA-N,10208.0,chrysophanic-acid,Cc1cc(O)c2C(=O)c3c(O)cccc3C(=O)c2c1
FINHMKGKINIASC-UHFFFAOYSA-N,14296.0,chuanxiongzine,Cc1nc(C)c(C)nc1C
KDGUIKPOZGYLQJ-UHFFFAOYSA-N,200510.0,CI-844,O(c1ccccc1)c1cccnc1
MJRICTKAEYTJAV-LBPRGKRZSA-N,76971447.0,CI-923,CCN[C@@H](C)CN1CCc2c(C1)c(=O)oc1ccccc21
ZSBWDKCIIZYQIR-UHFFFAOYSA-N,130178.0,CI-953,Cc1cccc(Cl)c1NC(=O)Nc1ccncc1
CMHQDSBIBSKHFP-UHFFFAOYSA-N,198693.0,CI-966,OC(=O)C1=CCCN(CCOC(c2ccc(cc2)C(F)(F)F)c2ccc(cc2)C(F)(F)F)C1
WAFNZAURAWBNDZ-UHFFFAOYSA-N,122327.0,CI-976,CCCCCCCCCCC(C)(C)C(=O)Nc1c(OC)cc(OC)cc1OC
PODBBOVVOGJETB-UHFFFAOYSA-N,518924.0,ciaftalan-zinc,[Zn]1n2c3\N=C4/N=C(/N=c5\n1\c(=N/C1=N/C(=N\c2c2ccccc32)/c2ccccc12)c1ccccc51)c1ccccc41
PFTAWBLQPZVEMU-DZGCQCFKSA-N,9064.0,cianidanol,O[C@H]1Cc2c(O)cc(O)cc2O[C@@H]1c1ccc(O)c(O)c1
IPOBOOXFSRWSHL-INIZCTEOSA-N,57357423.0,cibenzoline,C1[C@@H](C2=NCCN2)C1(c1ccccc1)c1ccccc1
LUKZNWIVRBCLON-GXOBDPJESA-N,6918155.0,ciclesonide,CC(C)C(=O)OCC(=O)[C@@]12O[C@@H](O[C@@H]1C[C@H]1[C@@H]3CCC4=CC(=O)C=C[C@]4(C)[C@H]3[C@@H](O)C[C@]21C)C1CCCCC1
SCKYRAXSEDYPSA-UHFFFAOYSA-N,2749.0,ciclopirox,Cc1cc(C2CCCCC2)n(O)c(=O)c1
LRXFKKPEBXIPMW-SNVBAGLBSA-N,14694110.0,cicloprofen,C[C@@H](C(O)=O)c1ccc-2c(Cc3ccccc-23)c1
VGUQVYZXABOXCX-QHCPKHFHSA-N,51436118.0,CID-16020046,Cc1ccc(cc1)-c1n[nH]c2C(=O)N([C@H](c12)c1cccc(O)c1)c1ccc(cc1)C(O)=O
XQJWTJLJEYIUDZ-UHFFFAOYSA-N,2011756.0,CID-2011756,Clc1cccc(c1)-c1ccc(o1)C(=O)Nc1ccc(CN2CCOCC2)cc1
CYNLZIBKERMMOA-AWQFTUOYSA-N,9581011.0,CID-2745687,COC(=O)c1cnn(c1\C=N\NC(=S)NC(C)(C)C)-c1ccc(F)cc1F
BJJVCNWHNQAAGB-HMMYKYKNSA-N,,CID-5458317,OC1=c2ccccc2=C(NC2CCCCC2)\C1=C/c1ccccc1
VWFCHDSQECPREK-LURJTMIESA-N,60613.0,cidofovir,Nc1ccn(C[C@@H](CO)OCP(O)(O)=O)c(=O)n1
YZFWTZACSRHJQD-OAHLLOKOSA-N,6604850.0,ciglitazone,CC1(COc2ccc(C[C@H]3SC(=O)NC3=O)cc2)CCCCC1
DHSUYTOATWAVLW-WFVMDLQDSA-N,6435415.0,cilastatin,CC1(C)C[C@@H]1C(=O)N\C(=C/CCCCSC[C@H](N)C(O)=O)C(O)=O
HHHKFGXWKKUNCY-FHWLQOOXSA-N,56330.0,cilazapril,CCOC(=O)[C@H](CCc1ccccc1)N[C@H]1CCCN2CCC[C@H](N2C1=O)C(O)=O
AMLYAMJWYAIXIA-VWNVYAMZSA-N,176873.0,cilengitide,CC(C)[C@@H]1N(C)C(=O)[C@@H](Cc2ccccc2)NC(=O)[C@H](CC(O)=O)NC(=O)CNC(=O)[C@H](CCCNC(N)=N)NC1=O
KJEBULYHNRNJTE-HGJFNOKFSA-N,28248392.0,cilnidipine,COCCOC(=O)C1=C(C)NC(C)=C([C@@H]1c1cccc(c1)[N+]([O-])=O)C(=O)OC\C=C\c1ccccc1
KZSKGLFYQAYZCO-UHFFFAOYSA-N,71228883.0,cilofexor,OC(=O)c1ccnc(c1)N1CC(O)(C1)c1ccc(OCc2c(onc2-c2c(Cl)cccc2Cl)C2CC2)cc1Cl
CFBUZOUXXHZCFB-OYOVHJISSA-N,,cilomilast,COc1ccc(cc1OC1CCCC1)[C@]1(CC[C@@H](CC1)C(O)=O)C#N
UIAYVIIHMORPSJ-UHFFFAOYSA-N,2753.0,cilostamide,CN(C1CCCCC1)C(=O)CCCOc1ccc2[nH]c(=O)ccc2c1
RRGUKTPIGVIEKM-UHFFFAOYSA-N,2754.0,cilostazol,O=C1CCc2cc(OCCCCc3nnnn3C3CCCCC3)ccc2N1
PJZPDFUUXKKDNB-KNINVFKUSA-N,9853710.0,ciluprevir,COc1ccc2c(O[C@@H]3C[C@@H]4N(C3)C(=O)[C@H](CCCCC\C=C/[C@@H]3C[C@]3(NC4=O)C(O)=O)NC(=O)OC3CCCC3)cc(nc2c1)-c1csc(NC(C)C)n1
KSEXDSJYVSEVGF-FQEVSTJZSA-N,25331887.0,CIM-0216,Cc1cc(NC(=O)[C@@H](N2CCCc3ccccc23)c2ccccc2)no1
BUXRLJCGHZZYNE-GFCCVEGCSA-N,10911051.0,cimaterol,CC(C)NC[C@@H](O)c1ccc(N)c(c1)C#N
AQIXAKUUQRKLND-UHFFFAOYSA-N,2756.0,cimetidine,CN\C(NCCSCc1[nH]cnc1C)=N/C#N
QVVOZYKELHAIPX-IGDPVYPXSA-N,,cimetropium,C[N@@+]1(CC2CC2)[C@H]2C[C@@H](C[C@@H]1[C@H]1O[C@@H]21)OC(=O)[C@H](CO)c1ccccc1
VDHAWDNDOKGFTD-MRXNPFEDSA-N,156419.0,cinacalcet,C[C@@H](NCCCc1cccc(c1)C(F)(F)F)c1cccc2ccccc12
WPYWMXNXEZFMAK-UHFFFAOYSA-N,9808022.0,cinaciguat,OC(=O)CCCCN(CCc1ccccc1OCc1ccc(CCc2ccccc2)cc1)Cc1ccc(cc1)C(O)=O
BZMKNPGKXJAIDV-VAWYXSNFSA-N,6436135.0,cinalukast,CCC(CC)(CC(=O)Nc1cccc(\C=C\c2nc(cs2)C2CCC2)c1)C(O)=O
RSUVYMGADVXGOU-BUHFOSPRSA-N,5475158.0,cinanserin,CN(C)CCCSc1ccccc1NC(=O)\C=C\c1ccccc1
PUFQVTATUTYEAL-UHFFFAOYSA-N,3025.0,cinchocaine,CCCCOc1cc(C(=O)NCCN(CC)CC)c2ccccc2n1
KMPWYEUPVWOPIM-KODHJQJWSA-N,101744.0,cinchonidine,O[C@@H]([C@@H]1C[C@@H]2CC[N@]1C[C@@H]2C=C)c1ccnc2ccccc12
KMPWYEUPVWOPIM-QAMTZSDWSA-N,90454.0,cinchonine,O[C@H]([C@H]1C[C@@H]2CC[N@]1C[C@@H]2C=C)c1ccnc2ccccc12
YTRMTPPVNRALON-UHFFFAOYSA-N,8593.0,cinchophen,OC(=O)c1cc(nc2ccccc12)-c1ccccc1
XDUOTWNXVDBCDY-VOTSOKGWSA-N,6434395.0,cinepazet,CCOC(=O)CN1CCN(CC1)C(=O)\C=C\c1cc(OC)c(OC)c(OC)c1
RCUDFXMNPQNBDU-VOTSOKGWSA-N,5282459.0,cinepazide,COc1cc(\C=C\C(=O)N2CCN(CC(=O)N3CCCC3)CC2)cc(OC)c1OC
NCOOUEIQXVWKTO-QPJJXVBHSA-N,6434871.0,cinflumide,Fc1cccc(\C=C\C(=O)NC2CC2)c1
KJPRLNWUNMBNBZ-QPJJXVBHSA-N,637511.0,cinnamaldehyde,O=C\C=C\c1ccccc1
DERZBLKQOCDDDZ-JLHYYAGUSA-N,1547484.0,cinnarazine,C(\C=C\c1ccccc1)N1CCN(CC1)C(c1ccccc1)c1ccccc1
KBKUJJFDSHBPPA-ZNCGZLKOSA-N,259776.0,cinobufotalin,[H][C@@]12CC[C@]3(O)C[C@@H](O)CC[C@]3(C)[C@@]1([H])CC[C@]1(C)[C@H]([C@@H](OC(C)=O)[C@H]3O[C@@]213)c1ccc(=O)oc1
MDGVCMGGLSOVIQ-MDZDMXLPSA-N,6443803.0,cinoctramide,COc1cc(\C=C\C(=O)N2CCCCCCC2)cc(OC)c1OC
VDUWPHTZYNWKRN-UHFFFAOYSA-N,2762.0,cinoxacin,CCn1nc(C(O)=O)c(=O)c2cc3OCOc3cc12
CMDKPGRTAQVGFQ-RMKNXTFCSA-N,5373773.0,cinoxate,CCOCCOC(=O)\C=C\c1ccc(OC)cc1
AYQBYSPEGRYKFA-UHFFFAOYSA-N,969470.0,CINPA-1,CCOC(=O)Nc1ccc2CCc3ccccc3N(C(=O)CN(CC)CC)c2c1
LDCXGZCEMNMWIL-VOTSOKGWSA-N,688145.0,cinromide,CCNC(=O)\C=C\c1cccc(Br)c1
GULSIMHVQYBADX-FQEVSTJZSA-N,124126348.0,cintirorgon,CC(C)(C[C@H]1CN(c2cc(ccc2O1)-c1cc(F)cc(OC(F)F)c1)S(=O)(=O)c1cccc(c1)C(F)(F)F)C(O)=O
LRLKZVMLJBNNPE-SNAWJCMRSA-N,6154037.0,cintriamide,COc1cc(\C=C\C(N)=O)cc(OC)c1OC
KSPYMJJKQMWWNB-UHFFFAOYSA-N,71356.0,cipamfylline,Nc1nc2n(CC3CC3)c(=O)n(CC3CC3)c(=O)c2[nH]1
CKLPLPZSUQEDRT-WPCRTTGESA-N,44469321.0,cipargamin,C[C@H]1Cc2c([nH]c3cc(Cl)c(F)cc23)[C@@]2(N1)C(=O)Nc1ccc(Cl)cc21
GFUITADOEPNRML-SJORKVTESA-N,9824350.0,cipemastat,CN1C(=O)N(C[C@@H]([C@@H](CC2CCCC2)C(=O)N2CCCCC2)C(=O)NO)C(=O)C1(C)C
KPSRODZRAIWAKH-SNVBAGLBSA-N,9882424.0,ciprofibrate,CC(C)(Oc1ccc(cc1)[C@H]1CC1(Cl)Cl)C(O)=O
MYSWGUAQZAJSOK-UHFFFAOYSA-N,4011971.0,ciprofloxacin,OC(=O)c1cn(C2CC2)c2cc(N3CCNCC3)c(F)cc2c1=O
ACQBHJXEAYTHCY-UHFFFAOYSA-N,6422124.0,ciproxifan,O=C(C1CC1)c1ccc(OCCCc2cnc[nH]2)cc1
VYMILMYEENZHAR-HSZRJFAPSA-N,40450008.0,CIQ,COc1ccc(OC[C@H]2N(CCc3cc(OC)c(OC)cc23)C(=O)c2cccc(Cl)c2)cc1
YAORIDZYZDUZCM-UHFFFAOYSA-N,2765.0,cirazoline,C(Oc1ccccc1C1CC1)C1=NCCN1
JBYXPOFIGCOSSB-GOJKSUSPSA-N,5280644.0,"cis-9,trans-11-conjugated-linoleic-acid",CCCCCC\C=C\C=C/CCCCCCCC(O)=O
GTZCVFVGUGFEME-IWQZZHSRSA-N,643757.0,cis-aconitic-acid,OC(=O)C\C(=C\C(O)=O)C(O)=O
YFYNOWXBIBKGHB-CLZZGJSISA-N,231345.0,cis-ACPD,[H][C@]1(CC[C@@](N)(C1)C(O)=O)C(O)=O
AYEOSGBMQHXVER-AZQAYCESSA-N,21626088.0,"cis-exo-camphanediol-2,3",CC1(C)[C@H]2CC[C@]1(C)[C@@H](O)[C@H]2O
LOIYMIARKYCTBW-OWOJBTEDSA-N,736715.0,cis-urocanic-acid,OC(=O)\C=C\c1cnc[nH]1
DCSUBABJRXZOMT-IRLDBZIGSA-N,6917698.0,cisapride,CO[C@H]1CN(CCCOc2ccc(F)cc2)CC[C@H]1NC(=O)c1cc(Cl)c(N)cc1OC
YXSLJKQTIDHPOT-LJCJQEJUSA-N,62887.0,cisatracurium,COc1ccc(C[C@@H]2c3cc(OC)c(OC)cc3CC[N@+]2(C)CCC(=O)OCCCCCOC(=O)CC[N@@+]2(C)CCc3cc(OC)c(OC)cc3[C@H]2Cc2ccc(OC)c(OC)c2)cc1OC
DQLATGHUWYMOKM-UHFFFAOYSA-L,86820626.0,cisplatin,N[Pt](N)(Cl)Cl
WSEQXVZVJXJVFP-FQEVSTJZSA-N,146570.0,citalopram,CN(C)CCC[C@]1(OCc2cc(ccc12)C#N)c1ccc(F)cc1
VLIUIBXPEDFJRF-UHFFFAOYSA-N,53340426.0,citarinostat,ONC(=O)CCCCCCNC(=O)c1cnc(nc1)N(c1ccccc1)c1ccccc1Cl
ZQWBOKJVVYNKTL-AUEPDCJTSA-N,9600409.0,CITCO,Clc1ccc(cc1)-c1nc2sccn2c1\C=N\OCc1ccc(Cl)c(Cl)c1
RZZPDXZPRHQOCG-OJAKKHQRSA-O,13805.0,citicoline,C[N+](C)(C)CCOP(O)(=O)OP(O)(=O)OC[C@H]1O[C@H]([C@H](O)[C@@H]1O)n1ccc(N)nc1=O
NRFJZTXWLKPZAV-YFKPBYRVSA-N,7057882.0,citiolone,CC(=O)N[C@H]1CCSC1=O
KRKNYBCHXYNGOX-UHFFFAOYSA-N,88113319.0,citric-acid,OC(=O)CC(O)(CC(O)=O)C(O)=O
ISKHMDNIWXPUGR-UHFFFAOYSA-N,10429706.0,CJ-033466,CC(C)CN1CCC(CNC(=O)c2cc(Cl)c(N)n3cc(C)nc23)CC1
VPTONMHDLLMOOV-UHFFFAOYSA-N,9821945.0,CJ-13610,Cc1nccn1-c1ccc(Sc2cccc(c2)C2(CCOCC2)C(N)=O)cc1
IDRGFNPZDVBSSE-UHFFFAOYSA-N,117909640.0,CK-101,OCCN1CCN(CC1)c1ccc(Nc2ncc3cccc(-c4cccc(NC(=O)C=C)c4)c3n2)c(F)c1F
ACAKNPKRLPMONU-UHFFFAOYSA-N,588963.0,CK-636,Cc1[nH]c2ccccc2c1CCNC(=O)c1cccs1
YGCQFKVNIBDJFW-SFHVURJKSA-N,9861304.0,CKD-712,Oc1cc2CCN[C@@H](Cc3cccc4ccccc34)c2cc1O
OGKYMFFYOWUTKV-UHFFFAOYSA-N,129236.0,CKI-7,NCCNS(=O)(=O)c1ccc(Cl)c2ccncc12
GUOQUXNJZHGPQF-UHFFFAOYSA-N,107950.0,CL-218872,Cc1nnc2ccc(nn12)-c1cccc(c1)C(F)(F)F
ZJRCIQAMTAINCB-UHFFFAOYSA-N,64799.0,CL-225385,O=C(CC#N)c1ccccc1
JEDJMKTVUPSHFW-ABAIWWIYSA-N,5486546.0,CL316243,C[C@H](Cc1ccc2OC(Oc2c1)(C(O)=O)C(O)=O)NC[C@H](O)c1cccc(Cl)c1
PTOAARAWEBMLNO-KVQBGUIXSA-N,20279.0,cladribine,Nc1nc(Cl)nc2n(cnc12)[C@H]1C[C@H](O)[C@@H](CO)O1
VXTKXGKPBOLHRY-UHFFFAOYSA-N,3037766.0,clamikalant,CNC(=S)NS(=O)(=O)c1cc(CCNC(=O)c2cc(Cl)ccc2OC)ccc1OC
SRLPZQAEBMZCIJ-UHFFFAOYSA-N,68684.0,clanfenur,CN(C)c1cccc(F)c1C(=O)NC(=O)Nc1ccc(Cl)cc1
AGOYDEPGAOXOCK-AAFHZFQRSA-N,,clarithromycin,CC[C@H]1OC(=O)[C@H](C)[C@@H](O[C@H]2C[C@@](C)(OC)[C@@H](O)[C@H](C)O2)[C@H](C)[C@@H](O[C@@H]2O[C@H](C)C[C@@H]([C@H]2O)N(C)C)[C@@](C)(C[C@@H](C)C(=O)[C@H](C)[C@@H](O)[C@]1(C)O)OC
HZZVJAQRINQKSD-PBFISZAISA-N,5280980.0,clavulanate,OC\C=C1/O[C@@H]2CC(=O)N2[C@H]1C(O)=O
BVPWJMCABCPUQY-UHFFFAOYSA-N,2780.0,clebopride,COc1cc(N)c(Cl)cc1C(=O)NC1CCN(Cc2ccccc2)CC1
YNNUSGIPVFPVBX-NHCUHLMSSA-N,26987.0,clemastine,CN1CCC[C@@H]1CCO[C@](C)(c1ccccc1)c1ccc(Cl)cc1
CJXAEXPPLWQRFR-UHFFFAOYSA-N,2782.0,clemizole,Clc1ccc(Cn2c(CN3CCCC3)nc3ccccc23)cc1
STJMRWALKKWQGH-SNVBAGLBSA-N,688428.0,clenbuterol,CC(C)(C)NC[C@@H](O)c1cc(Cl)c(N)c(Cl)c1
KPBZROQVTHLCDU-SFHVURJKSA-N,22884799.0,cleviprex,CCCC(=O)OCOC(=O)C1=C(C)NC(C)=C([C@@H]1c1cccc(Cl)c1Cl)C(=O)OC
GBBJCSTXCAQSSJ-XQXXSGGOSA-N,73115.0,clevudine,Cc1cn([C@H]2O[C@@H](CO)[C@H](O)[C@H]2F)c(=O)[nH]c1=O
HOOSGZJRQIVJSZ-WEQDKIBNSA-N,24867263.0,clidinium,C[N+]12CCC(CC1)[C@@H](C2)OC(=O)C(O)(c1ccccc1)c1ccccc1
OWEGWHBOCFMBLP-CQSZACIVSA-N,25734913.0,climbazole,CC(C)(C)C(=O)[C@@H](Oc1ccc(Cl)cc1)n1ccnc1
QGPKADBNRMWEQR-QMMMGPOBSA-N,969489.0,clinafloxacin,N[C@H]1CCN(C1)c1c(F)cc2c(c1Cl)n(cc(C(O)=O)c2=O)C1CC1
KDLRVYVGXIQJDK-AWPVFWJPSA-N,446598.0,clindamycin,CCC[C@@H]1C[C@H](N(C)C1)C(=O)N[C@H]([C@H](C)Cl)[C@H]1O[C@H](SC)[C@H](O)[C@@H](O)[C@H]1O
OYSKUZDIHNKWLV-PRUAPSLNSA-N,16052039.0,clindamycin-palmitate,CCCCCCCCCCCCCCCC(=O)O[C@@H]1[C@@H](O)[C@@H](O)[C@H](O[C@@H]1SC)[C@H](NC(=O)[C@@H]1C[C@@H](CCC)CN1C)[C@H](C)Cl
UFUVLHLTWXBHGZ-MGZQPHGTSA-N,443385.0,clindamycin-phosphate,CCC[C@@H]1C[C@H](N(C)C1)C(=O)N[C@H]([C@H](C)Cl)[C@H]1O[C@H](SC)[C@H](OP(O)(O)=O)[C@@H](O)[C@H]1O
BMOVQUBVGICXQN-AVJYQCBHSA-N,,clinofibrate,CCC(C)(Oc1ccc(cc1)C1(CCCCC1)c1ccc(O[C@](C)(CC)C(O)=O)cc1)C(O)=O
QCDFBFJGMNKBDO-UHFFFAOYSA-N,2788.0,clioquinol,Oc1c(I)cc(Cl)c2cccnc12
UCAIEVHKDLMIFL-UHFFFAOYSA-N,2790.0,clobenpropit,Clc1ccc(CNC(=N)SCCCc2cnc[nH]2)cc1
CBGUOGMQLZIXBE-XGQKBEPLSA-N,32798.0,clobetasol-propionate,CCC(=O)O[C@@]1([C@@H](C)C[C@H]2[C@@H]3CCC4=CC(=O)C=C[C@]4(C)[C@@]3(F)[C@@H](O)C[C@]12C)C(=O)CCl
FBRAWBYQGRLCEK-AVVSTMBFSA-N,71386.0,clobetasone-butyrate,CCCC(=O)O[C@@]1([C@@H](C)C[C@H]2[C@@H]3CCC4=CC(=O)C=C[C@]4(C)[C@@]3(F)C(=O)C[C@]12C)C(=O)CCl
KVHHQGIIZCJATJ-ZSOXZCCMSA-N,,clobutinol,C[C@@H](CN(C)C)C(C)(O)Cc1ccc(Cl)cc1
SXYZQZLHAIHKKY-GSTUPEFVSA-N,5282493.0,clocortolone-pivalate,C[C@@H]1C[C@H]2[C@@H]3C[C@H](F)C4=CC(=O)C=C[C@]4(C)[C@@]3(Cl)[C@@H](O)C[C@]2(C)[C@H]1C(=O)COC(=O)C(C)(C)C
ACSIXWWBWUQEHA-UHFFFAOYSA-N,25419.0,clodronic-acid,OP(O)(=O)C(Cl)(Cl)P(O)(O)=O
WDDPHFBMKLOVOX-AYQXTPAHSA-N,119182.0,clofarabine,Nc1nc(Cl)nc2n(cnc12)[C@@H]1O[C@H](CO)[C@@H](O)[C@@H]1F
WDQPAMHFFCXSNU-BGABXYSRSA-N,,clofazimine,CC(C)\N=c1/cc2n(-c3ccc(Cl)cc3)c3ccccc3nc2cc1Nc1ccc(Cl)cc1
WRCHFMBCVFFYEQ-QGZVFWFLSA-N,688422.0,clofedanol,CN(C)CC[C@@](O)(c1ccccc1)c1ccccc1Cl
KNHUKKLJHYUCFP-UHFFFAOYSA-N,2796.0,clofibrate,CCOC(=O)C(C)(C)Oc1ccc(Cl)cc1
TXCGAZHTZHNUAI-UHFFFAOYSA-N,2797.0,clofibric-acid,CC(C)(Oc1ccc(Cl)cc1)C(O)=O
WPSYTTKBGAZSCX-UHFFFAOYSA-N,2798.0,clofilium,CCCCCCC[N+](CC)(CC)CCCCc1ccc(Cl)cc1
HQVZOORKDNCGCK-UHFFFAOYSA-N,2799.0,clofoctol,CC(C)(C)CC(C)(C)c1ccc(O)c(Cc2ccc(Cl)cc2Cl)c1
SEHSPJCWCBQHPF-UHFFFAOYSA-N,100651.0,clomesone,CS(=O)(=O)CS(=O)(=O)OCCCl
PCLITLDOTJTVDJ-UHFFFAOYSA-N,10783.0,clomethiazole,Cc1ncsc1CCCl
GKIRPKYJQBWNGO-QPLCGJKRSA-N,1548955.0,clomifene,CCN(CC)CCOc1ccc(cc1)C(=C(/Cl)c1ccccc1)\c1ccccc1
GDLIGKIOYRNHDA-UHFFFAOYSA-N,2801.0,clomipramine,CN(C)CCCN1c2ccccc2CCc2ccc(Cl)cc12
GJSURZIOUXUGAL-UHFFFAOYSA-N,2803.0,clonidine,Clc1cccc(Cl)c1NC1=NCCN1
CLOMYZFHNHFSIQ-UHFFFAOYSA-N,28718.0,clonixin,Cc1c(Cl)cccc1Nc1ncccc1C(O)=O
CVNFYQCHAWFYQI-ZSCHJXSPSA-N,9822751.0,clonixin-lysinate,NCCCC[C@H](N)C(O)=O.Cc1c(Cl)cccc1Nc1ncccc1C(O)=O
LBXHRAWDUMTPSE-AOOOYVTPSA-N,12492.0,clopamide,C[C@H]1CCC[C@@H](C)N1NC(=O)c1ccc(Cl)c(c1)S(N)(=O)=O
FLNXBVJLPJNOSI-FQEVSTJZSA-N,688420.0,cloperastine,Clc1ccc(cc1)[C@@H](OCCN1CCCCC1)c1ccccc1
GKTWGGQPFAXNFI-HNNXBMFYSA-N,60606.0,clopidogrel,COC(=O)[C@@H](N1CCc2sccc2C1)c1ccccc1Cl
ZDPIZLCVJAAHHR-UHFFFAOYSA-N,18087.0,clopidol,Cc1[nH]c(C)c(Cl)c(=O)c1Cl
VJGGHXVGBSZVMZ-QIZQQNKQSA-N,5311053.0,cloprostenol-(+/-),O[C@@H](COc1cccc(Cl)c1)\C=C\[C@H]1[C@H](O)C[C@H](O)[C@@H]1C\C=C/CCCC(O)=O
XYCMOTOFHFTUIU-SNVBAGLBSA-N,76964677.0,cloranolol,CC(C)(C)NC[C@@H](O)COc1cc(Cl)ccc1Cl
BTFHLQRNAMSNLC-UHFFFAOYSA-N,4380.0,clorgiline,CN(CCCOc1ccc(Cl)cc1Cl)CC#C
XRYLGRGAWQSVQW-KRWDZBQOSA-N,12765746.0,clorotepine,CN1CCN(CC1)[C@H]1Cc2ccccc2Sc2ccc(Cl)cc12
SSMSBSWKLKKXGG-LLVKDONJSA-N,12463921.0,clorprenaline,CC(C)NC[C@@H](O)c1ccccc1Cl
QOVTVIYTBRHADL-UHFFFAOYSA-N,43231.0,clorsulon,Nc1cc(C(Cl)=C(Cl)Cl)c(cc1S(N)(=O)=O)S(N)(=O)=O
JMPFSEBWVLAJKM-KRWDZBQOSA-N,72715766.0,closantel,Cc1cc([C@@H](C#N)c2ccc(Cl)cc2)c(Cl)cc1NC(=O)c1cc(I)cc(I)c1O
KAAZGXDPUNNEFN-UHFFFAOYSA-N,16351.0,clotiapine,CN1CCN(CC1)C1=Nc2ccccc2Sc2ccc(Cl)cc12
VNFPBHJOKIVQEB-UHFFFAOYSA-N,2812.0,clotrimazole,Clc1ccccc1C(c1ccccc1)(c1ccccc1)n1ccnc1
LQOLIRLGBULYKD-JKIFEVAISA-N,6098.0,cloxacillin,Cc1onc(c1C(=O)N[C@H]1[C@H]2SC(C)(C)[C@@H](N2C1=O)C(O)=O)-c1ccccc1Cl
CTQMJYWDVABFRZ-UHFFFAOYSA-N,2817.0,cloxyquin,Oc1ccc(Cl)c2cccnc12
QZUDBNBUXVUHMW-UHFFFAOYSA-N,135398737.0,clozapine,CN1CCN(CC1)C1=Nc2cc(Cl)ccc2Nc2ccccc12
QQMKTHUGOQDEIL-UHFFFAOYSA-N,122507647.0,CM-4620,Cc1cccc(F)c1C(=O)Nc1cnc(cn1)-c1cc2OC(F)(F)Oc2cc1Cl
ODYAQBDIXCVKAE-UHFFFAOYSA-N,11382492.0,CMPD-1,Oc1ccc(NC(=O)CCCc2ccc(cc2)-c2ccccc2F)cc1
RPXVIAFEQBNEAX-UHFFFAOYSA-N,3721046.0,CNQX,[O-][N+](=O)c1cc2[nH]c(=O)c(=O)[nH]c2cc1C#N
BFSRTTWIPACGMI-UHFFFAOYSA-N,56968072.0,CNX-2006,COc1cc(NC2CN(CCF)C2)ccc1Nc1ncc(c(Nc2cccc(NC(=O)C=C)c2)n1)C(F)(F)F
PWLXJBSAUKKGCM-UHFFFAOYSA-N,4234241.0,D609,SC(=S)OC1CC2CC1C1CCCC21
VVLHQJDAUIPZFH-UHFFFAOYSA-N,59174579.0,CNX-774,CNC(=O)c1cc(Oc2ccc(Nc3ncc(F)c(Nc4cccc(NC(=O)C=C)c4)n3)cc2)ccn1
VKMFDKYCIKEDMR-UHFFFAOYSA-N,6918409.0,CO-101244,Cc1ccc(CC2(O)CCN(CCOc3ccc(O)cc3)CC2)cc1
MHUUDVZSPFRUSK-RQZCQDPDSA-N,9816959.0,CO-102862,NC(=O)N\N=C\c1ccc(Oc2ccc(F)cc2)cc1
ZCIGNRJZKPOIKD-CQXVEOKZSA-N,25151504.0,cobicistat,CC(C)c1nc(CN(C)C(=O)N[C@@H](CCN2CCOCC2)C(=O)N[C@H](CC[C@H](Cc2ccccc2)NC(=O)OCc2cncs2)Cc2ccccc2)cs1
BSMCAPRUBJMWDF-KRWDZBQOSA-N,16222096.0,cobimetinib,OC1(CN(C1)C(=O)c1ccc(F)c(F)c1Nc1ccc(I)cc1F)[C@@H]1CCCCN1
IYYZUPMFVPLQIF-UHFFFAOYSA-N,3023.0,dibenzothiophene,c1ccc2c(c1)sc1ccccc21
RGJOEKWQDUBAIZ-IBOSZNHHSA-N,87642.0,coenzyme-A,CC(C)(COP(O)(=O)OP(O)(=O)OC[C@H]1O[C@H]([C@H](O)[C@@H]1OP(O)(O)=O)n1cnc2c(N)ncnc12)[C@@H](O)C(=O)NCCC(=O)NCCS
BOPGDPNILDQYTO-NNYOXOHSSA-N,439153.0,coenzyme-I,NC(=O)C1=CN(C=CC1)[C@@H]1O[C@H](COP(O)(=O)OP(O)(=O)OC[C@H]2O[C@H]([C@H](O)[C@@H]2O)n2cnc3c(N)ncnc23)[C@@H](O)[C@H]1O
ACTIUHUUMQJHFO-UPTCCGCDSA-N,5281915.0,coenzyme-Q10,COC1=C(OC)C(=O)C(C\C=C(/C)CC\C=C(/C)CC\C=C(/C)CC\C=C(/C)CC\C=C(/C)CC\C=C(/C)CC\C=C(/C)CC\C=C(/C)CC\C=C(/C)CCC=C(C)C)=C(C)C1=O
LGGDLPSXAGQFSG-UHFFFAOYSA-N,44253415.0,COH29,Oc1ccc(cc1O)C(=O)Nc1nc(c(s1)-c1ccccc1)-c1ccc(O)c(O)c1
IAKHMKGGTNLKSZ-INIZCTEOSA-N,6167.0,colchicine,COc1cc2CC[C@H](NC(C)=O)c3cc(=O)c(OC)ccc3-c2c(OC)c1OC
OHCQJHSOBUTRHG-KGGHGJDLSA-N,47936.0,colforsin,CC(=O)O[C@H]1[C@@H](O)[C@H]2C(C)(C)CC[C@H](O)[C@]2(C)[C@@]2(O)C(=O)C[C@@](C)(O[C@]12C)C=C
RSOZZQTUMVBTMR-XGUNBQNXSA-N,444029.0,colforsin-daproate,CN(C)CCC(=O)O[C@@H]1[C@H](OC(C)=O)[C@@]2(C)O[C@](C)(CC(=O)[C@]2(O)[C@@]2(C)[C@@H](O)CCC(C)(C)[C@H]12)C=C
KILNVBDSWZSGLL-KXQOOQHDSA-O,160339.0,colfosceril-palmitate,CCCCCCCCCCCCCCCC(=O)OC[C@H](CO[P@](O)(=O)OCC[N+](C)(C)C)OC(=O)CCCCCCCCCCCCCCC
WVXRAFOPTSTNLL-NKWVEPMBSA-N,20039.0,dideoxyadenosine,Nc1ncnc2n(cnc12)[C@H]1CC[C@@H](CO)O1
PTQGBRPUALXNCZ-INRRNNIXSA-N,,colistimethate,[H][C@@](CCNCS(O)(=O)=O)(NC(=O)CCCC(C)C)C(=O)N[C@@]([H])([C@@H](C)O)C(=O)N[C@@]([H])(CCNCS(O)(=O)=O)C(=O)N[C@@]1([H])CCNC(=O)[C@@]([H])(NC(=O)[C@]([H])(CCNCS(O)(=O)=O)NC(=O)[C@]([H])(CCNCS(O)(=O)=O)NC(=O)[C@]([H])(CC(C)C)NC(=O)[C@]([H])(CC(C)C)NC(=O)[C@]([H])(CCNCS(O)(=O)=O)NC1=O)[C@@H](C)O
YKQOSKADJPQZHB-TULBBYNTSA-N,,colistin,CC[C@@H](C)CCCC(=O)N[C@@H](CCN)C(=O)N[C@@H]([C@@H](C)O)C(=O)N[C@@H](CCN)C(=O)N[C@H]1CCNC(=O)[C@@H](NC(=O)[C@H](CCN)NC(=O)[C@H](CCN)NC(=O)[C@H](CC(C)C)NC(=O)[C@@H](CC(C)C)NC(=O)[C@H](CCN)NC1=O)[C@@H](C)O
HVXBOLULGPECHP-WAYWQWQTSA-N,5351344.0,combretastatin-A-4,COc1ccc(\C=C/c2cc(OC)c(OC)c(OC)c2)cc1O
BVRDQVRQVGRNHG-UHFFFAOYSA-N,10039361.0,compound-401,O=c1cc(nc2c3ccccc3ccn12)N1CCOCC1
CUYLJVJMQPPTOS-UHFFFAOYSA-N,155931.0,compound-58112,COc1cccc(CN2C[Si](C)(C)O[Si](C)(C)C2)c1
JOSXKPZXMVHRKU-UHFFFAOYSA-N,16760376.0,compound-w,OC(=O)c1cc(Oc2ccc(cc2)[N+]([O-])=O)cc(Oc2ccc(cc2)[N+]([O-])=O)c1
IKENVDNFQMCRTR-UHFFFAOYSA-N,151171.0,conivaptan,Cc1nc-2c(CCN(C(=O)c3ccc(NC(=O)c4ccccc4-c4ccccc4)cc3)c3ccccc-23)[nH]1
HULMNSIAKWANQO-JQKSAQOKSA-N,441852.0,convallatoxin,C[C@@H]1O[C@@H](O[C@H]2CC[C@]3(C=O)[C@H]4CC[C@]5(C)[C@H](CC[C@]5(O)[C@@H]4CC[C@]3(O)C2)C2=CC(=O)OC2)[C@H](O)[C@H](O)[C@H]1O
PZBCKZWLPGJMAO-UHFFFAOYSA-N,,copanlisib,COc1c(OCCCN2CCOCC2)ccc2C3=NCCN3C(NC(=O)c3cnc(N)nc3)=Nc12
HNDVDQJCIGZPNO-RXMQYKEDSA-N,71083.0,copper-histidine,N[C@H](Cc1cnc[nH]1)C(O)=O
MSJISJDTJJYBFT-UHFFFAOYSA-N,25033736.0,COR-170,CCCCCn1cc(C(=O)NC23CC4CC(CC(C4)C2)C3)c(=O)c2cc(ccc12)-c1ccccc1
OFEZSBMBBKLLBJ-BAJZRUMYSA-N,6303.0,cordycepin,Nc1ncnc2n(cnc12)[C@@H]1O[C@H](CO)C[C@H]1O
HFGSQOYIOKBQOW-ZSDYHTTISA-N,6918774.0,corosolic-acid,C[C@@H]1CC[C@@]2(CC[C@]3(C)C(=CC[C@@H]4[C@@]5(C)C[C@@H](O)[C@H](O)C(C)(C)[C@@H]5CC[C@@]34C)[C@@H]2[C@H]1C)C(O)=O
SLKURXRZHJOZOD-RUZDIDTESA-N,44454750.0,CORT-108297,CCOC[C@@]12CN(CCC1=Cc1c(C2)cnn1-c1ccc(F)cc1)S(=O)(=O)c1ccc(cc1)C(F)(F)F
OMFXVFTZEKFJBZ-HJTSIMOOSA-N,5753.0,corticosterone,C[C@]12C[C@H](O)[C@H]3[C@@H](CCC4=CC(=O)CC[C@]34C)[C@@H]1CC[C@@H]2C(=O)CO
MFYSYFVPBJMHGN-ZPOLXVRWSA-N,222786.0,cortisone,C[C@]12CC(=O)[C@H]3[C@@H](CCC4=CC(=O)CC[C@]34C)[C@@H]1CC[C@]2(O)C(=O)CO
ITRJWOMZKQRYTA-RFZYENFJSA-N,5745.0,cortisone-acetate,CC(=O)OCC(=O)[C@@]1(O)CC[C@H]2[C@@H]3CCC4=CC(=O)CC[C@]4(C)[C@H]3C(=O)C[C@]12C
WHBHBVVOGNECLV-OBQKJFGGSA-N,440707.0,cortodoxone,C[C@]12CC[C@H]3[C@@H](CCC4=CC(=O)CC[C@]34C)[C@@H]1CC[C@]2(O)C(=O)CO
HRYLQFBHBWLLLL-AHNJNIBGSA-N,5281437.0,costunolide,C\C1=C/CC\C(C)=C\[C@H]2OC(=O)C(=C)[C@@H]2CC1
ZWFKJFUFYPOTKL-UHFFFAOYSA-N,11584834.0,cot-inhibitor-1,Fc1ccc(Nc2c(cnc3c(Cl)cc(NCc4cn(CCN5CCCCCC5)nn4)cc23)C#N)cc1Cl
PHNZIIMWDVXPGG-UHFFFAOYSA-N,44143370.0,cot-inhibitor-2,CCN1CCC(CC1)n1cc(CNc2cc(Cl)c3ncc(C#N)c(Nc4ccc(F)c(Cl)c4)c3c2)nn1
UTDAKQMBNSHJJB-CJLVFECKSA-N,91810660.0,COTI-2,S=C(N\N=C1/CCCc2cccnc12)N1CCN(CC1)c1ccccn1
UIKROCXWUNQSPJ-VIFPVBQESA-N,854019.0,cotinine,CN1[C@@H](CCC1=O)c1cccnc1
ZYGHJZDHTFUPRJ-UHFFFAOYSA-N,323.0,coumarin,O=c1ccc2ccccc2o1
BXNANOICGRISHX-UHFFFAOYSA-N,2871.0,coumophos,CCOP(=S)(OCC)Oc1ccc2c(C)c(Cl)c(=O)oc2c1
KMNLXCBYBKHKSK-BKMJKUGQSA-N,9867257.0,"CP-105,696",O[C@@H]1[C@@H](Cc2ccc(cc2)-c2ccccc2)COc2cc(ccc12)C1(CCCC1)C(O)=O
WEQLRDLTRCEUHG-PKOBYXMFSA-N,10273347.0,CP-316819,CON(C)C(=O)[C@H](O)[C@H](Cc1ccccc1)NC(=O)c1cc2cc(Cl)ccc2[nH]1
MMGAVKCAGQCFHS-LSDHQDQOSA-N,,CP-339818,CCCCC\N=c1/ccn(Cc2ccccc2)c2ccccc12
VIZBSVDBNLAVAW-UHFFFAOYSA-N,9862166.0,CP-376395,CCC(CC)Nc1cc(C)nc(Oc2c(C)cc(C)cc2C)c1C
QCOQJYRPDUMCNP-UHFFFAOYSA-N,9907286.0,CP-471474,CC(C)(NS(=O)(=O)c1ccc(Oc2ccc(F)cc2)cc1)C(=O)NO
TUPKOWFPVAXQFP-OFNKIYASSA-N,10145345.0,CP-532623,CC[C@@H]1C[C@H](N(Cc2cc(cc(c2)C(F)(F)F)C(F)(F)F)C(C)=O)c2cc(ccc2N1C(=O)OC(C)C)C(F)(F)F
HXHAJRMTJXHJJZ-UHFFFAOYSA-N,9811611.0,CP-547632,NC(=O)c1c(NC(=O)NCCCCN2CCCC2)snc1OCc1c(F)cc(Br)cc1F
LDQKDRLEMKIYMC-XMMPIXPASA-N,449097.0,CP-640186,O=C([C@@H]1CCCN(C1)C1CCN(CC1)C(=O)c1c2ccccc2cc2ccccc12)N1CCOCC1
DEEOXSOLTLIWMG-UHFFFAOYSA-N,10158940.0,CP-673451,COCCOc1ccc2n(cnc2c1)-c1ccc2cccc(N3CCC(N)CC3)c2n1
LLVZBTWPGQVVLW-SNAWJCMRSA-N,9874913.0,CP-724714,COCC(=O)NC\C=C\c1ccc2ncnc(Nc3ccc(Oc4ccc(C)nc4)c(C)c3)c2c1
OISHBINQIFNIPV-JOCHJYFZSA-N,10410059.0,CP-775146,CC(C)c1ccc(CC(=O)N2CCC[C@H](C2)c2cccc(OC(C)(C)C(O)=O)c2)cc1
HINJNZFCMLSBCI-PKOBYXMFSA-N,9843900.0,CP-91149,CN(C)C(=O)[C@H](O)[C@H](Cc1ccccc1)NC(=O)c1cc2cc(Cl)ccc2[nH]1
PJYVGMRFPFNZCT-UHFFFAOYSA-N,124007.0,CP-93129,O=c1ccc2[nH]cc(C3=CCNCC3)c2[nH]1
KWQWBZIGHIOKIO-UHFFFAOYSA-N,4029677.0,CP-94253,CCCOc1ccc2[nH]cc(C3=CCNCC3)c2n1
UNAZAADNBYXMIV-UHFFFAOYSA-N,10052040.0,"CP-945,598",CCNC1(CCN(CC1)c1ncnc2n(c(nc12)-c1ccccc1Cl)-c1ccc(Cl)cc1)C(N)=O
DTQNEFOKTXXQKV-HKUYNNGSSA-N,5311057.0,CP-99994,COc1ccccc1CN[C@H]1CCCN[C@H]1c1ccccc1
PONANXDRJJIGPG-MRXNPFEDSA-N,124386386.0,CPA-inhibitor,ON(C[C@@H](Cc1ccccc1)C(O)=O)C(=O)Cc1ccccc1
FXCTZFMSAHZQTR-PFJVYOFESA-N,10106002.0,CPCCOEt,CCOC(=O)[C@]12C[C@H]1\C(=N/O)c1ccccc1O2
GCWIQUVXWZWCLE-INIZCTEOSA-N,57389999.0,CPI-0610,Cc1noc2[C@H](CC(N)=O)N=C(c3ccc(Cl)cc3)c3ccccc3-c12
DJKNRCWSXSZACF-UHFFFAOYSA-N,151118.0,CPI-1189,CC(=O)Nc1ccc(cc1)C(=O)NC(C)(C)C
HPODOLXTMDHLLC-QGZVFWFLSA-N,78320408.0,CPI-1205,COc1cc(C)[nH]c(=O)c1CNC(=O)c1c(C)n([C@H](C)C2CCN(CC(F)(F)F)CC2)c2ccccc12
LHGUZCKPFXXVPV-GOSISDBHSA-N,71712226.0,CPI-169,CCS(=O)(=O)N1CCC(CC1)[C@@H](C)n1c(C)c(C(=O)NCc2c(OC)cc(C)[nH]c2=O)c2ccccc12
QECMENZMDBOLDR-AWEZNQCLSA-N,71291068.0,CPI-203,Cc1nnc2[C@H](CC(N)=O)N=C(c3c(C)c(C)sc3-n12)c1ccc(Cl)cc1
PFPSFENQCNMITC-MRXNPFEDSA-N,73442743.0,CPI-360,COc1cc(C)[nH]c(=O)c1CNC(=O)c1c(C)n([C@H](C)C2CCOCC2)c2ccccc12
KURQKNMKCGYWRJ-HNNXBMFYSA-N,44537963.0,CPI-444,Cc1ccc(o1)-c1nc(N)nc2n(Cc3cccc(CO[C@H]4CCOC4)n3)nnc12
ZYRLHJIMTROTBO-NRFANRHFSA-N,70881528.0,CPI-613,OC(=O)CCCC[C@@H](CCSCc1ccccc1)SCc1ccccc1
CUVGUPIVTLGRGI-SSDOTTSWSA-N,6603754.0,CPP,OC(=O)[C@H]1CN(CCCP(O)(O)=O)CCN1
GUWOSEVHCSNYFK-LLVKDONJSA-N,52936269.0,CPSI-1306-(+/-),Fc1ccc(C2=NO[C@@H](CC(=O)N3CCOCC3)C2)c(F)c1
CTSNHMQGVWXIEG-UHFFFAOYSA-N,72462.0,CQS,Nc1ccc(cc1)S(=O)(=O)Nc1cnc2c(Cl)cccc2n1
HOCBJBNQIQQQGT-LJQANCHMSA-N,10224714.0,CR8-(R),CC[C@H](CO)Nc1nc(NCc2ccc(cc2)-c2ccccn2)c2ncn(C(C)C)c2n1
CVSVTCORWBXHQV-UHFFFAOYSA-N,586.0,creatine,CN(CC(O)=O)C(N)=N
DDRJAANPRJIHGJ-UHFFFAOYSA-N,588.0,creatinine,CN1CC(=O)NC1=N
FOIPWTMKYXWFGC-UHFFFAOYSA-N,23342.0,creatinol-phosphate,CN(CCOP(O)(O)=O)C(N)=N
YCBAQKQAINQRFW-UGSOOPFHSA-N,71236992.0,crenigacestat,C[C@H](NC(=O)CCC(F)(F)F)C(=O)N[C@H]1c2ccccc2-c2cccnc2N(CCO)C1=O
DYNHJHQFHQTFTP-UHFFFAOYSA-N,10366136.0,crenolanib,CC1(COc2ccc3n(cnc3c2)-c2ccc3cccc(N4CCC(N)CC4)c3n2)COC1
IWDCLRJOBJJRNH-UHFFFAOYSA-N,2879.0,cresol,Cc1ccc(O)cc1
XRBMKGUDDJPAMH-UHFFFAOYSA-N,78094.0,cresopirine,CC(=O)Oc1c(C)cccc1C(O)=O
UOMKBIIXHQIERR-UHFFFAOYSA-N,38072.0,cridanimod,OC(=O)Cn1c2ccccc2c(=O)c2ccccc12
USZAGAREISWJDP-UHFFFAOYSA-N,44591583.0,crisaborole,OB1OCc2cc(Oc3ccc(cc3)C#N)ccc12
UTMVACIBQLDZLP-UHFFFAOYSA-N,16042343.0,crisdesalazine,OC(=O)c1cc(NCCc2ccc(cc2)C(F)(F)F)ccc1O
KTEIFNKAUNYNJU-GFCCVEGCSA-N,11626560.0,crizotinib,C[C@@H](Oc1cc(cnc1N)-c1cnn(c1)C1CCNCC1)c1c(Cl)ccc(F)c1Cl
KTEIFNKAUNYNJU-LBPRGKRZSA-N,56671814.0,crizotinib-(S),C[C@H](Oc1cc(cnc1N)-c1cnn(c1)C1CCNCC1)c1c(Cl)ccc(F)c1Cl
WHPAGCJNPTUGGD-UHFFFAOYSA-N,2880.0,croconazole,Clc1cccc(COc2ccccc2C(=C)n2ccnc2)c1
JXONINOYTKKXQQ-CQSZACIVSA-N,23649181.0,crolibulin,COc1cc(cc(Br)c1OC)[C@H]1C(C#N)=C(N)Oc2c(N)c(N)ccc12
BVMDRSUIADWFLV-PNSAJKJISA-N,76968376.0,cromakalim,CC1(C)Oc2ccc(cc2[C@H]([C@@H]1O)N1CCCC1=O)C#N.CC1(C)Oc2ccc(cc2[C@@H]([C@H]1O)N1CCCC1=O)C#N
IMZMKUWMOSJXDT-UHFFFAOYSA-N,2882.0,cromoglicic-acid,OC(COc1cccc2oc(cc(=O)c12)C(O)=O)COc1cccc2oc(cc(=O)c12)C(O)=O
DNTGGZPQPQTDQF-XBXARRHUSA-N,688020.0,crotamiton,CCN(C(=O)\C=C\C)c1ccccc1C
BIUCOFQROHIAEO-UHFFFAOYSA-N,81409.0,CRT0044876,OC(=O)c1cc2cccc([N+]([O-])=O)c2[nH]1
GVKKJJOMQCNPGB-JTQLQIEISA-N,160254.0,cryptotanshinone,C[C@H]1COC2=C1C(=O)C(=O)c1c3CCCC(C)(C)c3ccc21
LGLFFNDHMLKUMI-UHFFFAOYSA-N,3468.0,crystal-violet,CN(C)c1ccc(cc1)C(=C1C=CC(C=C1)=[N+](C)C)c1ccc(cc1)N(C)C
RGSVXQJPSWZXOP-UHFFFAOYSA-N,123692.0,CS-110266,C1CCN(CC1)C1(CCCCC1)c1cc2ccccc2s1
XJMYIJPPDSZOPN-UHFFFAOYSA-N,11289630.0,CS-917,CC(C)Cc1sc(N)nc1-c1ccc(o1)P(O)(O)=O
KYHVWHYLKOHLKA-FQEVSTJZSA-N,10186367.0,CT-7758,OC(=O)[C@H](Cc1ccc(Nc2nccc3ccncc23)cc1)NC1=C(Br)C(=O)C11CCCCC1
YCVGLKWJKIKVBI-MJGOQNOKSA-N,91844733.0,CT7001,CC(C)c1cnn2c(NCc3ccccc3)cc(NC[C@H]3CCNC[C@@H]3O)nc12
GOHCTCOGYKAJLZ-UHFFFAOYSA-N,11646823.0,CTEP,Cc1nc(C#Cc2ccnc(Cl)c2)c(C)n1-c1ccc(OC(F)(F)F)cc1
ROSNVSQTEGHUKU-UHFFFAOYSA-N,3342298.0,CTS-1027,ONC(=O)C1(CS(=O)(=O)c2ccc(Oc3ccc(Cl)cc3)cc2)CCOCC1
NIOCOJFPGCXNKL-ZKZXETMPSA-N,445649.0,CTS21166,CC(C)C[C@H](NC(=O)[C@H](CC(N)=O)NC(=O)[C@@H](NC(=O)[C@@H](N)CCC(O)=O)C(C)C)[C@@H](O)C[C@@H](C)C(=O)N[C@@H](C)C(=O)N[C@@H](CCC(O)=O)C(=O)N[C@@H](Cc1ccccc1)C(O)=O
IAASQMCXDRISAV-CYBMUJFWSA-N,53242268.0,CU-CPT-4a,OC(=O)[C@@H](Cc1ccccc1)NC(=O)c1sc2cc(F)ccc2c1Cl
LITXVDAFEYLWQE-UHFFFAOYSA-N,91826088.0,CU-T12-9,CNc1ccc(cc1-n1cnc(c1)-c1ccc(cc1)C(F)(F)F)[N+]([O-])=O
PLIVFNIUGLLCEK-UHFFFAOYSA-N,24756910.0,CUDC-101,COc1cc2ncnc(Nc3cccc(c3)C#C)c2cc1OCCCCCCC(=O)NO
HSHPBORBOJIXSQ-HARLFGEKSA-N,71600094.0,CUDC-427,CN[C@@H](C)C(=O)N[C@@H](C1CCCCC1)C(=O)N1CCC[C@H]1C(=O)Nc1sc(nc1-c1ccccc1)-c1ncco1
JOWXJLIFIIOYMS-UHFFFAOYSA-N,54575456.0,CUDC-907,COc1ccc(cn1)-c1nc(N2CCOCC2)c2sc(CN(C)c3ncc(cn3)C(=O)NO)cc2n1
WPHXYKUPFJRJDK-AHWVRZQESA-N,10392802.0,CUR-61414,COc1cccc(CN([C@H]2C[C@H](N(Cc3ccc4OCOc4c3)C2)C(=O)N2CCNCC2)C(=O)CC(C)(C)C)c1
ZIUSSTSXXLLKKK-SMSFQYLMSA-N,6971205.0,curcumin,COc1cc(\C=C\C(O)=CC(=O)\C=C\c2ccc(O)c(OC)c2)ccc1O
QRMPRVXWPCLVNI-YYFQZIEXSA-N,14240392.0,curcumol,CC(C)[C@@H]1C[C@@]23O[C@]1(O)CC(=C)[C@@H]2CC[C@@H]3C
UVSWWUWQVAQPJR-UHFFFAOYSA-N,9907323.0,cutamesine,COc1ccc(CCN2CCN(CCCc3ccccc3)CC2)cc1OC
SCNILGOVBBRMBK-SDBHATRESA-N,6917803.0,CV-1808,Nc1nc(Nc2ccccc2)nc2n(cnc12)[C@@H]1O[C@H](CO)[C@@H](O)[C@H]1O
YYOOFJZTRCPVFD-UHFFFAOYSA-N,23661666.0,CVT-10216,CS(=O)(=O)Nc1ccc(cc1)-c1coc2cc(OCc3cccc(c3)C(O)=O)ccc2c1=O
KCIMKTNQCUDTFI-UHFFFAOYSA-N,59528098.0,CW-008,COc1ccn2ncc(-c3nc4n[nH]c(NC(=O)c5ccc(F)cc5)c4cc3F)c2c1
MUOKSQABCJCOPU-UHFFFAOYSA-N,24748573.0,CX-4945,OC(=O)c1ccc2c(c1)nc(Nc1cccc(Cl)c1)c1ccncc21
BXBNADAPIHHXJQ-UHFFFAOYSA-N,1370.0,CX-516,O=C(N1CCCCC1)c1ccc2OCOc2c1
XGPBJCHFROADCK-UHFFFAOYSA-N,25257557.0,CX-5461,CN1CCCN(CC1)c1ccc2c(n1)n1c3ccccc3sc1c(C(=O)NCc1cnc(C)cn1)c2=O
JHDZMASHNBKTPS-UHFFFAOYSA-N,16225380.0,CXD101,Cc1nn(C)cc1CN1CCC(CC1)c1ccc(cc1)C(=O)Nc1ccccc1N
WRNKIDLXXXIELU-IEBWSBKVSA-N,58144.0,CY208-243,CN1Cc2ccccc2[C@H]2[C@H]1Cc1c[nH]c3cccc2c13
HPHBOJANXDKUQD-UHFFFAOYSA-N,8820.0,cyacetacide,NNC(=O)CC#N
SLFGIOIONGJGRT-AWEZNQCLSA-N,14050069.0,cyamemazine,C[C@@H](CN(C)C)CN1c2ccccc2Sc2ccc(cc12)C#N
RMRCNWBMXRMIRW-WZHZPDAFSA-M,,cyanocobalamin,C[C@H](CNC(=O)CC[C@]1(C)[C@@H](CC(N)=O)[C@H]2N=C1\C(C)=C1/N=C(/C=C3\N=C(\C(\C)=C4\[C@@H](CCC(N)=O)[C@](C)(CC(N)=O)[C@@]2(C)N4[Co+]C#N)[C@@](C)(CC(N)=O)[C@@H]3CCC(N)=O)C(C)(C)[C@@H]1CCC(N)=O)O[P@@](O)(=O)O[C@@H]1[C@@H](CO)O[C@@H]([C@@H]1O)n1cnc2cc(C)c(C)cc12
QXIUMMLTJVHILT-GFCCVEGCSA-N,6604791.0,cyanopindolol,CC(C)(C)NC[C@@H](O)COc1cccc2[nH]c(cc12)C#N
DLPIYBKBHMZCJI-WBVHZDCISA-N,24983461.0,CYC065,CC[C@H](Nc1nc(NCc2cnc(C)cc2C)c2ncn(C(C)C)c2n1)[C@@H](C)O
GPSZYOIFQZPWEJ-UHFFFAOYSA-N,6420138.0,CYC116,Cc1nc(N)sc1-c1ccnc(Nc2ccc(cc2)N2CCOCC2)n1
HCAJEUSONLESMK-UHFFFAOYSA-N,7533.0,cyclamic-acid,OS(=O)(=O)NC1CCCCC1
WZHCOOQXZCIUNC-QEJZJMRPSA-N,41097974.0,cyclandelate,C[C@H]1C[C@@H](CC(C)(C)C1)OC(=O)[C@@H](O)c1ccccc1
IVOMOUWHDPKRLL-DEGSGYPDSA-N,40467852.0,cyclic-AMP,Nc1ncnc2n(cnc12)[C@H]1O[C@H]2CO[P@](O)(=O)O[C@@H]2[C@@H]1O
UVKZSORBKUEBAZ-UHFFFAOYSA-N,6726.0,cyclizine,CN1CCN(CC1)C(c1ccccc1)c1ccccc1
JURKNVYFZMSNLP-UHFFFAOYSA-N,2895.0,cyclobenzaprine,CN(C)CCC=C1c2ccccc2C=Cc2ccccc12
AMHZIUVRYRVYBA-UHFFFAOYSA-N,2896.0,cyclocreatine,NC1=NCCN1CC(O)=O
BBDAGFIXKZCXAH-CCXZUQQUSA-N,25051.0,cyclocytidine,OC[C@H]1O[C@@H]2[C@@H](Oc3nc(=N)ccn23)[C@@H]1O
YPHMISFOHDHNIV-FSZOTQKASA-N,6197.0,cycloheximide,C[C@H]1C[C@H](C)C(=O)[C@@H](C1)[C@H](O)CC1CC(=O)NC(=O)C1
QJMCKEPOKRERLN-UHFFFAOYSA-N,3045.0,didox,ONC(=O)c1ccc(O)c(O)c1
QASFUMOKHFSJGL-LAFRSMQTSA-N,442972.0,cyclopamine,C[C@@H]1[C@@H]2NC[C@@H](C)C[C@H]2O[C@]11CC[C@H]2[C@@H]3CC=C4C[C@@H](O)CC[C@]4(C)[C@H]3CC2=C1C
BKYKPTRYDKTTJY-CYBMUJFWSA-N,6604279.0,cyclopenthiazide,NS(=O)(=O)c1cc2c(N[C@@H](CC3CCCC3)NS2(=O)=O)cc1Cl
SKYSRIRYMSLOIN-OAHLLOKOSA-N,6604325.0,cyclopentolate,CN(C)CCOC(=O)[C@@H](c1ccccc1)C1(O)CCCC1
CMSMOCZEIVJLDB-CQSZACIVSA-N,9554282.0,cyclophosphamide,ClCCN(CCCl)[P@@]1(=O)NCCCO1
SZINUGQCTHLQAZ-DQYPLSBCSA-N,54682463.0,cyclopiazonic-acid,CC(=O)C1=C(O)[C@@H]2[C@@H]3[C@@H](Cc4cccc5[nH]cc3c45)C(C)(C)N2C1=O
DYDCUQKUCUHJBH-UWTATZPHSA-N,6234.0,cycloserine-(D),N[C@@H]1CONC1=O
PMATZTZNYRCHOR-MAYCVHQQSA-N,,cyclosporin-A,CC[C@H]1NC(=O)[C@@H]([C@@H](O)[C@@H](C)C\C=C\C)N(C)C(=O)[C@@H](C(C)C)N(C)C(=O)[C@@H](CC(C)C)N(C)C(=O)[C@@H](CC(C)C)N(C)C(=O)[C@@H](C)NC(=O)[C@@H](C)NC(=O)[C@@H](CC(C)C)N(C)C(=O)[C@@H](NC(=O)[C@@H](CC(C)C)N(C)C(=O)CN(C)C1=O)C(C)C
BOCUKUHCLICSIY-JWUFEOHASA-N,101691640.0,cyclothiazide,NS(=O)(=O)c1cc2c(N[C@@H](NS2(=O)=O)[C@H]2C[C@H]3C[C@@H]2C=C3)cc1Cl
DHKKONBXGAAFTB-OTYYAQKOSA-N,1550234.0,cyclovalone,COc1cc(\C=C2/CCC\C(=C/c3ccc(O)c(OC)c3)C2=O)ccc1O
GMNAPBAUIVITMI-ABNIRSKTSA-N,260439.0,cyclovirobuxin-D,CN[C@@H](C)[C@H]1[C@H](O)C[C@@]2(C)[C@@H]3CC[C@@H]4[C@]5(C[C@@]35CC[C@]12C)CC[C@H](NC)C4(C)C
HBZBAMXERPYTFS-SECBINFHSA-N,91885395.0,CycLuc1,OC(=O)[C@H]1CSC(=N1)c1nc2cc3CCNc3cc2s1
FHPOTBQOUBMMCI-UHFFFAOYSA-N,44620894.0,CYM-50260,FCc1ccc(OCCOc2ccc(Cl)cc2Cl)c(Cl)n1
QWJOPXDAQCDRRM-UHFFFAOYSA-N,53358422.0,CYM-50358,Cc1cc(CN)cc(C)c1NC(=O)c1ccc(o1)-c1cc(Cl)ccc1Cl
QHVSQUYCVUHYKT-UHFFFAOYSA-N,50904505.0,CYM-50769,COc1ccc(Oc2c(Cl)cnn(C3c4ccccc4-c4ccccc34)c2=O)cc1
NUIKTBLZSPQGCP-LJQANCHMSA-N,93977386.0,CYM-5442,CCOc1ccc(cc1OCC)-c1nc(no1)-c1cccc2[C@@H](CCc12)NCCO
FMYGNANMYYHBSU-UHFFFAOYSA-N,25110470.0,CYM-5520,Cc1cc(C(=O)Cn2cc(ccc2=O)C#N)c(C)n1Cc1ccccc1
NDKGACIWVAOUQH-UHFFFAOYSA-N,17253208.0,CYM-5541,O=C(N(C1CCCCC1)C1CCCCC1)c1cc(on1)C1CC1
KAATUXNTWXVJKI-CMKODMSKSA-N,12617361.0,cypermethrin,CC1(C)[C@@H](C=C(Cl)Cl)[C@@H]1C(=O)O[C@@H](C#N)c1cccc(Oc2ccccc2)c1
JJCFRYNCJDLXIK-UHFFFAOYSA-N,2913.0,cyproheptadine,CN1CCC(CC1)=C1c2ccccc2C=Cc2ccccc12
UWFYSQMTEOIJJG-FDTZYFLXSA-N,9880.0,cyproterone-acetate,CC(=O)O[C@@]1(CC[C@H]2[C@@H]3C=C(Cl)C4=CC(=O)[C@@H]5C[C@@H]5[C@]4(C)[C@H]3CC[C@]12C)C(C)=O
LVQDKIWDGQRHTE-UHFFFAOYSA-N,47866.0,cyromazine,Nc1nc(N)nc(NC2CC2)n1
UFULAYFCSOUIOV-UHFFFAOYSA-N,6058.0,cysteamine,NCCS
MTJHLONVHHPNSI-IBGZPJMESA-N,11351021.0,CYT-997,CCC[C@H](Nc1nc(ncc1C)-c1ccc(NC(=O)NCC)c(OC)c1)c1cccnc1
ZVHNDZWQTBEVRY-UHFFFAOYSA-N,25062766.0,cyt387,O=C(NCC#N)c1ccc(cc1)-c1ccnc(Nc2ccc(cc2)N2CCOCC2)n1
UHDGCWIWMRVCDJ-CCXZUQQUSA-N,6253.0,cytarabine,Nc1ccn([C@@H]2O[C@H](CO)[C@@H](O)[C@@H]2O)c(=O)n1
UHDGCWIWMRVCDJ-XVFCMESISA-N,6175.0,cytidine,Nc1ccn([C@@H]2O[C@H](CO)[C@@H](O)[C@H]2O)c(=O)n1
ANJTVLIZGCUXLD-DTWKUNHWSA-N,10235.0,cytisine,O=c1cccc2[C@H]3CNC[C@H](C3)Cn12
GBOGMAARMMDZGR-TYHYBEHESA-N,5311281.0,cytochalasin-B,C[C@H]1[C@H]2[C@H](Cc3ccccc3)NC(=O)[C@]22OC(=O)\C=C\[C@H](O)CCC[C@@H](C)C\C=C\[C@H]2[C@H](O)C1=C
NGGRGTWYSXYVDK-FSDSQADBSA-N,92132144.0,cytochlor,Nc1nc(=O)n(cc1Cl)[C@H]1C[C@@H](O)[C@@H](CO)O1
CLGWUCNXOBLWFM-UHFFFAOYSA-N,44252734.0,CZC-54252,COc1cc(ccc1Nc1ncc(Cl)c(Nc2ccccc2NS(C)(=O)=O)n1)N1CCOCC1
RXRZPHQBTHQXSV-UHFFFAOYSA-N,42623951.0,CZC24832,CC(C)(C)NS(=O)(=O)c1cncc(c1)-c1cc(F)c2nc(N)nn2c1
GUBGYTABKSRVRQ-QUYVBRFLSA-N,6255.0,D-(+)-maltose,OC[C@H]1O[C@H](O[C@H]2[C@H](O)[C@@H](O)[C@H](O)O[C@@H]2CO)[C@H](O)[C@@H](O)[C@@H]1O
MNLHFGXIUJNDAF-UHFFFAOYSA-N,53258905.0,D-157495,Nc1nc(N)c2c(OCC3CCN(Cc4c(Cl)cccc4Cl)CC3)cccc2n1
ZGTYTFYRCIRWBL-HYVNUMGLSA-N,44137358.0,D-3263,COc1ccc2n(C(=O)[C@@H]3C[C@H](C)CC[C@H]3C(C)C)c(=O)n(CCN)c2c1
DPDZHVCKYBCJHW-UHFFFAOYSA-N,6419753.0,D-4476,NC(=O)c1ccc(cc1)-c1nc(c([nH]1)-c1ccc2OCCOc2c1)-c1ccccn1
ICMIJSRDISNKOC-UHFFFAOYSA-N,3921152.0,D-64131,COc1ccc2[nH]c(cc2c1)C(=O)c1ccccc1
YTPQSLLEROSACP-YUMQZZPRSA-N,6995101.0,D-7193,CC(=O)N[C@@H](CSSC[C@H](NC(C)=O)C(O)=O)C(O)=O
IELOKBJPULMYRW-NJQVLOCASA-N,20353.0,D-alpha-tocopheryl-succinate,CC(C)CCC[C@@H](C)CCC[C@@H](C)CCC[C@]1(C)CCc2c(C)c(OC(=O)CCC(O)=O)c(C)c(C)c2O1
GZIFEOYASATJEH-VHFRWLAGSA-N,92094.0,D-delta-tocopherol,CC(C)CCC[C@@H](C)CCC[C@@H](C)CCC[C@]1(C)CCc2cc(O)cc(C)c2O1
XMGQYMWWDOXHJM-JTQLQIEISA-N,440917.0,D-limonene,CC(=C)[C@@H]1CCC(C)=CC1
COLNVLDHVKWLRT-MRVPVSSYSA-N,71567.0,D-phenylalanine,N[C@H](Cc1ccccc1)C(O)=O
MTCFGRXMJLQNBG-UWTATZPHSA-N,71077.0,D-serine,N[C@H](CO)C(O)=O
JYVXNLLUYHCIIH-ZCFIWIBFSA-N,6419891.0,"D,L-mevalonic-acid-lactone",C[C@@]1(O)CCOC(=O)C1
DCRZYADKQRHHSF-UHFFFAOYSA-N,10430788.0,DAA-1106,COc1ccc(OC)c(CN(C(C)=O)c2cc(F)ccc2Oc2ccccc2)c1
YBSJFWOBGCMAKL-UHFFFAOYSA-N,216210.0,dabigatran,Cn1c(CNc2ccc(cc2)C(N)=N)nc2cc(ccc12)C(=O)N(CCC(O)=O)c1ccccn1
KSGXQBZTULBEEQ-UHFFFAOYSA-N,9578572.0,dabigatran-etexilate,CCCCCCOC(=O)\N=C(\N)c1ccc(NCc2nc3cc(ccc3n2C)C(=O)N(CCC(=O)OCC)c2ccccn2)cc1
BFSMGDJOXZAERB-UHFFFAOYSA-N,44462760.0,dabrafenib,CC(C)(C)c1nc(c(s1)-c1ccnc(N)n1)-c1cccc(NS(=O)(=O)c2c(F)cccc2F)c1F
FDKXTQMXEQVLRF-ZHACJKMWSA-N,135398738.0,dacarbazine,CN(C)\N=N\c1nc[nH]c1C(N)=O
BWDQBBCUWLSASG-MDZDMXLPSA-N,6445533.0,dacinostat,OCCN(CCc1c[nH]c2ccccc12)Cc1ccc(\C=C\C(=O)NO)cc1
FKRSSPOQAMALKA-CUPIEXAXSA-N,25154714.0,daclatasvir,COC(=O)N[C@@H](C(C)C)C(=O)N1CCC[C@H]1c1nc(c[nH]1)-c1ccc(cc1)-c1ccc(cc1)-c1c[nH]c(n1)[C@@H]1CCCN1C(=O)[C@@H](NC(=O)OC)C(C)C
LVXJQMNHJWSHET-AATRIKPKSA-N,11511120.0,dacomitinib,COc1cc2ncnc(Nc3ccc(F)c(Cl)c3)c2cc1NC(=O)\C=C\CN1CCCCC1
RJURFGZVJUQBHK-IIXSONLDSA-N,457193.0,dactinomycin,CC(C)[C@H]1NC(=O)[C@@H](NC(=O)c2ccc(C)c3oc4c(C)c(=O)c(N)c(C(=O)N[C@H]5[C@@H](C)OC(=O)[C@H](C(C)C)N(C)C(=O)CN(C)C(=O)[C@@H]6CCCN6C(=O)[C@H](NC5=O)C(C)C)c4nc23)[C@@H](C)OC(=O)[C@H](C(C)C)N(C)C(=O)CN(C)C(=O)[C@@H]2CCCN2C1=O
ZQSIJRDFPHDXIC-UHFFFAOYSA-N,5281708.0,daidzein,Oc1ccc(cc1)-c1coc2cc(O)ccc2c1=O
KYQZWONCHDNPDP-QNDFHXLGSA-N,107971.0,daidzin,OC[C@H]1O[C@@H](Oc2ccc3c(c2)occ(-c2ccc(O)cc2)c3=O)[C@H](O)[C@@H](O)[C@@H]1O
GDPHPXYFLPDZGH-ABDYMBPTSA-N,,dalargin,CC(C)C[C@@H](NC(=O)[C@@H](Cc1ccccc1)NC(=O)CNC(=O)[C@H](C)NC(=O)[C@@H](N)Cc1ccc(O)cc1)C(=O)N[C@H](CCCNC(N)=N)C(O)=O
KGPGQDLTDHGEGT-SZUNQUCBSA-N,16134627.0,dalbavancin,CN[C@@H]1c2ccc(O)c(Oc3cc(O)c(Cl)c(c3)[C@@H]3NC(=O)[C@@H](Cc4ccc(Oc5cc6cc(Oc7ccc(cc7Cl)[C@@H](O)[C@@H]7NC(=O)[C@H](NC(=O)[C@@H]6NC3=O)c3ccc(O)c(c3)-c3c(O[C@H]6O[C@H](CO)[C@@H](O)[C@H](O)[C@@H]6O)cc(O)cc3[C@H](NC7=O)C(=O)NCCCN(C)C)c5O[C@@H]3O[C@@H]([C@@H](O)[C@H](O)[C@H]3NC(=O)CCCCCCCCC(C)C)C(O)=O)cc4)NC1=O)c2
YZQLWPMZQVHJED-UHFFFAOYSA-N,6918540.0,dalcetrapib,CCC(CC)CC1(CCCCC1)C(=O)Nc1ccccc1SC(=O)C(C)C
NUKYPUAOHBNCPY-UHFFFAOYSA-N,1727.0,dalfampridine,Nc1ccncc1
SUYRLXYYZQTJHF-FENKCRFESA-N,124201618.0,dalfopristin,[H][C@]12[C@@H](CCN1C(=O)c1coc(CC(=O)C[C@H](O)\C=C(/C)\C=C/CNC(=O)\C=C\[C@@H](C)[C@@H](OC2=O)C(C)C)n1)S(=O)(=O)CCN(CC)CC
IULOBWFWYDMECP-UHFFFAOYSA-N,54343.0,daltroban,OC(=O)Cc1ccc(CCNS(=O)(=O)c2ccc(Cl)cc2)cc1
NOQGZXFMHARMLW-UHFFFAOYSA-N,72200802.0,daminozide,CN(C)NC(=O)CCC(O)=O
POZRVZJJTULAOH-LHZXLZLDSA-N,28417.0,danazol,C[C@]12CC[C@H]3[C@@H](CCC4=Cc5oncc5C[C@]34C)[C@@H]1CC[C@@]2(O)C#C
BIZKIHUJGMSVFD-MNOVXSKESA-N,16656685.0,danegaptide,NCC(=O)N1C[C@@H](C[C@H]1C(O)=O)NC(=O)c1ccccc1
NGYNBSHYFOFVLS-LBPRGKRZSA-N,24780598.0,danirixin,Cc1c(F)cccc1NC(=O)Nc1ccc(Cl)c(c1O)S(=O)(=O)[C@H]1CCCNC1
QMLVECGLEOSESV-RYUDHWBXSA-N,71335.0,danofloxacin,CN1C[C@@H]2C[C@H]1CN2c1cc2n(cc(C(O)=O)c(=O)c2cc1F)C1CC1
ZVTDLPBHTSMEJZ-JSZLBQEHSA-N,11285588.0,danoprevir,CC(C)(C)OC(=O)N[C@H]1CCCCC\C=C/[C@@H]2C[C@]2(NC(=O)[C@@H]2C[C@H](CN2C1=O)OC(=O)N1Cc2cccc(F)c2C1)C(=O)NS(=O)(=O)C1CC1
OZOMQRBLCMDCEG-VIZOYTHASA-N,6914273.0,dantrolene,[O-][N+](=O)c1ccc(cc1)-c1ccc(\C=N\N2CC(=O)NC2=O)o1
QBPFLULOKWLNNW-UHFFFAOYSA-N,2950.0,dantron,Oc1cccc2C(=O)c3cccc(O)c3C(=O)c12
XKFTZKGMDDZMJI-HSZRJFAPSA-N,11442891.0,danusertib,CO[C@@H](C(=O)N1Cc2n[nH]c(NC(=O)c3ccc(cc3)N3CCN(C)CC3)c2C1)c1ccccc1
JVHXJTBJCFBINQ-ADAARDCZSA-N,9887712.0,dapagliflozin,CCOc1ccc(Cc2cc(ccc2Cl)[C@@H]2O[C@H](CO)[C@@H](O)[C@H](O)[C@H]2O)cc1
LQFRYKBDZNPJSW-UHFFFAOYSA-N,12714644.0,dapansutrile,CS(=O)(=O)CCC#N
ATEFPOUAMCWAQS-UHFFFAOYSA-N,5280569.0,daphnetin,Oc1ccc2ccc(=O)oc2c1O
RFWZESUMWJKKRN-UHFFFAOYSA-N,3033538.0,dapiprazole,Cc1ccccc1N1CCN(CCc2nnc3CCCCn23)CC1
ILAYIAGXTHKHNT-UHFFFAOYSA-N,214347.0,dapivirine,Cc1cc(C)c(Nc2ccnc(Nc3ccc(cc3)C#N)n2)c(C)c1
USRHYDPUVLEVMC-FQEVSTJZSA-N,71353.0,dapoxetine,CN(C)[C@@H](CCOc1cccc2ccccc12)c1ccccc1
NVTKJBXOBFRPLQ-UHFFFAOYSA-N,24831508.0,daprodustat,OC(=O)CNC(=O)c1c(O)n(C2CCCCC2)c(=O)n(C2CCCCC2)c1=O
MQJKPEGWNLWLTK-UHFFFAOYSA-N,2955.0,dapsone,Nc1ccc(cc1)S(=O)(=O)c1ccc(N)cc1
DWJXYEABWRJFSP-XOBRGWDASA-N,5311272.0,DAPT,C[C@H](NC(=O)Cc1cc(F)cc(F)c1)C(=O)N[C@H](C(=O)OC(C)(C)C)c1ccccc1
DOAKLVKFURWEDJ-QCMAZARJSA-N,21585658.0,daptomycin,[H][C@]1(CO)NC(=O)CNC(=O)[C@H](CC(O)=O)NC(=O)[C@@H](C)NC(=O)[C@]([H])(CC(O)=O)NC(=O)[C@H](CCCN)NC(=O)CNC(=O)[C@@H](NC(=O)[C@H](CC(O)=O)NC(=O)[C@@H](CC(N)=O)NC(=O)[C@H](Cc2c[nH]c3ccccc23)NC(=O)CCCCCCCCC)[C@@H](C)OC(=O)[C@]([H])(CC(=O)c2ccccc2N)NC(=O)[C@@]([H])(NC1=O)[C@H](C)CC(O)=O
WDPFJWLDPVQCAJ-UHFFFAOYSA-N,9939609.0,darapladib,CCN(CC)CCN(Cc1ccc(cc1)-c1ccc(cc1)C(F)(F)F)C(=O)Cn1c2CCCc2c(=O)nc1SCc1ccc(F)cc1
QQKNSPHAFATFNQ-UHFFFAOYSA-N,60870.0,darglitazone,Cc1oc(nc1CCC(=O)c1ccc(CC2SC(=O)NC2=O)cc1)-c1ccccc1
HXGBXQDTNZMWGS-RUZDIDTESA-N,444031.0,darifenacin,NC(=O)C([C@@H]1CCN(CCc2ccc3OCCc3c2)C1)(c1ccccc1)c1ccccc1
BLIJXOOIHRSQRB-NWDGAFQWSA-N,121489720.0,darolutamide,C[C@@H](Cn1ccc(n1)-c1ccc(C#N)c(Cl)c1)NC(=O)c1cc(n[nH]1)[C@@H](C)O
CJBJHOAVZSMMDJ-HEXNFIEUSA-N,213039.0,darunavir,CC(C)CN(C[C@@H](O)[C@H](Cc1ccccc1)NC(=O)O[C@H]1CO[C@H]2OCC[C@@H]12)S(=O)(=O)c1ccc(N)cc1
FEJVSJIALLTFRP-LJQANCHMSA-N,177236.0,darusentan,COc1cc(OC)nc(O[C@H](C(O)=O)C(OC)(c2ccccc2)c2ccccc2)n1
NBRBXGKOEOGLOI-UHFFFAOYSA-N,56640146.0,dasabuvir,COc1c(cc(cc1C(C)(C)C)-n1ccc(=O)[nH]c1=O)-c1ccc2cc(NS(C)(=O)=O)ccc2c1
ZBNZXTGUTAYRHI-UHFFFAOYSA-N,3062316.0,dasatinib,Cc1nc(Nc2ncc(s2)C(=O)Nc2c(C)cccc2Cl)cc(n1)N1CCN(CCO)CC1
SRPXSILJHWNFMK-MEDUHNTESA-N,9947999.0,dasotraline,N[C@@H]1CC[C@@H](c2ccc(Cl)c(Cl)c2)c2ccccc12
NWXCDQHBVVPPTL-WDNDVIMCSA-N,,DAU-5884,CN1[C@H]2CC[C@@H]1C[C@@H](C2)OC(=O)N1Cc2ccccc2NC1=O
NPJICTMALKLTFW-OFUAXYCQSA-N,5742590.0,daucosterol,CC[C@H](CC[C@@H](C)[C@H]1CC[C@H]2[C@@H]3CC=C4C[C@H](CC[C@]4(C)[C@H]3CC[C@]12C)O[C@@H]1O[C@H](CO)[C@@H](O)[C@H](O)[C@H]1O)C(C)C
STQGQHZAVUOBTE-VGBVRHCVSA-N,30323.0,daunorubicin,COc1cccc2C(=O)c3c(O)c4C[C@](O)(C[C@H](O[C@H]5C[C@H](N)[C@H](O)[C@H](C)O5)c4c(O)c3C(=O)c12)C(C)=O
DEQLGSOHGTZKFB-UHFFFAOYSA-N,53555.0,dazmegrel,Cc1c(Cn2ccnc2)c2ccccc2n1CCC(O)=O
XQGZSYKGWHUSDH-UHFFFAOYSA-N,53001.0,dazoxiben,OC(=O)c1ccc(OCCn2ccnc2)cc1
QAIMUUJJAJBPCL-UHFFFAOYSA-N,676352.0,DBeQ,C(Nc1nc(NCc2ccccc2)c2ccccc2n1)c1ccccc1
KAIYFJUWIBTYPK-UHFFFAOYSA-N,71515460.0,DBPR-211,FC(F)(F)c1ccc(cc1)C#Cc1ccc(s1)-c1c(CNS(=O)(=O)N2CCCC2)c(nn1-c1ccc(Cl)cc1Cl)C(=O)NN1CCCCC1
VQKSCYBKUIDZEI-STQMWFEESA-N,44201003.0,DBPR108,CC(C)(CC(=O)N1CCCC1)NCC(=O)N1C[C@@H](F)C[C@H]1C#N
CNGHPXKWPGIDSK-UHFFFAOYSA-N,2843133.0,DC-260126,CCCCc1ccc(NS(=O)(=O)c2ccc(F)cc2)cc1
WWOXKWLDMLMYQY-UHFFFAOYSA-N,46208890.0,DCC-2618,Cn1cc(cn1)-c1cc(Oc2cc(F)c(NC(=O)C3(CC3)C(=O)Nc3ccccc3)cc2F)ccn1
LKHRMULASXZCLG-UHFFFAOYSA-N,656765.0,DCEBIO,CCn1c2cc(Cl)c(Cl)cc2[nH]c1=O
CONYTTFKIUJZOF-ZSYWTGECSA-N,53732028.0,DCP-LA,CCCCC[C@H]1C[C@H]1C[C@H]1C[C@H]1CCCCCCCC(O)=O
KHKGTPJPBOQECW-QFIPXVFZSA-N,12761153.0,DCPIB,CCCC[C@]1(Cc2cc(OCCCC(O)=O)c(Cl)c(Cl)c2C1=O)C1CCCC1
AOZPVMOOEJAZGK-UHFFFAOYSA-N,72836888.0,DDR1-IN-1,CCN1CCN(Cc2ccc(cc2C(F)(F)F)C(=O)Nc2ccc(C)c(Oc3ccc4NC(=O)Cc4c3)c2)CC1
KXBCLNRMQPRVTP-UHFFFAOYSA-N,55710.0,deazaguanine,Nc1cc2[nH]cnc2c(O)n1
RVJIQAYFTOPTKK-UHFFFAOYSA-N,44156921.0,Debio-0932,CN(C)c1cc2OCOc2cc1Sc1nc2c(N)nccc2n1CCNCC(C)(C)C
JWPGJSVJDAJRLW-UHFFFAOYSA-N,2966.0,debrisoquin,NC(=N)N1CCc2ccccc2C1
MTCUAOILFDZKCO-UHFFFAOYSA-N,2968.0,decamethonium,C[N+](C)(C)CCCCCCCCCC[N+](C)(C)C
ZADGGFKUEYIBJC-BPBUSIJASA-N,,decamethoxine,CC(C)[C@H]1CC[C@H](C)C[C@@H]1OC(=O)C[N+](C)(C)CCCCCCCCCC[N+](C)(C)CC(=O)O[C@H]1C[C@H](C)CC[C@@H]1C(C)C
ASUGUQWIHMTFJL-QGZVFWFLSA-N,59422203.0,decernotinib,CC[C@@](C)(Nc1ccnc(n1)-c1c[nH]c2ncccc12)C(=O)NCC(F)(F)F
XAUDJQYHKZQPEU-KVQBGUIXSA-N,451668.0,decitabine,Nc1ncn([C@H]2C[C@H](O)[C@@H](CO)O2)c(=O)n1
YEYAKZXEBSVURO-UHFFFAOYSA-N,70177.0,declopramide,CCN(CC)CCNC(=O)c1ccc(N)c(Cl)c1
OXBBIHZWNDPBMQ-UHFFFAOYSA-N,71135.0,decloxizine,OCCOCCN1CCN(CC1)C(c1ccccc1)c1ccccc1
JHAYEQICABJSTP-UHFFFAOYSA-N,29112.0,decoquinate,CCCCCCCCCCOc1cc2c(cc1OCC)[nH]cc(C(=O)OCC)c2=O
FWLMVFUGMHIOAA-UHFFFAOYSA-N,25117126.0,defactinib,CNC(=O)c1ccc(Nc2ncc(c(NCc3nccnc3N(C)S(C)(=O)=O)n2)C(F)(F)F)cc1
BOFQWVMAQOTZIW-UHFFFAOYSA-N,214348.0,deferasirox,OC(=O)c1ccc(cc1)-n1nc(nc1-c1ccccc1O)-c1ccccc1O
XLHBYAVMDSNIEM-UHFFFAOYSA-L,,deferasirox-iron-chelate,OC(=O)c1ccc(cc1)-n1nc-2nc1-c1ccccc1O[Fe]Oc1ccccc-21
TZXKOCQBRNJULO-UHFFFAOYSA-N,2972.0,deferiprone,Cc1c(O)c(=O)ccn1C
UBQYURCVBFRUQT-UHFFFAOYSA-N,2973.0,deferoxamine-mesylate,CC(=O)N(O)CCCCCNC(=O)CCC(=O)N(O)CCCCCNC(=O)CCC(=O)N(O)CCCCCN
FBHSPRKOSMHSIF-GRMWVWQJSA-N,189821.0,deflazacort,CC(=O)OCC(=O)[C@@]12N=C(C)O[C@@H]1C[C@H]1[C@@H]3CCC4=CC(=O)C=C[C@]4(C)[C@H]3[C@@H](O)C[C@]21C
BUROJSBIWGDYCN-LKLUGXJSSA-N,,deforolimus,CO[C@@H]1C[C@H](C[C@@H](C)[C@@H]2CC(=O)[C@H](C)\C=C(C)\[C@@H](O)[C@@H](OC)C(=O)[C@H](C)C[C@H](C)\C=C\C=C\C=C(C)\[C@H](C[C@@H]3CC[C@@H](C)[C@@](O)(O3)C(=O)C(=O)N3CCCC[C@H]3C(=O)O2)OC)CC[C@H]1OP(C)(C)=O
MEUCPCLKGZSHTA-XYAYPHGZSA-N,16136245.0,degarelix,CC(C)C[C@H](NC(=O)[C@@H](Cc1ccc(NC(N)=O)cc1)NC(=O)[C@H](Cc1ccc(NC(=O)[C@@H]2CC(=O)NC(=O)N2)cc1)NC(=O)[C@H](CO)NC(=O)[C@@H](Cc1cccnc1)NC(=O)[C@@H](Cc1ccc(Cl)cc1)NC(=O)[C@@H](Cc1ccc2ccccc2c1)NC(C)=O)C(=O)N[C@@H](CCCCNC(C)C)C(=O)N1CCC[C@H]1C(=O)N[C@H](C)C(N)=O
PKLPQOJFHFGVBS-UHFFFAOYSA-N,54678494.0,dehydroacetic-acid,CC(=O)c1c(O)cc(C)oc1=O
OHXPGWPVLFPUSM-IVFZZBRKSA-N,7048656.0,dehydrocholate,C[C@H](CCC(O)=O)[C@H]1CC[C@H]2[C@H]3[C@@H](CC(=O)[C@]12C)[C@@]1(C)CCC(=O)C[C@@H]1CC3=O
OHXPGWPVLFPUSM-KLRNGDHRSA-N,6674.0,dehydrocholate-acid,C[C@H](CCC(O)=O)[C@H]1CC[C@H]2[C@H]3[C@H](CC(=O)[C@]12C)[C@@]1(C)CCC(=O)C[C@H]1CC3=O
RFKQJTRWODZPHF-UHFFFAOYSA-N,34781.0,dehydrocorydaline,COc1ccc2c(C)c3-c4cc(OC)c(OC)cc4CC[n+]3cc2c1OC
FMGSKLZLMKYGDP-USOAJAOKSA-N,5881.0,dehydroepiandrosterone,C[C@]12CC[C@H]3[C@@H](CC=C4C[C@@H](O)CC[C@]34C)[C@@H]1CCC2=O
CZWCKYRVOZZJNM-USOAJAOKSA-N,12594.0,dehydroepiandrosterone-sulfate,C[C@]12CC[C@H]3[C@@H](CC=C4C[C@H](CC[C@]34C)OS(O)(=O)=O)[C@@H]1CCC2=O
DYDCPNMLZGFQTM-UHFFFAOYSA-N,487101.0,delafloxacin,Nc1nc(c(F)cc1F)-n1cc(C(O)=O)c(=O)c2cc(F)c(N3CC(O)C3)c(Cl)c12
XDAOLTSRNUSPPH-XMMPIXPASA-N,6480466.0,delamanid,C[C@]1(COc2ccc(cc2)N2CCC(CC2)Oc2ccc(OC(F)(F)F)cc2)Cn2cc(nc2O1)[N+]([O-])=O
SJFBTAPEPRWNKH-CCKFTAQKSA-N,24800541.0,delanzomib,CC(C)C[C@H](NC(=O)[C@@H](NC(=O)c1cccc(n1)-c1ccccc1)[C@@H](C)O)B(O)O
WOUOLAUOZXOLJQ-MBSDFSHPSA-N,5362116.0,delapril,CCOC(=O)[C@H](CCc1ccccc1)N[C@@H](C)C(=O)N(CC(O)=O)C1Cc2ccccc2C1
WHBIGIKBNXZKFE-UHFFFAOYSA-N,5625.0,delavirdine,CC(C)Nc1cccnc1N1CCN(CC1)C(=O)c1cc2cc(NS(C)(=O)=O)ccc2[nH]1
XPXZTVWPRKJTAA-PJKOMPQUSA-N,56843747.0,delcasertib,CC(C)C[C@H](NC(=O)[C@H](CO)NC(=O)CNC(=O)[C@H](CC(C)C)NC(=O)[C@H](CCC(O)=O)NC(=O)[C@H](Cc1ccc(O)cc1)NC(=O)[C@H](CO)NC(=O)[C@H](CC(N)=O)NC(=O)[C@H](Cc1ccccc1)NC(=O)[C@H](CO)NC(=O)[C@@H](N)CSSC[C@H](N)C(=O)N[C@@H](Cc1ccc(O)cc1)C(=O)NCC(=O)N[C@@H](CCCNC(N)=N)C(=O)N[C@@H](CCCCN)C(=O)N[C@@H](CCCCN)C(=O)N[C@@H](CCCNC(N)=N)C(=O)N[C@@H](CCCNC(N)=N)C(=O)N[C@@H](CCC(N)=O)C(=O)N[C@@H](CCCNC(N)=N)C(=O)N[C@@H](CCCNC(N)=N)C(=O)N[C@@H](CCCNC(N)=N)C(O)=O)C(O)=O
LOWWYYZBZNSPDT-ZBEGNZNMSA-N,50914062.0,delgocitinib,C[C@H]1CN(C(=O)CC#N)[C@]11CCN(C1)c1ncnc2[nH]ccc12
CZGUSIXMZVURDU-FCWOTDAASA-N,78357780.0,delivert,CC[C@H](C)[C@H](NC(=O)[C@H](Cc1ccc(O)cc1)NC(=O)[C@@H](NC(=O)[C@@H](CCCNC(N)=N)NC(=O)[C@@H](N)CC(O)=O)C(C)C)C(=O)N[C@@H](Cc1cnc[nH]1)C(=O)N1CCC[C@@H]1C(=O)N[C@H](Cc1ccccc1)C(O)=O
QLUWQAFDTNAYPN-LLVKDONJSA-N,44205191.0,delpazolid,CN1CCN(C=N1)c1ccc(cc1F)N1C[C@H](CO)OC1=O
JKHRCGUTYDNCLE-UHFFFAOYSA-O,128853.0,delphinidin,Oc1cc(O)c2cc(O)c([o+]c2c1)-c1cc(O)c(O)c(O)c1
ODADKLYLWWCHNB-LDYBVBFYSA-N,5282350.0,delta-tocotrienol,CC(C)=CCC\C(C)=C\CC\C(C)=C\CC[C@]1(C)CCc2cc(O)cc(C)c2O1
LTZKEDSUXKTTTC-KXQOOQHDSA-N,73292904.0,deltarasin,C(Oc1ccc(cc1)-c1nc2ccccc2n1Cc1ccccc1)[C@H](C1CCNCC1)n1c(nc2ccccc12)-c1ccccc1
RWZVPVOZTJJMNU-UHFFFAOYSA-N,5966.0,demecarium,CN(CCCCCCCCCCN(C)C(=O)Oc1cccc(c1)[N+](C)(C)C)C(=O)Oc1cccc(c1)[N+](C)(C)C
JHOHXJYRVSLQCB-AWLLFJHESA-N,,demeclocycline,[H][C@]12C[C@@]3([H])[C@H](N(C)C)C(=O)[C@@H](C(N)=O)C(=O)[C@@]3(O)C(=O)[C@H]1C(=O)c1c(O)ccc(Cl)c1[C@H]2O
ZFQMTVNLDNXRNQ-UHFFFAOYSA-O,15488.0,denatonium-benzoate,CC[N+](CC)(CC(=O)Nc1c(C)cccc1C)Cc1ccccc1
VHSBBVZJABQOSG-INIZCTEOSA-N,5311064.0,denopamine,COc1ccc(CCNC[C@H](O)c2ccc(O)cc2)cc1OC
ZPBLNADJHWHOEP-UHFFFAOYSA-N,39976.0,denotivir,Cc1nsc(NC(=O)c2ccccc2)c1C(=O)Nc1ccc(Cl)cc1
GFBCWCDNXDKFRH-NSHDSACASA-N,11521237.0,deoxyarbutin,Oc1ccc(O[C@H]2CCCCO2)cc1
KXGVEGMKQFWNSR-LLQZFEROSA-N,222528.0,deoxycholic-acid,C[C@H](CCC(O)=O)[C@H]1CC[C@H]2[C@@H]3CC[C@@H]4C[C@H](O)CC[C@]4(C)[C@H]3C[C@H](O)[C@]12C
VPGRYOFKCNULNK-ACXQXYJUSA-N,5952.0,deoxycorticosterone-acetate,CC(=O)OCC(=O)[C@H]1CC[C@H]2[C@@H]3CCC4=CC(=O)CC[C@]4(C)[C@H]3CC[C@]12C
NGKZFDYBISXGGS-UHFFFAOYSA-N,4382.0,deoxyepinephrine,CNCCc1ccc(O)c(O)c1
ZWPODSUQWXAZNC-PMOLBWCYSA-N,,deptropine,CN1[C@H]2CC[C@@H]1C[C@@H](C2)OC1c2ccccc2CCc2ccccc12
PCSWXVJAIHCTMO-UHFFFAOYSA-P,2993.0,dequalinium,Cc1cc(N)c2ccccc2[n+]1CCCCCCCCCC[n+]1c(C)cc(N)c2ccccc12
WAZQAZKAZLXFMK-UHFFFAOYSA-N,3058754.0,deracoxib,COc1ccc(cc1F)-c1cc(nn1-c1ccc(cc1)S(N)(=O)=O)C(F)F
KPJDVVCDVBFRMU-AREMUKBSSA-N,46834118.0,derazantinib,COCCNCCc1cccc(Nc2ncc3C[C@@H](c4ccccc4F)c4ccccc4-c3n2)c1
CVBMAZKKCSYWQR-WCGOZPBSSA-N,8550.0,deserpidine,CO[C@H]1[C@@H](C[C@@H]2CN3CCc4c([nH]c5ccccc45)[C@H]3C[C@@H]2[C@@H]1C(=O)OC)OC(=O)c1cc(OC)c(OC)c(OC)c1
IKRKQQLJYBAPQT-UHFFFAOYSA-N,75593290.0,desidustat,OC(=O)CNC(=O)c1c(O)c2ccccc2n(OCC2CC2)c1=O
HCYAFALTSJYZDH-UHFFFAOYSA-N,2995.0,desipramine,CNCCCN1c2ccccc2CCc2ccccc12
OXPLANUPKBHPMS-FYSAVPLMSA-N,24848783.0,desisobutyryl-ciclesonide,[H][C@]12C[C@@]3([H])[C@]4([H])CCC5=CC(=O)C=C[C@]5(C)[C@@]4([H])[C@@H](O)C[C@]3(C)[C@@]1(O[C@@H](O2)C1CCCCC1)C(=O)CO
OBATZBGFDSVCJD-LALPQLPRSA-N,28620.0,deslanoside,C[C@H]1O[C@H](C[C@H](O)[C@@H]1O[C@H]1C[C@H](O)[C@H](O[C@H]2C[C@H](O)[C@H](O[C@@H]3O[C@H](CO)[C@@H](O)[C@H](O)[C@H]3O)[C@@H](C)O2)[C@@H](C)O1)O[C@H]1CC[C@@]2(C)[C@H](CC[C@@H]3[C@@H]2C[C@@H](O)[C@]2(C)[C@H](CC[C@]32O)C2=CC(=O)OC2)C1
JAUOIFJMECXRGI-UHFFFAOYSA-N,124087.0,desloratadine,Clc1ccc2c(CCc3cccnc3C2=C2CCNCC2)c1
GJKXGJCSJWBJEZ-XRSSZCMZSA-N,25077495.0,deslorelin,CCNC(=O)[C@@H]1CCCN1C(=O)[C@H](CCCN=C(N)N)NC(=O)[C@H](CC(C)C)NC(=O)[C@@H](Cc1c[nH]c2ccccc12)NC(=O)[C@H](Cc1ccc(O)cc1)NC(=O)[C@H](CO)NC(=O)[C@H](Cc1c[nH]c2ccccc12)NC(=O)[C@H](Cc1c[nH]cn1)NC(=O)[C@@H]1CCC(=O)N1
JNNOSTQEZICQQP-UHFFFAOYSA-N,135409468.0,desmethylclozapine,Clc1ccc2Nc3ccccc3C(=Nc2c1)N1CCNCC1
NFLWUMRGJYTJIN-AIOUAYLGSA-N,,desmopressin-acetate,NC(=O)CC[C@@H]1NC(=O)[C@H](Cc2ccccc2)NC(=O)[C@H](Cc2ccc(O)cc2)NC(=O)CCSSC[C@@H](NC(=O)[C@H](CC(N)=O)NC1=O)C(=O)N1CCC[C@H]1C(=O)N[C@H](CCCNC(N)=N)C(=O)NCC(N)=O
RPLCPCMSCLEKRS-BPIQYHPVSA-N,40973.0,desogestrel,CC[C@]12CC(=C)[C@H]3[C@@H](CCC4=CCCC[C@H]34)[C@@H]1CC[C@@]2(O)C#C
WBGKWQHBNHJJPZ-LECWWXJVSA-N,5311066.0,desonide,CC1(C)O[C@@H]2C[C@H]3[C@@H]4CCC5=CC(=O)C=C[C@]5(C)[C@H]4[C@@H](O)C[C@]3(C)[C@@]2(O1)C(=O)CO
VWVSBHGCDBMOOT-IIEHVVJPSA-N,5311067.0,desoximetasone,C[C@@H]1C[C@H]2[C@@H]3CCC4=CC(=O)C=C[C@]4(C)[C@@]3(F)[C@@H](O)C[C@]2(C)[C@H]1C(=O)CO
VVOIQBFMTVCINR-WWMZEODYSA-N,11876263.0,desoxycorticosterone-pivalate,CC(C)(C)C(=O)OCC(=O)[C@H]1CC[C@H]2[C@@H]3CCC4=CC(=O)CC[C@]4(C)[C@H]3CC[C@]12C
ZESRJSPZRDMNHY-YFWFAHHUSA-N,6166.0,desoxycortone,C[C@]12CC[C@H]3[C@@H](CCC4=CC(=O)CC[C@]34C)[C@@H]1CC[C@@H]2C(=O)CO
WUFQLZTXIWKION-UHFFFAOYSA-N,442894.0,desoxypeganine,C1CN2Cc3ccccc3N=C2C1
KYYIDSXMWOZKMP-HNNXBMFYSA-N,12018336.0,desvenlafaxine,CN(C)C[C@@H](c1ccc(O)cc1)C1(O)CCCCC1
RHDJRPPFURBGLQ-UHFFFAOYSA-N,56032.0,detomidine,Cc1cccc(Cc2cnc[nH]2)c1C
NFHRQQKPEBFUJK-HSZRJFAPSA-N,443375.0,devazepide,CN1c2ccccc2C(=N[C@H](NC(=O)c2cc3ccccc3[nH]2)C1=O)c1ccccc1
UREBDLICKHMUKA-CXSFZGCWSA-N,5743.0,dexamethasone,C[C@@H]1C[C@H]2[C@@H]3CCC4=CC(=O)C=C[C@]4(C)[C@@]3(F)[C@@H](O)C[C@]2(C)[C@@]1(O)C(=O)CO
AKUJBENLRBOFTD-RPRRAYFGSA-N,236702.0,dexamethasone-acetate,C[C@@H]1C[C@H]2[C@@H]3CCC4=CC(=O)C=C[C@]4(C)[C@@]3(F)[C@@H](O)C[C@]2(C)[C@@]1(O)C(=O)COC(C)=O
SOYKEARSMXGVTM-HNNXBMFYSA-N,33036.0,dexchlorpheniramine,CN(C)CC[C@@H](c1ccc(Cl)cc1)c1ccccn1
BZQFBWGGLXLEPQ-REOHCLBHSA-N,68841.0,dexfosfoserine,N[C@@H](COP(O)(O)=O)C(O)=O
MJIHNNLFOKEZEW-RUZDIDTESA-N,9578005.0,dexlansoprazole,Cc1c(OCC(F)(F)F)ccnc1C[S@@](=O)c1nc2ccccc2[nH]1
QNQZBKQEIFTHFZ-GOSISDBHSA-N,65937.0,dexloxiglumide,CCCCCN(CCCOC)C(=O)[C@@H](CCC(O)=O)NC(=O)c1ccc(Cl)c(Cl)c1
CUHVIMMYOGQXCV-NSHDSACASA-N,5311068.0,dexmedetomidine,C[C@H](c1cnc[nH]1)c1cccc(C)c1C
SVJMLYUFVDMUHP-MGBGTMOVSA-N,6918097.0,dexniguldipine,COC(=O)C1=C(C)NC(C)=C([C@@H]1c1cccc(c1)[N+]([O-])=O)C(=O)OCCCN1CCC(CC1)(c1ccccc1)c1ccccc1
SNPLKNRPJHDVJA-ZETCQYMHSA-N,131204.0,dexpanthenol,CC(C)(CO)[C@@H](O)C(=O)NCCCO
BMKDZUISNHGIBY-ZETCQYMHSA-N,71384.0,dexrazoxane,C[C@@H](CN1CC(=O)NC(=O)C1)N1CC(=O)NC(=O)C1
FZWBNHMXJMCXLU-BLAUPYHCSA-N,5460037.0,dextran,OC[C@H]1O[C@H](OC[C@H]2O[C@H](OC[C@@H](O)[C@@H](O)[C@H](O)[C@@H](O)C=O)[C@H](O)[C@@H](O)[C@@H]2O)[C@H](O)[C@@H](O)[C@@H]1O
MKXZASYAUGDDCJ-NJAFHUGGSA-N,5360696.0,dextromethorphan,COc1ccc2C[C@H]3[C@H]4CCCC[C@@]4(CCN3C)c2c1
CCDHHPOGWLYHAX-SNVBAGLBSA-N,25191609.0,dextrorotation-nimorazole-phosphate-ester,Cc1ncc(n1C[C@@H](CN1CCOCC1)OP(O)(O)=O)[N+]([O-])=O
GZCGUPFRVQAUEE-SLPGGIOYSA-N,107526.0,dextrose,OC[C@@H](O)[C@@H](O)[C@H](O)[C@@H](O)C=O
YYMCVDNIIFNDJK-BEQMOXJMSA-N,6604893.0,DFB,Fc1cccc(\C=N\N=C\c2cccc(F)c2)c1
ZJMDTBBCNMGFMS-SAPNQHFASA-N,57342889.0,DG-172,CN1CCN(CC1)c1ccc(\C=C(/C#N)c2ccccc2Br)cc1
PVCTYSQBVIGZRU-KRWDZBQOSA-N,72199860.0,DG051,OC(=O)CCCN1CCC[C@H]1COc1ccc(Oc2ccc(Cl)cc2)cc1
HDOIPCLEKCEANF-UHFFFAOYSA-N,3467177.0,DH-97,CCCCC(=O)NCCc1c(Cc2ccccc2)[nH]c2ccccc12
XJGZGUSMZSXHJI-UHFFFAOYSA-N,80263.0,DHBP,CCCCCCC[n+]1ccc(cc1)-c1cc[n+](CCCCCCC)cc1
TYNLGDBUJLVSMA-UHFFFAOYSA-N,26248.0,diacerein,CC(=O)Oc1cccc2C(=O)c3cc(cc(OC(C)=O)c3C(=O)c12)C(O)=O
UJAOSPFULOFZRR-UHFFFAOYSA-N,17499.0,diacetamate,CC(=O)Nc1ccc(OC(C)=O)cc1
YOAHKNVSNCMZGQ-XPWFQUROSA-N,21706.0,diadenosine-tetraphosphate,Nc1ncnc2n(cnc12)[C@@H]1O[C@H](COP(O)(=O)OP(O)(=O)OP(O)(=O)OP(O)(=O)OC[C@H]2O[C@H]([C@H](O)[C@@H]2O)n2cnc3c(N)ncnc23)[C@@H](O)[C@H]1O
AAFJXZWCNVJTMK-GUCUJZIJSA-N,15942827.0,dianhydrogalactitol,O[C@@H]([C@@H](O)[C@H]1CO1)[C@@H]1CO1
GHZHWDWADLAOIQ-ZDUSSCGKSA-N,6604873.0,diarylpropionitrile,Oc1ccc(C[C@@H](C#N)c2ccc(O)cc2)cc1
YVPYQUNUQOZFHG-UHFFFAOYSA-N,2140.0,diatrizoic-acid,CC(=O)Nc1c(I)c(NC(C)=O)c(I)c(C(O)=O)c1I
LDBTVAXGKYIFHO-UHFFFAOYSA-N,21453.0,diaveridine,COc1ccc(Cc2cnc(N)nc2N)cc1OC
GDLBFKVLRPITMI-UHFFFAOYSA-N,3019.0,diazoxide,CC1=Nc2ccc(Cl)cc2S(=O)(=O)N1
JJCQSGDBDPYCEO-XVZSLQNASA-N,470999.0,dibekacin,NC[C@@H]1CC[C@@H](N)[C@@H](O[C@@H]2[C@@H](N)C[C@@H](N)[C@H](O[C@H]3O[C@H](CO)[C@@H](O)[C@H](N)[C@H]3O)[C@H]2O)O1
QPGGEKPRGVJKQB-UHFFFAOYSA-N,9419.0,dibenzepine,CN(C)CCN1c2ccccc2N(C)c2ccccc2C1=O
DOIRQSBPFJWKBE-UHFFFAOYSA-N,3026.0,dibutyl-phthalate,CCCCOC(=O)c1ccccc1C(=O)OCCCC
YNNURTVKPVJVEI-GSLJADNHSA-N,5388959.0,dichlorisone-acetate,CC(=O)OCC(=O)[C@@]1(O)CC[C@H]2[C@@H]3CCC4=CC(=O)C=C[C@]4(C)[C@@]3(Cl)[C@@H](Cl)C[C@]12C
FLWQSOHPGISTPX-UHFFFAOYSA-N,,dichloroacetate,[Na].OC(=O)C(Cl)Cl
MDNWOSOZYLHTCG-UHFFFAOYSA-N,3037.0,dichlorophen,Oc1ccc(Cl)cc1Cc1cc(Cl)ccc1O
OEBRKCOSUFCWJD-UHFFFAOYSA-N,3039.0,dichlorvos,COP(=O)(OC)OC=C(Cl)Cl
ZSZFUDFOPOMEET-GFCCVEGCSA-N,25273624.0,diclazuril,Clc1ccc(cc1)[C@@H](C#N)c1c(Cl)cc(cc1Cl)-n1ncc(=O)[nH]c1=O
DCOPUUMXTXDBNB-UHFFFAOYSA-N,3033.0,diclofenac,OC(=O)Cc1ccccc1Nc1c(Cl)cccc1Cl
GJQPMPFPNINLKP-UHFFFAOYSA-N,3038.0,diclofenamide,NS(=O)(=O)c1cc(Cl)c(Cl)c(c1)S(N)(=O)=O
ZJDCGVDEEHWEIG-HNNXBMFYSA-N,23872188.0,diclofensine,COc1ccc2[C@@H](CN(C)Cc2c1)c1ccc(Cl)c(Cl)c1
PPJXIHLNYDVTDI-XIXRPRMCSA-N,7059662.0,dicloralurea,O[C@@H](NC(=O)N[C@@H](O)C(Cl)(Cl)Cl)C(Cl)(Cl)Cl
YFAGHNZHGGCZAX-JKIFEVAISA-N,18381.0,dicloxacillin,Cc1onc(c1C(=O)N[C@H]1[C@H]2SC(C)(C)[C@@H](N2C1=O)C(O)=O)-c1c(Cl)cccc1Cl
DOBMPNYZJYQDGZ-UHFFFAOYSA-N,54676038.0,dicoumarol,Oc1c(Cc2c(O)c3ccccc3oc2=O)c(=O)oc2ccccc12
XBPCUCUWBYBCDP-UHFFFAOYSA-N,7582.0,dicyclohexylamine,C1CCC(CC1)NC1CCCCC1
CURUTKGFNZGFSE-UHFFFAOYSA-N,3042.0,dicycloverine,CCN(CC)CCOC(=O)C1(CCCCC1)C1CCCCC1
BXZVVICBKDXVGW-NKWVEPMBSA-N,135398739.0,didanosine,OC[C@@H]1CC[C@@H](O1)n1cnc2c1[nH]cnc2=O
NFDFQCUYFHCNBW-SCGPFSFSSA-N,667476.0,dienestrol,C\C=C(\C(=C\C)\c1ccc(O)cc1)/c1ccc(O)cc1
AZFLJNIPTRTECV-FUMNGEBKSA-N,68861.0,dienogest,C[C@]12CCC3=C4CCC(=O)C=C4CC[C@H]3[C@@H]1CC[C@@]2(O)CC#N
RCKMWOKWVGPNJF-UHFFFAOYSA-N,3052.0,diethylcarbamazine,CCN(CC)C(=O)N1CCN(C)CC1
RGLYKWWBQGJZGM-ISLYRVAYSA-N,448537.0,diethylstilbestrol,CC\C(=C(\CC)c1ccc(O)cc1)c1ccc(O)cc1
MMOXZBCLCQITDF-UHFFFAOYSA-N,4284.0,diethyltoluamide,CCN(CC)C(=O)c1cccc(C)c1
PWHROYKAGRUWDQ-UHFFFAOYSA-N,100472.0,difenpiramide,O=C(Cc1ccc(cc1)-c1ccccc1)Nc1ccccn1
NOCJXYPHIIZEHN-UHFFFAOYSA-N,56206.0,difloxacin,CN1CCN(CC1)c1cc2n(cc(C(O)=O)c(=O)c2cc1F)-c1ccc(F)cc1
HUPFGZXOMWLGNK-UHFFFAOYSA-N,3059.0,diflunisal,OC(=O)c1cc(ccc1O)-c1ccc(F)cc1F
WYQPLTPSGFELIB-JTQPXKBDSA-N,443936.0,difluprednate,CCCC(=O)O[C@@]1(CC[C@H]2[C@@H]3C[C@H](F)C4=CC(=O)C=C[C@]4(C)[C@@]3(F)[C@@H](O)C[C@]12C)C(=O)COC(C)=O
CXSJGNHRBWJXEA-UHFFFAOYSA-N,30717.0,diftalone,O=C1N2Cc3ccccc3C(=O)N2Cc2ccccc12
XZTUSOXSLKTKJQ-CESUGQOBSA-N,4369270.0,digitoxigenin,C[C@]12CC[C@H]3[C@@H](CC[C@@H]4C[C@@H](O)CC[C@]34C)[C@@]1(O)CC[C@@H]2C1=CC(=O)OC1
WDJUZGPOPHTGOT-XUDUSOBPSA-N,441207.0,digitoxin,C[C@H]1O[C@H](C[C@H](O)[C@@H]1O)O[C@H]1[C@@H](O)C[C@H](O[C@H]2[C@@H](O)C[C@H](O[C@H]3CC[C@@]4(C)[C@H](CC[C@@H]5[C@@H]4CC[C@]4(C)[C@H](CC[C@]54O)C4=CC(=O)OC4)C3)O[C@@H]2C)O[C@@H]1C
SHIBSTMRCDJXLN-KCZCNTNESA-N,15478.0,digoxigenin,C[C@@]12[C@H](CC[C@]1(O)[C@@H]1CC[C@@H]3C[C@@H](O)CC[C@]3(C)[C@H]1C[C@H]2O)C1=CC(=O)OC1
LTMHDMANZUZIPE-SYUUTQQWSA-N,12940973.0,digoxin,[H][C@@]1(C[C@H](O)[C@H](O[C@@]2([H])C[C@H](O)[C@H](O[C@@]3([H])C[C@H](O)[C@H](O)[C@@H](C)O3)[C@@H](C)O2)[C@@H](C)O1)O[C@H]1CC[C@@]2(C)[C@]([H])(CC[C@]3([H])[C@]2([H])C[C@@H](O)[C@@]2(C)[C@H](CC[C@]32O)C2=CC(=O)OC2)C1
HOBAELRKJCKHQD-QNEBEIHSSA-N,5280581.0,dihomo-gamma-linolenic-acid,CCCCC\C=C/C\C=C/C\C=C/CCCCCCC(O)=O
BGOQGUHWXBGXJW-RHSMWYFYSA-N,6603820.0,dihydrexidine,Oc1cc2CC[C@H]3NCc4ccccc4[C@@H]3c2cc1O
BJDCWCLMFKKGEE-ISOSDAIHSA-N,3000518.0,dihydroartemisinin,C[C@@H]1CC[C@H]2[C@@H](C)[C@@H](O)O[C@@H]3O[C@@]4(C)CC[C@@H]1[C@@]23OO4
BYUKOOOZTSTOOH-UHFFFAOYSA-N,65626.0,dimesna,OS(=O)(=O)CCSSCCS(O)(=O)=O
DEQITUUQPICUMR-HJPBWRTMSA-N,107715.0,dihydroergocristine,CC(C)[C@@]1(NC(=O)[C@@H]2C[C@H]3[C@@H](Cc4c[nH]c5cccc3c45)N(C)C2)O[C@@]2(O)[C@@H]3CCCN3C(=O)[C@H](Cc3ccccc3)N2C1=O
LUZRJRNZXALNLM-JGRZULCMSA-N,10531.0,dihydroergotamine,CN1C[C@@H](C[C@H]2[C@H]1Cc1c[nH]c3cccc2c13)C(=O)N[C@]1(C)O[C@@]2(O)[C@@H]3CCCN3C(=O)[C@H](Cc3ccccc3)N2C1=O
KJXSIXMJHKAJOD-LSDHHAIUSA-N,161557.0,dihydromyricetin,O[C@@H]1[C@H](Oc2cc(O)cc(O)c2C1=O)c1cc(O)c(O)c(O)c1
DLNWBHHJUACHNB-SNGKZNBCSA-N,73707353.0,dihydrostreptomycin,CN[C@H]1[C@H](O)[C@@H](O)[C@H](CO)O[C@H]1O[C@H]1[C@H](O[C@@H]2[C@@H](O)[C@H](O)[C@@H](NC(N)=N)[C@H](O)[C@H]2NC(N)=N)O[C@@H](C)[C@]1(O)CO.CN[C@H]1[C@H](O)[C@@H](O)[C@H](CO)O[C@H]1O[C@H]1[C@H](O[C@@H]2[C@@H](O)[C@H](O)[C@@H](NC(N)=N)[C@H](O)[C@H]2NC(N)=N)O[C@@H](C)[C@]1(O)CO
ILYCWAKSDCYMBB-CEQNRCNESA-N,,dihydrotachysterol,CC(C)[C@@H](C)\C=C\[C@@H](C)[C@H]1CC[C@@H]2\C(CCC[C@@]12C)=C\C=C1/C[C@@H](O)CC[C@@H]1C
RXKJFZQQPQGTFL-UHFFFAOYSA-N,670.0,dihydroxyacetone,OCC(=O)CO
HOOWCUZPEFNHDT-SSDOTTSWSA-N,10197959.0,dihydroxyphenylglycine,N[C@@H](C(O)=O)c1cc(O)cc(O)c1
WONYMNWUJVKVII-UHFFFAOYSA-N,160565.0,diiodothyropropionic-acid,OC(=O)CCc1cc(I)c(Oc2ccc(O)cc2)c(I)c1
QVZCXCJXTMIDME-UHFFFAOYSA-N,3074.0,dilazep,COc1cc(cc(OC)c1OC)C(=O)OCCCN1CCCN(CCCOC(=O)c2cc(OC)c(OC)c(OC)c2)CC1
ORVNHOYNEHYKJG-UHFFFAOYSA-N,10297982.0,dilmapimod,Cc1cc(F)ccc1-c1nc(NC(CO)CO)nc2n(-c3c(F)cccc3F)c(=O)ccc12
BDYYDXJSHYEDGB-UHFFFAOYSA-N,19529.0,diloxanide,CN(C(=O)C(Cl)Cl)c1ccc(OC(=O)c2ccco2)cc1
HSUGRBWQSSZJOP-RTWAWAEBSA-N,39186.0,diltiazem,COc1ccc(cc1)[C@@H]1Sc2ccccc2N(CCN(C)C)C(=O)[C@@H]1OC(C)=O
BBAOKSZCULLDIW-UHFFFAOYSA-N,15637614.0,DIM-C-pPhCO2Me,COC(=O)c1ccc(cc1)C(c1c[nH]c2ccccc12)c1c[nH]c2ccccc12
OLHQOJYVQUNWPL-UHFFFAOYSA-N,3077.0,dimaprit,CN(C)CCCSC(N)=N
KBEZZLAAKIIPFK-NJAFHUGGSA-N,3037918.0,dimemorfan,CN1CC[C@@]23CCCC[C@@H]2[C@@H]1Cc1ccc(C)cc31
WQABCVAJNWAXTE-GSVOUGTGSA-N,6971262.0,dimercaprol,OC[C@@H](S)CS
ACTRVOBWPAIOHC-XIXRPRMCSA-N,2724354.0,dimercaptosuccinic-acid,OC(=O)[C@@H](S)[C@@H](S)C(O)=O
JYJFNDQBESEHJQ-UHFFFAOYSA-N,3081.0,dimethadione,CC1(C)OC(=O)NC1=O
UQEAIHBTYFGYIE-UHFFFAOYSA-N,24764.0,dimethicone,C[Si](C)(C)O[Si](C)(C)C
MVMQESMQSYOVGV-OAHLLOKOSA-N,6604866.0,dimethindene-(S)-(+),C[C@@H](C1=C(CCN(C)C)Cc2ccccc12)c1ccccn1
XNMYNYSCEJBRPZ-UHFFFAOYSA-N,6857.0,dimethisoquin,CCCCc1cc2ccccc2c(OCCN(C)C)n1
LDCRTTXIJACKKU-ONEGZZNKSA-N,637568.0,dimethyl-fumarate,COC(=O)\C=C\C(=O)OC
MEJYDZQQVZJMPP-YWIQKCBGSA-N,59968542.0,dimethyl-isosorbide,CO[C@@H]1CO[C@H]2[C@H](CO[C@@H]12)OC
MVMQESMQSYOVGV-OAHLLOKOSA-N,6604866.0,dimetindene,C[C@@H](C1=C(CCN(C)C)Cc2ccccc12)c1ccccn1
IBXPYPUJPLLOIN-UHFFFAOYSA-N,3090.0,dimetridazole,Cc1ncc(n1C)[N+]([O-])=O
XNYZHCFCZNMTFY-UHFFFAOYSA-N,2354.0,diminazene-aceturate,NC(=N)c1ccc(N\N=N\c2ccc(cc2)C(N)=N)cc1
FHIVAFMUCKRCQO-UHFFFAOYSA-N,3017.0,dimpylate,CCOP(=S)(OCC)Oc1cc(C)nc(n1)C(C)C
PIMQWRZWLQKKBJ-SFHVURJKSA-N,46926350.0,dinaciclib,CCc1cnn2c(NCc3ccc[n+]([O-])c3)cc(nc12)N1CCCC[C@H]1CCO
ZEFNOZRLAWVAQF-UHFFFAOYSA-N,3092.0,dinitolmide,Cc1c(cc(cc1[N+]([O-])=O)[N+]([O-])=O)C(N)=O
PXGPLTODNUVGFL-YNNPMVKQSA-N,5280363.0,dinoprost,CCCCC[C@H](O)\C=C\[C@H]1[C@H](O)C[C@H](O)[C@@H]1C\C=C/CCCC(O)=O
XEYBRNLFEZDVAW-ARSRFYASSA-N,5280360.0,dinoprostone,CCCCC[C@H](O)\C=C\[C@H]1[C@H](O)CC(=O)[C@@H]1C\C=C/CCCC(O)=O
VNONINPVFQTJOC-ZGXDEBHDSA-N,119245.0,dioscin,C[C@H]1[C@H]2[C@H](C[C@H]3[C@@H]4CC=C5C[C@H](CC[C@]5(C)[C@H]4CC[C@]23C)O[C@@H]2O[C@H](CO)[C@@H](O[C@@H]3O[C@@H](C)[C@H](O)[C@@H](O)[C@H]3O)[C@H](O)[C@H]2O[C@@H]2O[C@@H](C)[C@H](O)[C@@H](O)[C@H]2O)O[C@]11CC[C@@H](C)CO1
WQLVFSAGQJTQCK-VKROHFNGSA-N,99474.0,diosgenin,C[C@H]1[C@H]2[C@H](C[C@H]3[C@@H]4CC=C5C[C@@H](O)CC[C@]5(C)[C@H]4CC[C@]23C)O[C@]11CC[C@@H](C)CO1
MBNGWHIJMBWFHU-UHFFFAOYSA-N,5281612.0,diosmetin,COc1ccc(cc1O)-c1cc(=O)c2c(O)cc(O)cc2o1
GZSOSUNBTXMUFQ-YFAPSIMESA-N,5281613.0,diosmin,COc1ccc(cc1O)-c1cc(=O)c2c(O)cc(O[C@@H]3O[C@H](CO[C@@H]4O[C@@H](C)[C@H](O)[C@@H](O)[C@H]4O)[C@@H](O)[C@H](O)[C@H]3O)cc2o1
MEZZCSHVIGVWFI-UHFFFAOYSA-N,8569.0,dioxybenzone,COc1ccc(C(=O)c2ccccc2O)c(O)c1
HJCMDXDYPOUFDY-WHFBIAKZSA-N,7014883.0,dipeptamin,C[C@H](N)C(=O)N[C@@H](CCC(N)=O)C(O)=O
YUGZHQHSNYIFLG-HXUWFJFHSA-N,40479653.0,diperodon,O=C(Nc1ccccc1)OC[C@@H](CN1CCCCC1)OC(=O)Nc1ccccc1
LCTZPQRFOZKZNK-UHFFFAOYSA-N,6127.0,diphemanil,C[N+]1(C)CCC(CC1)=C(c1ccccc1)c1ccccc1
HCIBTBXNLVOFER-UHFFFAOYSA-N,65057.0,diphencyprone,O=c1c(c1-c1ccccc1)-c1ccccc1
ZZVUWRFHKOJYTH-UHFFFAOYSA-N,3100.0,diphenhydramine,CN(C)CCOC(c1ccccc1)c1ccccc1
OGAKLTJNUQRZJU-UHFFFAOYSA-N,3055.0,diphenidol,OC(CCCN1CCCCC1)(c1ccccc1)c1ccccc1
ZSZPLBNCHKXQRY-UHFFFAOYSA-N,,diphenyleneiodonium,[I]1c2ccccc2-c2ccccc12
OWRCNXZUPFZXOS-UHFFFAOYSA-N,7594.0,diphenylguanidine,N=C(Nc1ccccc1)Nc1ccccc1
OWQUZNMMYNAXSL-UHFFFAOYSA-N,3103.0,diphenylpyraline,CN1CCC(CC1)OC(c1ccccc1)c1ccccc1
OCUJLLGVOUDECM-CYBMUJFWSA-N,969492.0,dipivefrine,CNC[C@@H](O)c1ccc(OC(=O)C(C)(C)C)c(OC(=O)C(C)(C)C)c1
LZXMUJCJAWVHPZ-UHFFFAOYSA-N,44557636.0,dipraglurant,Fc1ccc2nc(CCC#Cc3ccccn3)cn2c1
ZRVAAGAZUWXRIP-UHFFFAOYSA-N,26903.0,DIPT,CC(C)N(CCc1c[nH]c2ccccc12)C(C)C
IZEKFCXSFNUWAM-UHFFFAOYSA-N,3108.0,dipyridamole,OCCN(CCO)c1nc(N2CCCCC2)c2nc(nc(N3CCCCC3)c2n1)N(CCO)CCO
NYIZXMGNIUSNKL-UHFFFAOYSA-N,68093.0,dipyrocetyl,CC(=O)Oc1cccc(C(O)=O)c1OC(C)=O
NMLMACJWHPHKGR-NCOIDOBVSA-N,148197.0,diquafosol,O[C@@H]1[C@@H](COP(O)(=O)OP(O)(=O)OP(O)(=O)OP(O)(=O)OC[C@H]2O[C@H]([C@H](O)[C@@H]2O)n2ccc(=O)[nH]c2=O)O[C@H]([C@@H]1O)n1ccc(=O)[nH]c1=O
WLOHNSSYAXHWNR-FDEBZETHSA-N,132274085.0,dirithromycin,CC[C@H]1OC(=O)[C@H](C)[C@@H](O[C@H]2C[C@@](C)(OC)[C@@H](O)[C@H](C)O2)[C@H](C)[C@@H](O[C@@H]2O[C@H](C)C[C@@H]([C@H]2O)N(C)C)[C@](C)(O)C[C@@H](C)[C@@H]2N[C@@H](COCCOC)O[C@H]([C@H]2C)[C@]1(C)O
YIMYDTCOUQIDMT-SNAWJCMRSA-N,73330464.0,diroximel-fumarate,COC(=O)\C=C\C(=O)OCCN1C(=O)CCC1=O
CXMXRPHRNRROMY-UHFFFAOYSA-N,5192.0,disodium-sebacate,OC(=O)CCCCCCCCC(O)=O
UVTNFZQICZKOEM-UHFFFAOYSA-N,3114.0,disopyramide,CC(C)N(CCC(C(N)=O)(c1ccccc1)c1ccccn1)C(C)C
AUZONCFQVSMFAP-UHFFFAOYSA-N,3117.0,disulfiram,CCN(CC)C(=S)SSC(=S)N(CC)CC
YUTJCNNFTOIOGT-UHFFFAOYSA-N,10187.0,dithranol,Oc1cccc2cc3cccc(O)c3c(O)c12
LMBWSYZSUOEYSN-UHFFFAOYSA-N,8987.0,ditiocarb-sodium-trihydrate,CCN(CC)C(S)=S
OPNUROKCUBTKLF-UHFFFAOYSA-N,7333.0,ditolylguanidine,Cc1ccccc1NC(=N)Nc1ccccc1C
FVIGODVHAVLZOO-UHFFFAOYSA-N,10404.0,dixanthogen,CCOC(=S)SSC(=S)OCC
MSYUMPGNGDNTIQ-HXUWFJFHSA-N,9932302.0,dixyrazine,C[C@H](CN1CCN(CCOCCO)CC1)CN1c2ccccc2Sc2ccccc12
LBOJYSIDWZQNJS-JKSUJKDBSA-N,6337640.0,dizocilpine-(-),C[C@@]12N[C@@H](Cc3ccccc13)c1ccccc21
LBOJYSIDWZQNJS-CVEARBPZSA-N,180081.0,dizocilpine-(+),C[C@]12N[C@H](Cc3ccccc13)c1ccccc21
KHUUTHZSRXABAC-DTQAZKPQSA-N,9926048.0,DMAB-anabaseine,CN(C)c1ccc(\C=C2/CCCN=C2c2cccnc2)cc1
FBNPHFBYHYNMHC-JYFOCSDGSA-N,6891506.0,DMeOB,COc1cccc(\C=N\N=C\c2cccc(OC)c2)c1
JMIFGARJSWXZSH-UHFFFAOYSA-N,50997747.0,DMH1,CC(C)Oc1ccc(cc1)-c1cnc2c(cnn2c1)-c1ccnc2ccccc12
SKZQZGSPYYHTQG-UHFFFAOYSA-N,5329447.0,DMH4,C(CN1CCOCC1)Oc1ccc(cc1)-c1cnc2c(cnn2c1)-c1ccccc1
YWSPWKXREVSQCA-UHFFFAOYSA-N,88505.0,DMNB,COc1cc(C=O)c(cc1OC)[N+]([O-])=O
MUJBUUDUXGDXLW-UHFFFAOYSA-N,9887884.0,DMP-543,Fc1cc(CC2(Cc3ccnc(F)c3)c3ccccc3C(=O)c3ccccc23)ccn1
ZSDCIRYNTCVTMF-GIGWZHCTSA-N,177992.0,DMP-777,CCC[C@@H](NC(=O)N1[C@@H](Oc2ccc(cc2)C(=O)N2CCN(C)CC2)C(CC)(CC)C1=O)c1ccc2OCOc2c1
JLVSRWOIZZXQAD-VKHMYHEASA-N,1549058.0,DMPS,OS(=O)(=O)C[C@@H](S)CS
CETRZFQIITUQQL-UHFFFAOYSA-N,21584481.0,DMSO,CS(C)=O.CS(C)=O
RWVIMCIPOAXUDG-UHFFFAOYSA-N,3899541.0,DNQX,[O-][N+](=O)c1cc2[nH]c(=O)c(=O)[nH]c2cc1[N+]([O-])=O
JRWZLRBJNMZMFE-UHFFFAOYSA-N,65324.0,dobutamine,CC(CCc1ccc(O)cc1)NCCc1ccc(O)c(O)c1
WDEABJKSGGRCQA-UHFFFAOYSA-N,1967.0,docebenone,CC1=C(C)C(=O)C(CCCCC#CCCCC#CCO)=C(C)C1=O
ZDZOTLJHXYCWBA-VCVYQWHSSA-N,148124.0,docetaxel,CC(=O)O[C@@]12CO[C@@H]1C[C@H](O)[C@]1(C)[C@@H]2[C@H](OC(=O)c2ccccc2)[C@]2(O)C[C@H](OC(=O)[C@H](O)[C@@H](NC(=O)OC(C)(C)C)c3ccccc3)C(C)=C([C@@H](O)C1=O)C2(C)C
MBMBGCFOFBJSGT-KUBAVDMBSA-N,445580.0,doconexent,CC\C=C/C\C=C/C\C=C/C\C=C/C\C=C/C\C=C/CCC(O)=O
ITNKVODZACVXDS-YNUSHXQLSA-N,9831416.0,doconexent-ethyl-ester,CCOC(=O)CC\C=C/C\C=C/C\C=C/C\C=C/C\C=C/C\C=C/CC
NOPFSRXAKWQILS-UHFFFAOYSA-N,12620.0,docosanol,CCCCCCCCCCCCCCCCCCCCCCO
HNSDLXPSAYFUHK-SQNIBIBYSA-N,40473171.0,docusate,CCCC[C@@H](CC)COC(=O)C[C@@H](C(=O)OC[C@@H](CC)CCCC)S(O)(=O)=O
MOTZDAYCYVMXPC-UHFFFAOYSA-N,8778.0,dodecyl-sulfate,CCCCCCCCCCCCOS(O)(=O)=O
KLWUUPVJTLHYIM-UHFFFAOYSA-N,9960287.0,dofequidar,OC(COc1cccc2ncccc12)CN1CCN(CC1)C(=O)C(c1ccccc1)c1ccccc1
IXTMWRCNAAVVAI-UHFFFAOYSA-N,71329.0,dofetilide,CN(CCOc1ccc(NS(C)(=O)=O)cc1)CCc1ccc(NS(C)(=O)=O)cc1
UKTAZPQNNNJVKR-YXSUXZIUSA-N,,dolasetron,O=C(O[C@H]1C[C@H]2C[C@H]3C[C@@H](C1)N2CC3=O)c1c[nH]c2ccccc12
OFDNQWIFNXBECV-VFSYNPLYSA-N,9810929.0,dolastatin-10,CC[C@H](C)[C@@H]([C@@H](CC(=O)N1CCC[C@H]1[C@H](OC)[C@@H](C)C(=O)N[C@@H](Cc1ccccc1)c1nccs1)OC)N(C)C(=O)[C@@H](NC(=O)[C@H](C(C)C)N(C)C)C(C)C
RHWKPHLQXYSBKR-BMIGLBTASA-N,54726191.0,dolutegravir,C[C@@H]1CCO[C@H]2Cn3cc(C(=O)NCc4ccc(F)cc4F)c(=O)c(O)c3C(=O)N12
YXUPZGKORWTXID-UHFFFAOYSA-N,3149.0,domiphen,CCCCCCCCCCCC[N+](C)(C)CCOc1ccccc1
FGXWKSZFVQUSTL-UHFFFAOYSA-N,3151.0,domperidone,Clc1ccc2n(C3CCN(CCCn4c5ccccc5[nH]c4=O)CC3)c(=O)[nH]c2c1
ADEBPBSSDYVVLD-HXUWFJFHSA-N,1150567.0,donepezil,COc1cc2C[C@@H](CC3CCN(Cc4ccccc4)CC3)C(=O)c2cc1OC
SOHCKWZVTCTQBG-UHFFFAOYSA-N,197706.0,donitriptan,NCCc1c[nH]c2ccc(OCC(=O)N3CCN(CC3)c3ccc(cc3)C#N)cc12
VYFYYTLLBUKUHU-UHFFFAOYSA-N,681.0,dopamine,NCCc1ccc(O)c(O)c1
MVCOAUNKQVWQHZ-UHFFFAOYSA-N,156422.0,doramapimod,Cc1ccc(cc1)-n1nc(cc1NC(=O)Nc1ccc(OCCN2CCOCC2)c2ccccc12)C(C)(C)C
QLFZZSKTJWDQOS-YDBLARSUSA-N,9832750.0,doramectin,[H][C@@]12OC\C3=C/C=C/[C@H](C)[C@H](O[C@@]4([H])C[C@H](OC)[C@@H](O[C@@]5([H])C[C@H](OC)[C@@H](O)[C@H](C)O5)[C@H](C)O4)\C(C)=C\C[C@]4([H])C[C@@]([H])(C[C@@]5(O[C@H](C6CCCCC6)[C@@H](C)C=C5)O4)OC(=O)[C@]([H])(C=C(C)[C@H]1O)[C@@]23O
ZIAOVIPSKUPPQW-UHFFFAOYSA-N,58460047.0,doravirine,Cn1c(Cn2ccc(c(Oc3cc(Cl)cc(c3)C#N)c2=O)C(F)(F)F)n[nH]c1=O
AVAACINZEOAHHE-VFZPANTDSA-N,73303.0,doripenem,C[C@@H](O)[C@@H]1[C@H]2[C@@H](C)C(S[C@@H]3CN[C@H](CNS(N)(=O)=O)C3)=C(N2C1=O)C(O)=O
XHBVYDAKJHETMP-UHFFFAOYSA-N,11524144.0,dorsomorphin,C(CN1CCCCC1)Oc1ccc(cc1)-c1cnc2c(cnn2c1)-c1ccncc1
IAVUPMFITXYVAF-XPUUQOCRSA-N,5284549.0,dorzolamide,CCN[C@H]1C[C@H](C)S(=O)(=O)c2sc(cc12)S(N)(=O)=O
PHTUQLWOUWZIMZ-GZTJUZNOSA-N,5284550.0,dosulepin,CN(C)CC\C=C1/c2ccccc2CSc2ccccc12
RCXMQNIDOFXYDO-UHFFFAOYSA-N,124761.0,DOTMP,OP(O)(=O)CN1CCN(CP(O)(O)=O)CCN(CP(O)(O)=O)CCN(CP(O)(O)=O)CC1
PIQCTGMSNWUMAF-UHFFFAOYSA-N,135398510.0,dovitinib,CN1CCN(CC1)c1ccc2nc([nH]c2c1)-c1c(N)c2c(F)cccc2[nH]c1=O
XFDJYSQDBULQSI-JOCHJYFZSA-N,28248394.0,doxapram,CCN1C[C@@H](CCN2CCOCC2)C(C1=O)(c1ccccc1)c1ccccc1
RUZYUOTYCVRMRZ-HXUWFJFHSA-N,6604102.0,doxazosin,COc1cc2nc(nc(N)c2cc1OC)N1CCN(CC1)C(=O)[C@H]1COc2ccccc2O1
ODQWQRRAPPTVAG-BOPFTXTBSA-N,667468.0,doxepin,CN(C)CC\C=C1\c2ccccc2COc2ccccc12
HKXBNHCUPKIYDM-ZKVKAWQFSA-N,46931009.0,doxercalciferol,CC(C)[C@H](C)\C=C\[C@@H](C)[C@H]1CC[C@H]2\C(CCC[C@]12C)=C\C=C1/C[C@@H](O)C[C@H](O)C1=C
ZWAOHEXOSAUJHY-ZIYNGMLESA-N,18343.0,doxifluridine,C[C@H]1O[C@H]([C@H](O)[C@@H]1O)n1cc(F)c(=O)[nH]c1=O
HWXIGFIVGWUZAO-UHFFFAOYSA-N,50942.0,doxofylline,Cn1c2ncn(CC3OCCO3)c2c(=O)n(C)c1=O
JBIWCJUYHHGXTC-AKNGSSGZSA-N,,doxycycline,C[C@@H]1[C@H]2[C@H](O)[C@H]3[C@H](N(C)C)C(O)=C(C(N)=O)C(=O)[C@@]3(O)C(O)=C2C(=O)c2c(O)cccc12
HCFDWZZGGLSKEP-UHFFFAOYSA-N,43833352.0,doxylamine,CN(C)CCOC(C)(c1ccccc1)c1ccccn1
GNLZNQJBZNOUBM-UHFFFAOYSA-N,57380301.0,DpC,CN(C1CCCCC1)C(=S)NN=C(c1ccccn1)c1ccccn1
PNIFFZXGBAYVMQ-RKKDRKJOSA-N,456215.0,DPC-681,CC(C)CN(C[C@@H](O)[C@H](Cc1ccccc1)NC(=O)[C@@H](NC(=O)CNCc1cccc(F)c1)C(C)(C)C)S(=O)(=O)c1cccc(N)c1
FFBDFADSZUINTG-UHFFFAOYSA-N,1329.0,DPCPX,CCCn1c2nc([nH]c2c(=O)n(CCC)c1=O)C1CCCC1
BYBYHCOEAFHGJL-RUZDIDTESA-N,10389826.0,DPI-201106,O[C@@H](COc1cccc2[nH]c(cc12)C#N)CN1CCN(CC1)C(c1ccccc1)c1ccccc1
BPCNGVCAHAIZEE-COPCDDAFSA-N,21678144.0,DPO-1,CC(C)[C@@H]1CC[C@@H](C)C[C@@H]1P(=O)(c1ccccc1)c1ccccc1
NFIXBCVWIPOYCD-UHFFFAOYSA-N,108092.0,DPPE,CCN(CC)CCOc1ccc(Cc2ccccc2)cc1
MVYNQMRZRULRIE-DEOSSOPVSA-N,136902743.0,DQP-1105,Cc1ccc2[nH]c(=O)c(C3=NN([C@@H](C3)c3ccc(Br)cc3)C(=O)CCC(O)=O)c(-c3ccccc3)c2c1
HRYKZAKEAVZGJD-UHFFFAOYSA-N,135522417.0,DR-2313,Cc1nc(=O)c2CSCCc2[nH]1
SBTRHJHOLCAPFT-AREMUKBSSA-N,92211523.0,DR-4485,Clc1ccc(cc1)C1=CCN(CCCC[C@@]23CCCc4c2c(NC3=O)ccc4Cl)CC1
LWANFAFTTOKZAX-QGZVFWFLSA-N,25168304.0,DRF053-(R),CC[C@H](CO)Nc1nc(Nc2cccc(c2)-c2ccccn2)c2ncn(C(C)C)c2n1
AGJBLWCLQCKRJP-LJQANCHMSA-N,38988270.0,drofenine,CCN(CC)CCOC(=O)[C@@H](C1CCCCC1)c1ccccc1
ZQZFYGIXNQKOAV-OCEACIFDSA-N,3033767.0,droloxifene,CC\C(=C(\c1ccc(OCCN(C)C)cc1)c1cccc(O)c1)c1ccccc1
NOTIQUSPUUHHEH-QOMQUSCHSA-N,,dromostanolone-propionate,CCC(=O)O[C@H]1CC[C@H]2[C@H]3CC[C@H]4CC(=O)[C@@H](C)C[C@@]4(C)[C@@H]3CC[C@@]12C
ZQTNQVWKHCQYLQ-UHFFFAOYSA-N,208898.0,dronedarone,CCCCN(CCCC)CCCOc1ccc(cc1)C(=O)c1c(CCCC)oc2ccc(NS(C)(=O)=O)cc12
RMEDXOLNCUSCGS-UHFFFAOYSA-N,3168.0,droperidol,Fc1ccc(cc1)C(=O)CCCN1CCC(=CC1)n1c2ccccc2[nH]c1=O
PTVWPYVOOKLBCG-ZDUSSCGKSA-N,65859.0,dropropizine,OC[C@@H](O)CN1CCN(CC1)c1ccccc1
METQSPRSQINEEU-HXCATZOESA-N,68873.0,drospirenone,C[C@]12CC[C@H]3[C@@H]([C@H]4C[C@H]4C4=CC(=O)CC[C@]34C)[C@@H]1[C@@H]1C[C@@H]1[C@@]21CCC(=O)O1
NCVXEYAKRVJMTQ-UHFFFAOYSA-N,13492.0,drotaverine,CCOc1ccc(CC2=NCCc3cc(OCC)c(OCC)cc23)cc1OCC
OEHFRZLKGRKFAS-UHFFFAOYSA-N,65679.0,droxicam,CN1c2c(oc(=O)n(-c3ccccn3)c2=O)-c2ccccc2S1(=O)=O
QXWYKJLNLSIPIN-JGVFFNPUSA-N,92974.0,droxidopa,N[C@@H]([C@H](O)c1ccc(O)c(O)c1)C(O)=O
JHSXDAWGLCZYSM-UHFFFAOYSA-N,568416.0,droxinostat,Cc1cc(Cl)ccc1OCCCC(=O)NO
AZKMWHRDICVYEI-UHFFFAOYSA-N,979718.0,DS2-(806622),Clc1ccc(cc1)C(=O)Nc1c(nc2ccccn12)-c1cccs1
OIZSVTOIBNSVOS-UHFFFAOYSA-N,51347395.0,DSM265,Cc1cc(Nc2ccc(cc2)S(F)(F)(F)(F)F)n2nc(nc2n1)C(C)(F)F
NRJAVPSFFCBXDT-WBCKFURZSA-O,5313335.0,DSPC,CCCCCCCCCCCCCCCCCC(=O)OC[C@@H](COP(O)(=O)OCC[N+](C)(C)C)OC(=O)CCCCCCCCCCCCCCCCC
SSZHESNDOMBSRV-UHFFFAOYSA-N,25071151.0,DSR-6434,CCCCNc1nc(N)c2[nH]c(=O)n(Cc3ccc(OCCN(C)C)nc3)c2n1
NNRFRJQMBSBXGO-CIUDSAMLSA-N,107775.0,DU-728,N[C@@H](CCCNC(N)=N)C(=O)NCC(=O)N[C@@H](CC(O)=O)C(=O)N[C@@H](CO)C(O)=O
ZEUITGRIYCTCEM-KRWDZBQOSA-N,60835.0,duloxetine,CNCC[C@H](Oc1cccc2ccccc12)c1cccs1
AJFTZWGGHJXZOB-UHFFFAOYSA-N,3177.0,DUP-697,CS(=O)(=O)c1ccc(cc1)-c1cc(Br)sc1-c1ccc(F)cc1
JWJOTENAMICLJG-QWBYCMEYSA-N,6918296.0,dutasteride,C[C@]12CC[C@H]3[C@@H](CC[C@H]4NC(=O)C=C[C@]34C)[C@@H]1CC[C@@H]2C(=O)Nc1cc(ccc1C(F)(F)F)C(F)(F)F
SJVQHLPISAIATJ-ZDUSSCGKSA-N,50905713.0,duvelisib,C[C@H](Nc1ncnc2nc[nH]c12)c1cc2cccc(Cl)c2c(=O)n1-c1ccccc1
PJNSMUBMSNAEEN-AWEZNQCLSA-N,180496.0,DVD-111,CCOC(=O)CNC(=O)[C@@H]1CCCN1C(=O)Cc1ccccc1
CUEPJIGXQLIOIK-UHFFFAOYSA-N,24764491.0,DWK-1339,COCCCc1ccc2oc(cc2c1)-c1ccc(OC)c(OC)c1
WLKOCYWYAWBGKY-CPNJWEJPSA-N,5497124.0,DY131,CCN(CC)c1ccc(\C=N\NC(=O)c2ccc(O)cc2)cc1
BZEWSEKUUPWQDQ-UHFFFAOYSA-N,3180.0,dyclonine,CCCCOc1ccc(cc1)C(=O)CCN1CCCCC1
JGMOKGBVKVMRFX-HQZYFCCVSA-N,9051.0,dydrogesterone,CC(=O)[C@H]1CC[C@H]2[C@@H]3C=CC4=CC(=O)CC[C@@]4(C)[C@@H]3CC[C@]12C
SYNDQCRDGGCQRZ-VXLYETTFSA-N,135533054.0,dynasore,Oc1ccc(\C=N\NC(=O)c2cc3ccccc3cc2O)cc1O
MYIMRONQBLZJFI-DYTRJAOYSA-N,44157463.0,dynole-34-2,CCCCCCCCNC(=O)C(=C\c1cn(CCCN(C)C)c2ccccc12)\C#N
KSCFJBIXMNOVSH-ZCFIWIBFSA-N,688353.0,dyphylline,Cn1c2ncn(C[C@@H](O)CO)c2c(=O)n(C)c1=O
WPFPDSUMDURRRW-UHFFFAOYSA-N,129687.0,E-2001,Fc1ccc(cc1)C(=O)C1CCN(CC(=O)c2ccc3ccccc3c2)CC1
PUOAETJYKQITMO-LANLRWRYSA-N,11560787.0,E-2012,COc1cc(\C=C2/CCCN([C@@H](C)c3ccc(F)cc3)C2=O)ccc1-n1cnc(C)c1
SRUISGSHWFJION-UHFFFAOYSA-N,3185.0,E-4031,Cc1cccc(CCN2CCC(CC2)C(=O)c2ccc(NS(C)(=O)=O)cc2)n1
LTLYEAJONXGNFG-DCAQKATOSA-N,123985.0,E-64,CC(C)C[C@H](NC(=O)[C@H]1O[C@@H]1C(O)=O)C(=O)NCCCCNC(N)=N
AALSSIXXBDPENJ-FYWRMAATSA-N,6439397.0,E3330,CCCCCCCCC\C(=C/C1=C(C)C(=O)C(OC)=C(OC)C1=O)C(O)=O
MKLKAQMPKHNQPR-NSHDSACASA-N,56944705.0,E7046,C[C@H](NC(=O)c1c(nn(C)c1Oc1cccc(c1)C(F)(F)F)C(F)F)c1ccc(cc1)C(O)=O
JLFSBHQQXIAQEC-UHFFFAOYSA-N,135565981.0,E7449,O=c1[nH][nH]c2nc(CN3Cc4ccccc4C3)nc3cccc1c23
LWGUASZLXHYWIV-UHFFFAOYSA-N,196970.0,E7820,Cc1ccc(NS(=O)(=O)c2cccc(c2)C#N)c2[nH]cc(C#N)c12
ZUXNHFFVQWADJL-UHFFFAOYSA-N,3173542.0,eact,COCCN(C(=O)c1cc(OC)c(OC)c(OC)c1)c1nc(cs1)-c1ccccc1
DDFLFKTXUWPNMV-LFALDJFMSA-N,53229989.0,EB-47,Nc1ncnc2n(cnc12)[C@H]1O[C@H]([C@H](O)[C@@H]1O)C(=O)N1CCN(CC(=O)Nc2cccc3C(=O)NCc23)CC1
MJJALKDDGIKVBE-UHFFFAOYSA-N,3191.0,ebastine,CC(C)(C)c1ccc(cc1)C(=O)CCCN1CCC(CC1)OC(c1ccccc1)c1ccccc1
FQMSSTZJKSWSMP-LLVKDONJSA-N,6919079.0,EBPC,CCOC(=O)[C@@H]1CN(Cc2ccccc2)C(=O)C1=O
ZQHFZHPUZXNPMF-UHFFFAOYSA-N,65869.0,ebrotidine,NC(=N)Nc1nc(CSCCN\C=N\S(=O)(=O)c2ccc(Br)cc2)cs1
DYEFUKCXAQOFHX-UHFFFAOYSA-N,3194.0,ebselen,O=c1n([se]c2ccccc12)-c1ccccc1
VOASEWXFCTZRDF-UHFFFAOYSA-N,11517212.0,EC-144,COc1c(C)cnc(Cn2cc(C#CCC(C)(C)O)c3c(Cl)nc(N)nc23)c1C
OQVLOWLEEHYBJH-UHFFFAOYSA-N,10314719.0,EC-23,CC1(C)CCC(C)(C)c2cc(ccc12)C#Cc1ccc(cc1)C(O)=O
JTAGHJPZEDNHHA-UHFFFAOYSA-N,65885.0,ecabapide,CNC(=O)c1cccc(NCC(=O)NCCc2ccc(OC)c(OC)c2)c1
IWCWQNVIUXZOMJ-MISYRCLQSA-N,65781.0,ecabet,CC(C)c1cc2CC[C@H]3[C@@](C)(CCC[C@]3(C)c2cc1S(O)(=O)=O)C(O)=O
HEAHZSUCFKFERC-MPPVQRIUSA-N,131634633.0,ecamsule-triethanolamine,CC1(C)[C@H]2CC[C@]1(CS(O)(=O)=O)C(=O)C2=Cc1ccc(C=C2[C@@H]3CC[C@](CS(O)(=O)=O)(C2=O)C3(C)C)cc1
AUJXLBOHYWTPFV-DYWXRLDNSA-N,,echinomycin,[H][C@]1(COC(=O)[C@]([H])(C(C)C)N(C)C(=O)[C@]2([H])N(C)C(=O)[C@H](C)NC(=O)[C@@]([H])(COC(=O)[C@]([H])(C(C)C)N(C)C(=O)[C@]([H])(CS[C@]2([H])SC)N(C)C(=O)[C@H](C)NC1=O)NC(=O)c1cnc2ccccc2n1)NC(=O)c1cnc2ccccc2n1
LEZWWPYKPKIXLL-SFHVURJKSA-N,6604378.0,econazole,Clc1ccc(CO[C@@H](Cn2ccnc2)c2ccc(Cl)cc2Cl)cc1
WQXNXVUDBPYKBA-YFKPBYRVSA-N,6993223.0,ectoine,CC1=NCC[C@H](N1)C(O)=O
HAAXAFNSRADSMK-FQEVSTJZSA-N,76961439.0,edaglitazone,Cc1oc(nc1CCOc1ccc(C[C@@H]2SC(=O)NC2=O)c2sccc12)-c1ccccc1
KZQYIMCESJLPQH-UHFFFAOYSA-N,70335.0,edaravone,Cc1cc(=O)n([nH]1)-c1ccccc1
JQLBBYLGWHUHRW-KUBAVDMBSA-N,44626120.0,edasalonexent,CC\C=C/C\C=C/C\C=C/C\C=C/C\C=C/C\C=C/CCC(=O)NCCNC(=O)c1ccccc1O
MHFRGQHAERHWKZ-HHHXNRCGSA-O,6610230.0,edelfosine,CCCCCCCCCCCCCCCCCCOC[C@H](COP(O)(=O)OCC[N+](C)(C)C)OC
NSOXQYCFHDMMGV-AAVRWANBSA-N,7014872.0,editol,C[C@@H](O)CN(CCN(C[C@@H](C)O)C[C@@H](C)O)C[C@@H](C)O
GISXTRIGVCKQBX-UHFFFAOYSA-N,46836227.0,EDO-S101,Cn1c(CCCCCCC(=O)NO)nc2cc(ccc12)N(CCCl)CCCl
HQNACSFBDBYLJP-UHFFFAOYSA-N,9901946.0,edonerpic-maleate,OC1CN(CCCOCCc2ccc3sccc3c2)C1
HGVDHZBSSITLCT-JLJPHGGASA-N,10280735.0,edoxaban,CN(C)C(=O)[C@H]1CC[C@H](NC(=O)C(=O)Nc2ccc(Cl)cn2)[C@@H](C1)NC(=O)c1nc2CCN(C)Cc2s1
XACKNLSZYYIACO-DJLDLDEBSA-N,66377.0,edoxudine,CCc1cn([C@H]2C[C@H](O)[C@@H](CO)O2)c(=O)[nH]c1=O
VWLHWLSRQJQWRG-UHFFFAOYSA-O,3202.0,edrophonium,CC[N+](C)(C)c1cccc(O)c1
NFDRPXJGHKJRLJ-UHFFFAOYSA-N,15025.0,EDTMP,OP(O)(=O)CN(CCN(CP(O)(O)=O)CP(O)(O)=O)CP(O)(O)=O
DYIRSNMPIZZNBK-UHFFFAOYSA-N,123132228.0,EED226,CS(=O)(=O)c1ccc(cc1)-c1cnc(NCc2ccco2)n2cnnc12
JGGDSDPOPRWSCX-UHFFFAOYSA-N,389053.0,EF5,[O-][N+](=O)c1nccn1CC(=O)NCC(F)(F)C(F)(F)F
BNFRJXLZYUTIII-UHFFFAOYSA-N,122335.0,efaproxiral,Cc1cc(C)cc(NC(=O)Cc2ccc(OC(C)(C)C(O)=O)cc2)c1
RATZLMXRALDSJW-UHFFFAOYSA-N,11957548.0,efaroxan,CCC1(Cc2ccccc2O1)C1=NCCN1
JCYNMRJCUYVDBC-HSZRJFAPSA-N,76962475.0,efatutazone,Cc1cc(Oc2ccc3nc(COc4ccc(C[C@H]5SC(=O)NC5=O)cc4)n(C)c3c2)cc(C)c1N
XPOQHMRABVBWPR-ZDUSSCGKSA-N,64139.0,efavirenz,FC(F)(F)[C@]1(OC(=O)Nc2ccc(Cl)cc12)C#CC1CC1
NFEZZTICAUWDHU-KDOFPFPSSA-N,9819704.0,efinaconazole,C[C@@H](N1CCC(=C)CC1)[C@@](O)(Cn1cncn1)c1ccc(F)cc1F
BAWMMJAUVBLLEE-UHFFFAOYSA-N,66003.0,efletirizine,OC(=O)COCCN1CCN(CC1)C(c1ccc(F)cc1)c1ccc(F)cc1
VLCYCQAOQCDTCN-UHFFFAOYSA-N,3009.0,eflornithine,NCCCC(N)(C(F)F)C(O)=O
ZVXBAHLOGZCFTP-UHFFFAOYSA-N,8395.0,efloxate,CCOC(=O)COc1ccc2c(c1)oc(cc2=O)-c1ccccc1
NSVFSAJIGAJDMR-HKBQPEDESA-N,11764616.0,efonidipine,CC1=C([C@@H](C(=C(C)N1)P1(=O)OCC(C)(C)CO1)c1cccc(c1)[N+]([O-])=O)C(=O)OCCN(Cc1ccccc1)c1ccccc1
ZWWMEDURALZMEV-NSHDSACASA-N,44631827.0,EG00229,NC(=N)NCCC[C@H](NC(=O)c1sccc1NS(=O)(=O)c1cccc2nsnc12)C(O)=O
IOMMMLWIABWRKL-WUTDNEBXSA-N,72703790.0,EGF816,CN(C)C\C=C\C(=O)N1CCCC[C@H](C1)n1c(NC(=O)c2ccnc(C)c2)nc2cccc(Cl)c12
VTAARTQTOOYTES-RGDLXGNYSA-N,213056.0,eglumetad,N[C@]1(CC[C@H]2[C@@H]([C@@H]12)C(O)=O)C(O)=O
AFTZZRFCMOAFCR-UHFFFAOYSA-N,51031035.0,EHop-016,CCn1c2ccccc2c2cc(Nc3ccnc(NCCCN4CCOCC4)n3)ccc12
PFHDWRIVDDIFRP-UHFFFAOYSA-N,72199293.0,EI1,CCC(CC)n1ccc2c(cc(cc12)C#N)C(=O)NCc1c(C)cc(C)[nH]c1=O
QDERNBXNXJCIQK-UHFFFAOYSA-N,1795.0,EIPA,CCN(C(C)C)c1nc(N)c(nc1Cl)C(=O)N=C(N)N
VFIZBHJTOHUOEK-UHFFFAOYSA-N,5139.0,EIT-hydrobromide,CCSC(N)=N
SIFNOOUKXBRGGB-AREMUKBSSA-N,23642301.0,elacestrant,CCNCCc1ccc(CN(CC)c2cc(OC)ccc2[C@@H]2CCc3cc(O)ccc3C2)cc1
OSFCMRGOZNQUSW-UHFFFAOYSA-N,119373.0,elacridar,COc1cc2CCN(CCc3ccc(NC(=O)c4cccc5c4[nH]c4c(OC)cccc4c5=O)cc3)Cc2cc1OC
WVLHGCRWEHCIOT-UHFFFAOYSA-N,65853.0,eltoprazine,C1CN(CCN1)c1cccc2OCCOc12
FLFGNMFWNBOBGE-FNNZEKJRSA-N,6438895.0,elacytarabine,CCCCCCCC\C=C\CCCCCCCC(=O)OC[C@H]1O[C@H]([C@@H](O)[C@@H]1O)n1ccc(N)nc1=O
AFLFKFHDSCQHOL-IZZDOVSWSA-N,9864881.0,elafibranor,CSc1ccc(cc1)C(=O)\C=C\c1cc(C)c(OC(C)(C)C(O)=O)c(C)c1
HEAUOKZIVMZVQL-VWLOTQADSA-N,11250647.0,elagolix,COc1cccc(c1F)-c1c(C)n(Cc2c(F)cccc2C(F)(F)F)c(=O)n(C[C@H](NCCCC(O)=O)c2ccccc2)c1=O
BVAZQCUMNICBAQ-PZHYSIFUSA-N,71661251.0,elbasvir,COC(=O)N[C@@H](C(C)C)C(=O)N1CCC[C@H]1c1nc(c[nH]1)-c1ccc2-c3cc4cc(ccc4n3[C@@H](Oc2c1)c1ccccc1)-c1c[nH]c(n1)[C@@H]1CCCN1C(=O)[C@@H](NC(=O)OC)C(C)C
FZEXGDDBXLBRTD-AYIMTCTASA-N,6918141.0,eldecalcitol,[H][C@@]12CC[C@H]([C@H](C)CCCC(C)(C)O)[C@@]1(C)CCC\C2=C/C=C1/C[C@@H](O)[C@@H](OCCCO)[C@H](O)C1=C
YNUAEEJQYHYLMS-UHFFFAOYSA-N,71183216.0,eleclazine,FC(F)(F)Oc1ccc(cc1)-c1ccc2OCCN(Cc3ncccn3)C(=O)c2c1
OPFTUNCRGUEPRZ-RBSFLKMASA-N,6431152.0,elemene,CC(=C)[C@@H]1CC[C@@](C)(C=C)[C@H](C1)C(C)=C
BKJIXTWSNXCKJH-UHFFFAOYSA-N,300471.0,elesclomol,CN(NC(=O)CC(=O)NN(C)C(=S)c1ccccc1)C(=S)c1ccccc1
PWVXXGRKLHYWKM-LJQANCHMSA-N,77993.0,eletriptan,CN1CCC[C@@H]1Cc1c[nH]c2ccc(CCS(=O)(=O)c3ccccc3)cc12
FJZZPCZKBUKGGU-AUSIDOKSSA-N,23652731.0,eliglustat,CCCCCCCC(=O)N[C@H](CN1CCCC1)[C@H](O)c1ccc2OCCOc2c1
LGSDFTPAICUONK-UHFFFAOYSA-N,16066663.0,elinogrel,CNc1cc2[nH]c(=O)n(-c3ccc(NC(=O)NS(=O)(=O)c4ccc(Cl)s4)cc3)c(=O)c2cc1F
GGUSQTSTQSHJAH-FQEVSTJZSA-N,9798372.0,eliprodil,O[C@@H](CN1CCC(Cc2ccc(F)cc2)CC1)c1ccc(Cl)cc1
AFSDNFLWKVMVRB-UHFFFAOYSA-N,5281855.0,ellagic-acid,Oc1cc2c3c(oc(=O)c4cc(O)c(O)c(oc2=O)c34)c1O
ARYQHSWJGHCGJS-UHFFFAOYSA-N,11848206.0,ELN-441958,Clc1cccc2CN(C(=O)c12)c1cccc(c1)C(=O)N1CCC2(CC1)CCN(CC2)c1ccncc1
JFBAVWVBLRIWHM-MLPAPPSSSA-N,117763569.0,eltanexor,NC(=O)C(=C/n1cnc(n1)-c1cc(cc(c1)C(F)(F)F)C(F)(F)F)\c1cncnc1
AURFZBICLPNKBZ-YZRLXODZSA-N,31402.0,eltanolone,CC(=O)[C@H]1CC[C@H]2[C@@H]3CC[C@@H]4C[C@H](O)CC[C@]4(C)[C@H]3CC[C@]12C
XDXWLKQMMKQXPV-QYQHSDTDSA-N,,eltrombopag,CC1=NN(C(=O)\C1=N/Nc1cccc(-c2cccc(c2)C(O)=O)c1O)c1ccc(C)c(C)c1
QFNHIDANIVGXPE-FNZWTVRRSA-N,130406582.0,eluxadoline,COc1ccc(CN([C@@H](C)c2nc(c[nH]2)-c2ccccc2)C(=O)[C@@H](N)Cc2c(C)cc(cc2C)C(N)=O)cc1C(O)=O
JUZYLCPPVHEVSV-LJQANCHMSA-N,5277135.0,elvitegravir,COc1cc2n(cc(C(O)=O)c(=O)c2cc1Cc1cccc(Cl)c1F)[C@H](CO)C(C)C
DXIOOXFZLKCVHK-HGIWSLISSA-N,118704765.0,emamectin,[H][C@@]12OC\C3=C/C=C/[C@H](C)[C@]([H])(O[C@H]4C[C@H](OC)[C@@]([H])(O[C@H]5C[C@@H](OC)[C@H](NC)[C@@H](C)O5)[C@H](C)O4)\C(C)=C\C[C@@H]4C[C@@H](C[C@]5(O4)O[C@H](C(C)C)[C@@H](C)C=C5)OC(=O)[C@H](C=C(C)[C@H]1O)[C@@]23O
HQWGBIUMYSOPFP-UHFFFAOYSA-N,,embelin,CCCCCCCCCCCC1C(=O)C(O)=CC(=O)C1=O
AHYMHWXQRWRBKT-UHFFFAOYSA-N,25171648.0,EMD-1214063,CN1CCC(COc2cnc(nc2)-c2cccc(Cn3nc(ccc3=O)-c3cccc(c3)C#N)c2)CC1
BPPGPYJBCVXILI-UHFFFAOYSA-N,10131112.0,EMD-386088,Cc1[nH]c2ccc(Cl)cc2c1C1=CCNCC1
IZLRMTJLQCLMKF-CYBMUJFWSA-N,446286.0,EMD-53998,COc1ccc(cc1OC)C(=O)N1CCCc2cc(ccc12)C1=NNC(=O)S[C@@H]1C
QOEJDHLJOKRPJG-UHFFFAOYSA-O,2132298.0,enisamium-iodide,C[n+]1ccc(cc1)C(=O)NCc1ccccc1
CQVJTTOZTTVVBK-UHFFFAOYSA-N,9892554.0,EMD-66684,CCCCc1nc2ccn(CC(=O)N(C)C)c(=O)c2n1Cc1ccc(cc1)-c1ccccc1-c1nn[nH]n1
MARIUIDCPUZLKZ-FUKQBSRTSA-N,23634407.0,EMD534085,[H][C@@]12CC[C@H](CNC(=O)NCCN(C)C)O[C@]1([H])c1cc(ccc1N[C@H]2c1ccccc1)C(F)(F)F
KBUZBQVCBVDWKX-UHFFFAOYSA-N,3219.0,emedastine,CCOCCn1c(nc2ccccc12)N1CCCN(C)CC1
JUTBAVRYDAKVGQ-UHFFFAOYSA-N,21133161.0,emeramide,SCCNC(=O)c1cccc(c1)C(=O)NCCS
AUVVAXYIELKVAI-CKBKHPSWSA-N,10219.0,emetine,CC[C@H]1CN2CCc3cc(OC)c(OC)cc3[C@@H]2C[C@@H]1C[C@H]1NCCc2cc(OC)c(OC)cc12
NWWORXYTJRPSMC-QKPAOTATSA-N,72004.0,emiglitate,CCOC(=O)c1ccc(OCCN2C[C@H](O)[C@@H](O)[C@H](O)[C@H]2CO)cc1
WJIGGYYSZBWCGC-MRXNPFEDSA-N,25221720.0,emixustat,NCC[C@@H](O)c1cccc(OCC2CCCCC2)c1
ZMQMTKVVAMWKNY-CZOLZNPPSA-N,122594832.0,emodepside,[H][C@]1(C)OC(=O)[C@H](CC(C)C)N(C)C(=O)[C@@H](Cc2ccc(cc2)N2CCOCC2)OC(=O)[C@H](CC(C)C)N(C)C(=O)[C@@H](C)OC(=O)[C@@H](CC(C)C)N(C)C(=O)[C@@H](Cc2ccc(cc2)N2CCOCC2)OC(=O)[C@H](CC(C)C)N(C)C1=O
RHMXXJGYXNZAPX-UHFFFAOYSA-N,3220.0,emodin,Cc1cc(O)c2C(=O)c3c(O)cc(O)cc3C(=O)c2c1
URJQOOISAKEBKW-UHFFFAOYSA-N,3221.0,emorfazone,CCOc1c(cnn(C)c1=O)N1CCOCC1
JPGDYIGSCHWQCC-UHFFFAOYSA-N,114681.0,emoxipin,CCc1nc(C)ccc1O
OBWASQILIWPZMG-QZMOQZSNSA-N,11949646.0,empagliflozin,OC[C@H]1O[C@H]([C@H](O)[C@@H](O)[C@@H]1O)c1ccc(Cl)c(Cc2ccc(O[C@H]3CCOC3)cc2)c1
SCVHJVCATBPIHN-SJCJKPOMSA-N,12000240.0,emricasan,C[C@H](NC(=O)C(=O)Nc1ccccc1C(C)(C)C)C(=O)N[C@@H](CC(O)=O)C(=O)COc1c(F)c(F)cc(F)c1F
XQSPYNMVSIKCOC-NTSWFWBYSA-N,60877.0,emtricitabine,Nc1nc(=O)n(cc1F)[C@@H]1CS[C@H](CO)O1
RSLFQCNAOMQAIH-WJDWOHSUSA-N,1016023.0,EN460,OC(=O)c1cc(ccc1Cl)N1N=C(\C(=C\c2ccc(o2)-c2ccccc2)C1=O)C(F)(F)F
GBXSMTUPTTWBMN-XIRDDKMYSA-N,5388962.0,enalapril,CCOC(=O)[C@H](CCc1ccccc1)N[C@@H](C)C(=O)N1CCC[C@H]1C(O)=O
LZFZMUMEGBBDTC-QEJZJMRPSA-N,5462501.0,enalaprilat,C[C@H](N[C@@H](CCc1ccccc1)C(O)=O)C(=O)N1CCC[C@H]1C(O)=O
DYLUUSLLRIQKOE-UHFFFAOYSA-N,89683805.0,enasidenib,CC(C)(O)CNc1nc(Nc2ccnc(c2)C(F)(F)F)nc(n1)-c1cccc(n1)C(F)(F)F
JJJFUHOGVZWXNQ-UHFFFAOYSA-N,23087.0,enbucrilate,CCCCOC(=O)C(=C)C#N
KSQCNASWXSCJTD-QGZVFWFLSA-N,29919953.0,enciprazine,COc1ccccc1N1CCN(C[C@@H](O)COc2cc(OC)c(OC)c(OC)c2)CC1
CMJCXYNUCSMDBY-ZDUSSCGKSA-N,50922675.0,encorafenib,COC(=O)N[C@@H](C)CNc1nccc(n1)-c1cn(nc1-c1cc(Cl)cc(NS(C)(=O)=O)c1F)C(C)C
ZGSXEXBYLJIOGF-ALFLXDJESA-N,44483163.0,endo-IWR-1,O=C(Nc1cccc2cccnc12)c1ccc(cc1)N1C(=O)[C@H]2[C@@H]3C[C@@H](C=C3)[C@H]2C1=O
MHJBZVSGOZTKRH-IZHYLOQSSA-N,10090750.0,endoxifen,CC\C(=C(/c1ccc(O)cc1)c1ccc(OCCNC)cc1)c1ccccc1
JPGQOUSTVILISH-PVQJCKRUSA-N,7059516.0,enflurane,FC(F)OC(F)(F)[C@@H](F)Cl
PZBPKYOVPCNPJY-CQSZACIVSA-N,6992070.0,enilconazole,Clc1ccc([C@@H](Cn2ccnc2)OCC=C)c(Cl)c1
JOZGNYDSEBIJDH-UHFFFAOYSA-N,43157.0,eniluracil,O=c1[nH]cc(C#C)c(=O)[nH]1
UADMBZFZZOBWBB-UHFFFAOYSA-N,6433092.0,eniporide,Cc1cc(c(cc1C(=O)NC(N)=N)S(C)(=O)=O)-n1cccc1
BLQYVHBZHAISJM-CMDGGOBGSA-N,16041424.0,ENMD-2076,CN1CCN(CC1)c1cc(Nc2cc(C)n[nH]2)nc(\C=C\c2ccccc2)n1
SAMRUMKYXPVKPA-VFKOLLTISA-N,71734.0,enocitabine,CCCCCCCCCCCCCCCCCCCCCC(=O)Nc1ccn([C@@H]2O[C@H](CO)[C@@H](O)[C@@H]2O)c(=O)n1
IDYZIJYBMGIQMJ-UHFFFAOYSA-N,3229.0,enoxacin,CCn1cc(C(O)=O)c(=O)c2cc(F)c(nc12)N1CCNCC1
ZJKNESGOIKRXQY-UHFFFAOYSA-N,53708.0,enoximone,CSc1ccc(cc1)C(=O)c1[nH]c(=O)[nH]c1C
MPDGHEJMBKOTSU-YKLVYJNSSA-N,10114.0,enoxolone,CC1(C)[C@@H](O)CC[C@@]2(C)[C@H]1CC[C@]1(C)[C@@H]2C(=O)C=C2[C@@H]3C[C@](C)(CC[C@]3(C)CC[C@@]12C)C(O)=O
SIQPXVQCUCHWDI-UHFFFAOYSA-N,1676.0,enprofylline,CCCn1c2nc[nH]c2c(=O)[nH]c1=O
SPFYMRJSYKOXGV-UHFFFAOYSA-N,71188.0,enrofloxacin,CCN1CCN(CC1)c1cc2n(cc(C(O)=O)c(=O)c2cc1F)C1CC1
JRURYQJSLYLRLN-BJMVGYQFSA-N,5281081.0,entacapone,CCN(CC)C(=O)C(=C\c1cc(O)c(O)c(c1)[N+]([O-])=O)\C#N
LJIUXAHLYIPHOK-UHFFFAOYSA-N,10203597.0,entasobulin,Clc1ccc(Cn2cc(C(=O)C(=O)Nc3ccc4ncccc4c3)c3ccccc23)cc1
QDGZDCVAUDNJFG-FXQIFTODSA-N,135398508.0,entecavir,Nc1nc(=O)c2ncn([C@H]3C[C@H](O)[C@@H](CO)C3=C)c2[nH]1
INVTYAOGFAGBOE-UHFFFAOYSA-N,4261.0,entinostat,Nc1ccccc1NC(=O)c1ccc(CNC(=O)OCc2cccnc2)cc1
HAYYBYPASCDWEQ-UHFFFAOYSA-N,25141092.0,entrectinib,CN1CCN(CC1)c1ccc(C(=O)Nc2[nH]nc3ccc(Cc4cc(F)cc(F)c4)cc23)c(NC2CCOCC2)c1
WXCXUHSOUPDCQV-UHFFFAOYSA-N,15951529.0,enzalutamide,CNC(=O)c1ccc(cc1F)N1C(=S)N(C(=O)C1(C)C)c1ccc(C#N)c(c1)C(F)(F)F
AXRCEOKUDYDWLF-UHFFFAOYSA-N,176167.0,enzastaurin,Cn1cc(C2=C(C(=O)NC2=O)c2cn(C3CCN(Cc4ccccn4)CC3)c3ccccc23)c2ccccc12
HDCLCHNAEZNGNV-UHFFFAOYSA-N,9801969.0,EO-1428,Cc1ccccc1C(=O)c1ccc(Nc2ccc(Br)cc2N)cc1Cl
FBKMWOJEPMPVTQ-UHFFFAOYSA-N,135564890.0,epacadostat,NS(=O)(=O)NCCNc1nonc1C(NO)=Nc1ccc(F)c(Br)c1
CHNUOJQWGUIOLD-NFZZJPOKSA-N,1549120.0,epalrestat,C\C(\C=C1/SC(=S)N(CC(O)=O)C1=O)=C/c1ccccc1
SIMWTRCFFSTNMG-AWEZNQCLSA-N,73214.0,eperezolid,CC(=O)NC[C@H]1CN(C(=O)O1)c1ccc(N2CCN(CC2)C(=O)CO)c(F)c1
SQUNAWUMZGQQJD-AWEZNQCLSA-N,37888265.0,eperisone,CCc1ccc(cc1)C(=O)[C@@H](C)CN1CCCCC1
FXQIIDINBDJDKL-SNVBAGLBSA-N,46836890.0,epetraborole,NC[C@H]1OB(O)c2c1cccc2OCCCO
KWGRBVOPPLSCSI-WPRPVWTQSA-N,9294.0,ephedrine,CN[C@@H](C)[C@H](O)c1ccccc1
KWGRBVOPPLSCSI-WCBMZHEXSA-N,7028.0,ephedrine-(racemic),CN[C@@H](C)[C@@H](O)c1ccccc1
QGXBDMJGAMFCBF-LUJOEAJASA-N,441302.0,epiandrosterone,C[C@]12CC[C@H]3[C@@H](CC[C@H]4C[C@@H](O)CC[C@]34C)[C@@H]1CCC2=O
LSHVYAFMTMFKBA-TZIWHRDSSA-N,107905.0,epicatechin-gallate-(-),Oc1cc(O)c2C[C@@H](OC(=O)c3cc(O)c(O)c(O)c3)[C@H](Oc2c1)c1ccc(O)c(O)c1
PROQIPRRNZUXQM-ZMSHIADSSA-N,68929.0,epiestriol,C[C@]12CC[C@H]3[C@@H](CCc4cc(O)ccc34)[C@@H]1C[C@H](O)[C@@H]2O
XMOCLSLCDHWDHP-IUODEOHRSA-N,72277.0,epigallocatechin-(-),O[C@@H]1Cc2c(O)cc(O)cc2O[C@@H]1c1cc(O)c(O)c(O)c1
WMBWREPUVVBILR-WIYYLYMNSA-N,65064.0,epigallocatechin-gallate-(-),Oc1cc(O)c2C[C@@H](OC(=O)c3cc(O)c(O)c(O)c3)[C@H](Oc2c1)c1cc(O)c(O)c(O)c1
WHWZLSFABNNENI-OAHLLOKOSA-N,15629776.0,epinastine,NC1=NC[C@H]2N1c1ccccc1Cc1ccccc21
UCTWMZQNUQWSLP-VIFPVBQESA-N,5816.0,epinephrine,CNC[C@H](O)c1ccc(O)c(O)c1
RHAXSHUQNIEUEY-UHFFFAOYSA-N,3242.0,epirizole,COc1cc(C)nn1-c1nc(C)cc(OC)n1
AOJJSUZBOXZQNB-VTZDEGQISA-N,41867.0,epirubicin,COc1cccc2C(=O)c3c(O)c4C[C@](O)(C[C@H](O[C@H]5C[C@H](N)[C@@H](O)[C@H](C)O5)c4c(O)c3C(=O)c12)C(=O)CO
OBMLHUPNRURLOK-XGRAFVIBSA-N,443935.0,epitiostanol,C[C@]12CC[C@H]3[C@@H](CC[C@H]4C[C@@H]5S[C@@H]5C[C@]34C)[C@@H]1CC[C@@H]2O
JUKPWJGBANNWMW-VWBFHTRKSA-N,443872.0,eplerenone,COC(=O)[C@@H]1CC2=CC(=O)CC[C@]2(C)[C@@]23O[C@@H]2C[C@@]2(C)[C@@H](CC[C@@]22CCC(=O)O2)[C@H]13
ADFCQWZHKCXPAJ-GFCCVEGCSA-N,91469.0,equol,Oc1ccc(cc1)[C@H]1COc2cc(O)ccc2C1
JSNQSLSBBZFGBM-XAKJDZQGSA-N,,epomediol,CC1(C)OC2(C)[C@@H](O)C[C@H]1C[C@@H]2O
KAQKFAOMNZTLHT-OZUDYXHBSA-N,5282411.0,epoprostenol,CCCCC[C@H](O)\C=C\[C@H]1[C@H](O)C[C@@H]2O\C(C[C@H]12)=C/CCCC(O)=O
HESCAJZNRMSMJG-QJCAGBKWSA-N,45489244.0,epothilone-A,C[C@H]1CCC[C@H]2O[C@H]2C[C@H](OC(=O)C[C@H](O)C(C)(C)C(=O)[C@H](C)[C@H]1O)C(\C)=C\c1csc(C)n1
QXRSDHAAWVKZLJ-QBNZTRRJSA-N,118184795.0,epothilone-B,C[C@H]1CCC[C@@]2(C)O[C@H]2C[C@H](OC(=O)C[C@H](O)C(C)(C)C(=O)[C@H](C)[C@H]1O)C(\C)=C\c1csc(C)n1
XOZIUKBZLSUILX-HFHFCCBWSA-N,,epothilone-D,C[C@H]1CCC\C(C)=C/C[C@H](OC(=O)C[C@H](O)C(C)(C)C(=O)[C@H](C)[C@H]1O)C(\C)=C\c1csc(C)n1
KLFVWQCQUXXLOU-UHFFFAOYSA-N,25175634.0,EPPTB,CCOc1cccc(NC(=O)c2ccc(N3CCCC3)c(c2)C(F)(F)F)c1
BSHWLCACYCVCJE-OFNKIYASSA-N,29962149.0,eprazinone,CCO[C@@H](CN1CCN(C[C@@H](C)C(=O)c2ccccc2)CC1)c1ccccc1
ZKWQQXZUCOBISE-NQMKODOQSA-N,86289908.0,eprinomectin,[H][C@@]12OC\C3=C/C=C/[C@]([H])(C)[C@]([H])(O[C@@]4([H])C[C@H](OC)[C@@H](O[C@@]5([H])C[C@H](OC)[C@@H](NC(C)=O)[C@H](C)O5)[C@H](C)O4)\C(C)=C\C[C@]4([H])C[C@@]([H])(C[C@]5(O4)O[C@]([H])([C@@H](C)CC)[C@@]([H])(C)C=C5)OC(=O)[C@]([H])(C=C(C)[C@@]1([H])O)[C@@]23O
VAPSMQAHNAZRKC-PQWRYPMOSA-N,68741.0,epristeride,[H][C@@]12CC[C@H](C(=O)NC(C)(C)C)[C@@]1(C)CC[C@@]1([H])[C@@]2([H])CC=C2C=C(CC[C@]12C)C(O)=O
YYFGRAGNYHYWEZ-UHFFFAOYSA-N,65659.0,eprobemide,Clc1ccc(cc1)C(=O)NCCCN1CCOCC1
MGNVWUDMMXZUDI-UHFFFAOYSA-N,428573.0,eprodisate,OS(=O)(=O)CCCS(O)(=O)=O
OROAFUQRIXKEMV-LDADJPATSA-N,5281037.0,eprosartan,CCCCc1ncc(\C=C(/Cc2cccs2)C(O)=O)n1Cc1ccc(cc1)C(O)=O
CZKPOZZJODAYPZ-IQENKEMDSA-N,134812820.0,eptifibatide,NC(=N)NCCCC[C@@H]1NC(=O)CCSSC[C@H](NC(=O)[C@@H]2CCCN2C(=O)[C@H](Cc2c[nH]c3ccccc23)NC(=O)[C@H](CC(O)=O)NC(=O)CNC1=O)C(N)=O
LXFOLMYKSYSZQS-LURJZOHASA-N,,EPZ-5676,CC(C)N(C[C@H]1O[C@H]([C@H](O)[C@@H]1O)n1cnc2c(N)ncnc12)[C@@H]1C[C@H](CCc2nc3ccc(cc3[nH]2)C(C)(C)C)C1
WXRGFPHDRFQODR-ICLZECGLSA-N,56962336.0,EPZ004777,CC(C)N(CCCNC(=O)Nc1ccc(cc1)C(C)(C)C)C[C@H]1O[C@H]([C@H](O)[C@@H]1O)n1ccc2c(N)ncnc12
ZOIBZSZLMJDVDQ-UHFFFAOYSA-N,60160561.0,EPZ005687,Cc1cc(C)c(CNC(=O)c2cc(cc3n(ncc23)C2CCCC2)-c2ccc(CN3CCOCC3)cc2)c(=O)[nH]1
XQFINGFCBFHOPE-WXUXXXNLSA-N,,EPZ011989,CCN([C@H]1CC[C@@H](CC1)N(C)CCOC)c1cc(cc(C(=O)NCc2c(C)cc(C)[nH]c2=O)c1C)C#CCN1CCOCC1
ZKXZLIFRWWKZRY-KRWDZBQOSA-N,90241673.0,EPZ015666,O[C@@H](CNC(=O)c1cc(NC2COC2)ncn1)CN1CCc2ccccc2C1
QMDKVNSQXPVCRD-RQNOJGIXSA-N,,EPZ020411,CNCCN(C)Cc1c[nH]nc1-c1ccc(O[C@H]2C[C@@H](C2)OCCC2CCOCC2)cc1
WKRLQDKEXYKHJB-UWWQBHOKSA-N,41097932.0,equilin,C[C@@]12CC[C@H]3C(=CCc4cc(O)ccc34)[C@@H]1CCC2=O
CFPDEQBPNROZDC-UHFFFAOYSA-N,9799509.0,ER-27319,Cc1ccc2c(c1C)n(CCCN)c1ccccc1c2=O
LSGNKLDHMQVTEK-UHFFFAOYSA-N,10094345.0,ER-50891,CC(C)c1cccc2c(cc(nc12)-c1ccc([nH]1)-c1ccc(cc1)C(O)=O)-c1ccccc1
BKQFRNYHFIQEKN-OAQYLSRUSA-N,91669533.0,erastin,CCOc1ccccc1-n1c(nc2ccccc2c1=O)[C@@H](C)N1CCN(CC1)C(=O)COc1ccc(Cl)cc1
LSZZJAUTRJAFCO-KKCFVTAMSA-N,,eravacycline,[H][C@@]12Cc3c(F)cc(NC(=O)CN4CCCC4)c(O)c3C(=O)[C@H]1C(=O)[C@]1(O)C(=O)[C@H](C(N)=O)C(=O)[C@@H](N(C)C)[C@]1([H])C2
BQCNSTFWSKOWMA-GORDUTHDSA-N,5353609.0,erbstatin-analog,COC(=O)\C=C\c1cc(O)ccc1O
ZGLHBRQAEXKACO-XJRQOBMKSA-N,9547243.0,ercalcitriol,C[C@H](\C=C\[C@H](C)C(C)(C)O)[C@H]1CC[C@H]2\C(CCC[C@]12C)=C\C=C1\C[C@@H](O)C[C@H](O)C1=C
OLAHOMJCDNXHFI-UHFFFAOYSA-N,67462786.0,erdafitinib,COc1cc(OC)cc(c1)N(CCNC(C)C)c1ccc2ncc(nc2c1)-c1cnn(C)c1
QGFORSXNKQLDNO-YFKPBYRVSA-N,40467037.0,erdosteine,OC(=O)CSCC(=O)N[C@H]1CCSC1=O
MECHNRXZTMCUDQ-RKHKHRCZSA-N,5280793.0,ergocalciferol,CC(C)[C@@H](C)\C=C\[C@@H](C)[C@H]1CC[C@H]2\C(CCC[C@]12C)=C\C=C1\C[C@@H](O)CCC1=C
WVVSZNPYNCNODU-XTQGRXLLSA-N,443884.0,ergonovine,C[C@@H](CO)NC(=O)[C@H]1CN(C)[C@@H]2Cc3c[nH]c4cccc(C2=C1)c34
DNVPQKQSNYMLRS-APGDWVJJSA-N,444679.0,ergosterol,CC(C)[C@@H](C)\C=C\[C@@H](C)[C@H]1CC[C@H]2C3=CC=C4C[C@@H](O)CC[C@]4(C)[C@H]3CC[C@]12C
XCGSFFUVFURLIX-VFGNJEKYSA-N,8223.0,ergotamine,CN1C[C@@H](C=C2[C@H]1Cc1c[nH]c3cccc2c13)C(=O)N[C@]1(C)O[C@@]2(O)[C@@H]3CCCN3C(=O)[C@H](Cc3ccccc3)N2C1=O
UFNVPOGXISZXJD-JBQZKEIOSA-N,11354606.0,eribulin,[H][C@@]12CC(=C)[C@]([H])(CC[C@@]3([H])C[C@@H](C)C(=C)[C@@]([H])(C[C@]4([H])O[C@H](C[C@H](O)CN)[C@H](OC)[C@@]4([H])CC(=O)C[C@@]4([H])CC[C@]5([H])O[C@@]6([H])[C@@]7([H])O[C@@]8(C[C@@]7([H])O[C@@]6([H])[C@@]([H])(O8)[C@@]5([H])O4)CC1)O3)O2
DDTPGANIPBKTNU-UHFFFAOYSA-N,46844147.0,ERK5-IN-1,COc1cc(ccc1Nc1ncc2N(C)C(=O)c3ccccc3N(C)c2n1)N1CCN(C)CC1
AAKJLRGGTJKAMG-UHFFFAOYSA-N,176870.0,erlotinib,COCCOc1cc2ncnc(Nc3cccc(c3)C#C)c2cc1OCCOC
JUZNIMUFDBIJCM-FKTXGUMASA-N,124518153.0,ertapenem,C[C@@H](O)[C@H]1[C@H]2[C@@H](C)C(S[C@@H]3CN[C@@H](C3)C(=O)Nc3cccc(c3)C(O)=O)=C(N2C1=O)C(O)=O
XIESSJVMWNJCGZ-VKJFTORMSA-N,10286159.0,erteberel,Oc1ccc(cc1)[C@@H]1Oc2ccc(O)cc2[C@@H]2CCC[C@H]12
MCIACXAZCBVDEE-CUUWFGFTSA-N,44814423.0,ertugliflozin,CCOc1ccc(Cc2cc(ccc2Cl)[C@]23OC[C@](CO)(O2)[C@@H](O)[C@H](O)[C@H]3O)cc1
UNXHWFMMPAWVPI-ZXZARUISSA-N,222285.0,erythritol,OC[C@H](O)[C@H](O)CO
ULGZDMOVFRHVEP-BCQGSPHWSA-N,,erythromycin,CC[C@H]1OC(=O)[C@H](C)[C@@H](O[C@H]2C[C@@](C)(OC)[C@@H](O)[C@H](C)O2)[C@H](C)[C@@H](O[C@@H]2O[C@H](C)C[C@@H]([C@H]2O)N(C)C)[C@](C)(O)C[C@@H](C)C(=O)[C@H](C)[C@@H](O)[C@]1(C)O
TYQXKHPOXXXCTP-JKQIPHDKSA-N,,erythromycin-estolate,CC[C@H]1OC(=O)[C@H](C)[C@@H](O[C@H]2C[C@@](C)(OC)[C@@H](O)[C@H](C)O2)[C@H](C)[C@@H](O[C@@H]2O[C@H](C)C[C@@H]([C@H]2OC(=O)CC)N(C)C)[C@](C)(O)C[C@@H](C)C(=O)[C@H](C)[C@@H](O)[C@]1(C)O
NSYZCCDSJNWWJL-ZBFNRKITSA-N,132274075.0,erythromycin-ethylsuccinate,CCOC(=O)CCC(=O)O[C@H]1[C@H](O[C@@H]2[C@@H](C)[C@H](O[C@H]3C[C@@](C)(OC)[C@@H](O)[C@H](C)O3)[C@@H](C)C(=O)O[C@H](CC)[C@@](C)(O)[C@H](O)[C@@H](C)C(=O)[C@H](C)C[C@@]2(C)O)O[C@H](C)C[C@@H]1N(C)C
OALHHIHQOFIMEF-UHFFFAOYSA-N,3259.0,erythrosine,Oc1c(I)cc2c(Oc3c(I)c(O)c(I)cc3C22OC(=O)c3ccccc23)c1I
RTFADALJKSFJDZ-UHFFFAOYSA-N,68835.0,esaprazole,O=C(CN1CCNCC1)NC1CCCCC1
NOSNHVJANRODGR-UHFFFAOYSA-N,25052023.0,esaxerenone,Cc1c(cn(CCO)c1-c1ccccc1C(F)(F)F)C(=O)Nc1ccc(cc1)S(C)(=O)=O
AXNVHPCVMSNXNP-FDGZCRRKSA-N,441903.0,escin,CC=C(C)C(=O)O[C@H]1[C@H](OC(C)=O)[C@]2(CO)[C@H](O)C[C@]3(C)C(=CC[C@@H]4[C@@]5(C)CC[C@H](O[C@@H]6O[C@@H]([C@@H](O[C@@H]7O[C@H](CO)[C@@H](O)[C@H](O)[C@H]7O)[C@H](O)[C@H]6O[C@@H]6O[C@H](CO)[C@@H](O)[C@H](O)[C@H]6O)C(O)=O)[C@](C)(CO)[C@@H]5CC[C@@]34C)[C@@H]2CC1(C)C
WSEQXVZVJXJVFP-FQEVSTJZSA-N,146570.0,escitalopram,CN(C)CCC[C@]1(OCc2cc(ccc12)C#N)c1ccc(F)cc1
XHCADAYNFIFUHF-TVKJYDDYSA-N,5281417.0,esculin,OC[C@H]1O[C@@H](Oc2cc3ccc(=O)oc3cc2O)[C@H](O)[C@@H](O)[C@@H]1O
HKGWQUVGHPDEBZ-OLZOCXBDSA-N,119198.0,eseroline-(-),CN1CC[C@]2(C)[C@H]1N(C)c1ccc(O)cc21
DXEATJQGQHDURZ-DEDYPNTBSA-N,6077765.0,ESI-09,CC(C)(C)c1cc(no1)C(=O)C(=N\Nc1cccc(Cl)c1)\C#N
QIALRBLEEWJACW-INIZCTEOSA-N,179344.0,eslicarbazepine-acetate,CC(=O)O[C@H]1Cc2ccccc2N(C(N)=O)c2ccccc12
AQNDDEOPVVGCPG-AWEZNQCLSA-N,28125476.0,esmolol,COC(=O)CCc1ccc(OC[C@@H](O)CNC(C)C)cc1
SUBDBMMJDZJVOS-DEOSSOPVSA-N,9568614.0,esomeprazole,COc1ccc2nc([nH]c2c1)[S@@](=O)Cc1ncc(C)c(OC)c1C
YRSSFEUQNAXQMX-LBPRGKRZSA-N,9795701.0,esonarimod,CC(=O)SC[C@H](CC(=O)c1ccc(C)cc1)C(O)=O
AJIPIJNNOJSSQC-NYLIRDPKSA-N,27125.0,estetrol,C[C@]12CC[C@H]3[C@@H](CCc4cc(O)ccc34)[C@@H]1[C@@H](O)[C@@H](O)[C@@H]2O
IKQCSJBQLWJEPU-UHFFFAOYSA-N,17507.0,etamsylate,Oc1ccc(O)c(c1)S(O)(=O)=O
VOXZDWNPVJITMN-ZBRFXRBCSA-N,5757.0,estradiol,C[C@]12CC[C@H]3[C@@H](CCc4cc(O)ccc34)[C@@H]1CC[C@@H]2O
YXYXCSOJKUAPJI-ZBRFXRBCSA-N,6918339.0,estradiol-3-O-sulfamate,C[C@]12CC[C@H]3[C@@H](CCc4cc(OS(N)(=O)=O)ccc34)[C@@H]1CC[C@@H]2O
FHXBMXJMKMWVRG-SLHNCBLASA-N,9818306.0,estradiol-acetate,CC(=O)Oc1ccc2[C@H]3CC[C@]4(C)[C@@H](O)CC[C@H]4[C@@H]3CCc2c1
UYIFTLBWAOGQBI-BZDYCCQFSA-N,222757.0,estradiol-benzoate,C[C@]12CC[C@H]3[C@@H](CCc4cc(OC(=O)c5ccccc5)ccc34)[C@@H]1CC[C@@H]2O
UOACKFBJUYNSLK-XRKIENNPSA-N,9403.0,estradiol-cypionate,C[C@]12CC[C@H]3[C@@H](CCc4cc(O)ccc34)[C@@H]1CC[C@@H]2OC(=O)CCC1CCCC1
RSEPBGGWRJCQGY-RBRWEJTLSA-N,13791.0,estradiol-valerate,CCCCC(=O)O[C@H]1CC[C@H]2[C@@H]3CCc4cc(O)ccc4[C@H]3CC[C@]12C
ADFOJJHRTBFFOF-RBRWEJTLSA-N,259329.0,estramustine-phosphate,C[C@]12CC[C@H]3[C@@H](CCc4cc(OC(=O)N(CCCl)CCCl)ccc34)[C@@H]1CC[C@@H]2OP(O)(O)=O
PROQIPRRNZUXQM-ZXXIGWHRSA-N,5756.0,estriol,C[C@]12CC[C@H]3[C@@H](CCc4cc(O)ccc34)[C@@H]1C[C@@H](O)[C@@H]2O
DNXHEGUUPJUMQT-CBZIJGRNSA-N,5870.0,estrone,C[C@]12CC[C@H]3[C@@H](CCc4cc(O)ccc34)[C@@H]1CCC2=O
JKKFKPJIXZFSSB-CBZIJGRNSA-N,3001028.0,estropipate,C[C@]12CC[C@H]3[C@@H](CCc4cc(OS(O)(=O)=O)ccc34)[C@@H]1CCC2=O
AVOLMBLBETYQHX-UHFFFAOYSA-N,3278.0,etacrynic-acid,CCC(=C)C(=O)c1ccc(OCC(O)=O)c(Cl)c1Cl
OEGDFSLNGABBKJ-UHFFFAOYSA-N,3275.0,etafenone,CCN(CC)CCOc1ccccc1C(=O)CCc1ccccc1
WCDWBPCFGJXFJZ-UHFFFAOYSA-N,3276.0,etanidazole,OCCNC(=O)Cn1ccnc1[N+]([O-])=O
OPQRBXUBWHDHPQ-UHFFFAOYSA-N,3277.0,etazolate,CCOC(=O)c1cnc2n(CC)ncc2c1NN=C(C)C
QTRXIFVSTWXRJJ-UHFFFAOYSA-N,86280523.0,ETC-159,Cn1c2ncn(CC(=O)Nc3ccc(nn3)-c3ccccc3)c2c(=O)n(C)c1=O
FWRFPHJSGLYXTD-UHFFFAOYSA-N,71766360.0,ETC-206,O=C(N1CCOCC1)c1ccc(cc1)-c1ccc2ncc(-c3ccc(cc3)C#N)n2c1
UACOQEQOBAQRDQ-UHFFFAOYSA-N,14604.0,etebenecid,CCN(CC)S(=O)(=O)c1ccc(cc1)C(O)=O
DACOQFZGGLCXMA-UHFFFAOYSA-N,33925.0,eterobarb,CCC1(C(=O)N(COC)C(=O)N(COC)C1=O)c1ccccc1
PQXGNJKJMFUPPM-UHFFFAOYSA-N,107841.0,ethacizin,CCOC(=O)Nc1ccc2Sc3ccccc3N(C(=O)CCN(CC)CC)c2c1
CIKWKGFPFXJVGW-UHFFFAOYSA-N,2017.0,ethacridine-lactate-monohydrate,CCOc1ccc2nc3cc(N)ccc3c(N)c2c1
AEUTYOVWOVBAKS-UWVGGRQHSA-N,14052.0,ethambutol,CC[C@@H](CO)NCCN[C@@H](CC)CO
BQJODPIMMWWMFC-UHFFFAOYSA-N,9363.0,ethamivan,CCN(CC)C(=O)c1ccc(O)c(OC)c1
KGWDUNBJIMUFAP-KVVVOXFISA-N,5282489.0,ethanolamine-oleate,NCCO.CCCCCCCC\C=C/CCCCCCCC(O)=O
ZOWYFYXTIWQBEP-UHFFFAOYSA-N,3280.0,ethaverine,CCOc1ccc(Cc2nccc3cc(OCC)c(OCC)cc23)cc1OCC
SBNKFTQSBPKMBZ-UHFFFAOYSA-N,3282.0,ethenzamide,CCOc1ccccc1C(N)=O
RYRFAMRQBZNEPX-UHFFFAOYSA-N,6168.0,ethimizol,CCn1cnc(C(=O)NC)c1C(=O)NC
BFPYWIDHMRZLRN-SLHNCBLASA-N,5991.0,ethinyl-estradiol,C[C@]12CC[C@H]3[C@@H](CCc4cc(O)ccc34)[C@@H]1CC[C@@]2(O)C#C
AEOCXXJPGCBFJA-UHFFFAOYSA-N,2761171.0,ethionamide,CCc1cc(ccn1)C(N)=S
CHNXZKVNWQUJIB-CEGNMAFCSA-N,5284557.0,ethisterone,C[C@]12CC[C@H]3[C@@H](CCC4=CC(=O)CC[C@]34C)[C@@H]1CC[C@@]2(O)C#C
GOVWOKSKFSBNGD-UHFFFAOYSA-N,6034.0,ethopabate,CCOc1cc(NC(C)=O)ccc1C(=O)OC
HAPOVYFOVVWLRS-ZETCQYMHSA-N,10630591.0,ethosuximide,CC[C@@]1(C)CC(=O)NC1=O
SZQIFWWUIBRPBZ-SECBINFHSA-N,12309784.0,ethotoin,CCN1C(=O)N[C@@H](C1=O)c1ccccc1
DECIPOUIJURFOJ-UHFFFAOYSA-N,3293.0,ethoxyquin,CCOc1ccc2NC(C)(C)C=C(C)c2c1
OUZWUKMCLIBBOG-UHFFFAOYSA-N,3295.0,ethoxzolamide,CCOc1ccc2nc(sc2c1)S(N)(=O)=O
JFMIIMPCFQKAAD-UHFFFAOYSA-N,145917.0,ethyl-2-(carbamoyloxy)benzoate,CCOC(=O)c1ccccc1OC(N)=O
NUVBSKCKDOMJSU-UHFFFAOYSA-N,8434.0,ethyl-paraben,CCOC(=O)c1ccc(O)cc1
PSYUBHDPOIZRST-UHFFFAOYSA-N,11228779.0,ethyl-pyruvate,CCOC(=O)C(O)=C
CBOQJANXLMLOSS-UHFFFAOYSA-N,8467.0,ethyl-vanillin,CCOc1cc(C=O)ccc1O
KCXVZYZYPLLWCC-UHFFFAOYSA-N,6049.0,ethylenediaminetetraacetic-acid,OC(=O)CN(CCN(CC(O)=O)CC(O)=O)CC(O)=O
LENNRXOJHWNHSD-XCBNKYQSSA-N,25271661.0,ethylnorepinephrine,CC[C@@H](N)[C@@H](O)c1ccc(O)c(O)c1
ONKUMRGIYFNPJW-KIEAKMPYSA-N,9270.0,ethynodiol-diacetate,CC(=O)O[C@H]1CC[C@@H]2[C@H]3CC[C@@]4(C)[C@@H](CC[C@@]4(OC(C)=O)C#C)[C@@H]3CCC2=C1
JFIWEPHGRUDAJN-DYUFWOLASA-N,176885.0,ethynylcytidine,Nc1ccn([C@@H]2O[C@H](CO)[C@](O)(C#C)[C@H]2O)c(=O)n1
AADCDMQTJNYOSS-LBPRGKRZSA-N,57267.0,eticlopride,CCN1CCC[C@H]1CNC(=O)c1c(O)c(CC)cc(Cl)c1OC
DBVJJBKOTRCVKF-UHFFFAOYSA-N,3305.0,etidronic-acid,CC(O)(P(O)(O)=O)P(O)(O)=O
WNIDXAKKFOKNEF-UHFFFAOYSA-N,170344.0,etifenin,CCc1cccc(CC)c1NC(=O)CN(CC(O)=O)CC(O)=O
IBYCYJFUEJQSMK-KRWDZBQOSA-N,135564604.0,etifoxine,CCNC1=Nc2ccc(Cl)cc2[C@@](C)(O1)c1ccccc1
SQVIAVUSQAWMKL-UHFFFAOYSA-N,164652.0,etilefrine,CCNCC(O)c1cccc(O)c1
NULMGOSOSZBEQL-QMMMGPOBSA-N,170345.0,etilevodopa,CCOC(=O)[C@@H](N)Cc1ccc(O)c(O)c1
VMZUTJCNQWMAGF-UHFFFAOYSA-N,3307.0,etizolam,CCc1cc2c(s1)-n1c(C)nnc1CN=C2c1ccccc1Cl
NNYBQONXHNTVIJ-KRWDZBQOSA-N,688461.0,etodolac,CCc1cccc2c3CCO[C@@](CC)(CC(O)=O)c3[nH]c12
XILVEPYQJIOVNB-UHFFFAOYSA-N,35375.0,etofenamate,OCCOCCOC(=O)c1ccccc1Nc1cccc(c1)C(F)(F)F
XXRVYAFBUDSLJX-UHFFFAOYSA-N,65777.0,etofibrate,CC(C)(Oc1ccc(Cl)cc1)C(=O)OCCOC(=O)c1cccnc1
NWPRCRWQMGIBOT-UHFFFAOYSA-N,1892.0,etofylline,Cn1c2ncn(CCO)c2c(=O)n(C)c1=O
KYAKGJDISSNVPZ-UHFFFAOYSA-N,41109.0,etofylline-clofibrate,Cn1c2ncn(CCOC(=O)C(C)(C)Oc3ccc(Cl)cc3)c2c(=O)n(C)c1=O
NPUKDXXFDDZOKR-LLVKDONJSA-N,667484.0,etomidate,CCOC(=O)c1cncn1[C@H](C)c1ccccc1
DZLOHEOHWICNIL-QGZVFWFLSA-N,9840324.0,etomoxir,CCOC(=O)[C@@]1(CCCCCCOc2ccc(Cl)cc2)CO1
GCKFUYQCUCGESZ-BPIQYHPVSA-N,6917715.0,etonogestrel,[H][C@@]12CC[C@@](O)(C#C)[C@@]1(CC)CC(=C)[C@]1([H])[C@@]3([H])CCC(=O)C=C3CC[C@@]21[H]
VJJPUSNTGOMMGY-MRVIYFEKSA-N,36462.0,etoposide,COc1cc(cc(OC)c1O)[C@H]1[C@@H]2[C@H](COC2=O)[C@H](O[C@@H]2O[C@@H]3CO[C@@H](C)O[C@H]3[C@H](O)[C@H]2O)c2cc3OCOc3cc12
LIQODXNTTZAGID-OCBXBXKTSA-N,6918092.0,etoposide-phosphate,COc1cc(cc(OC)c1OP(O)(O)=O)[C@H]1[C@@H]2[C@H](COC2=O)[C@H](O[C@@H]2O[C@@H]3CO[C@@H](C)O[C@H]3[C@H](O)[C@H]2O)c2cc3OCOc3cc12
MNJVRJDLRVPLFE-UHFFFAOYSA-N,123619.0,etoricoxib,Cc1ccc(cn1)-c1ncc(Cl)cc1-c1ccc(cc1)S(C)(=O)=O
XBNRCMFFZFCWMH-UHFFFAOYSA-N,208946.0,etosalamide,CCOCCOc1ccccc1C(N)=O
MFHPPMMWHSHDSI-UHFFFAOYSA-N,522232.0,etoxybamide,OCCCC(=O)NCCO
BJVRNXSHJLDZJR-UHFFFAOYSA-N,25229608.0,ETP-45658,Cn1ncc2c(nc(nc12)-c1cccc(O)c1)N1CCOCC1
DPLMXAYKJZOTKO-UHFFFAOYSA-N,72199292.0,ETP-46464,CC(C)(C#N)c1ccc(cc1)N1C(=O)OCc2cnc3ccc(cc3c12)-c1cnc2ccccc2c1
YDSVAKPJAOSZJA-LURJTMIESA-N,92274373.0,etrabamine,CN[C@H]1CCc2ncsc2C1
MVGWUTBTXDYMND-QGZVFWFLSA-N,44623998.0,etrasimod,OC(=O)C[C@H]1CCc2c1[nH]c1ccc(OCc3ccc(C4CCCC4)c(c3)C(F)(F)F)cc21
PYGWGZALEOIKDF-UHFFFAOYSA-N,193962.0,etravirine,Cc1cc(cc(C)c1Oc1nc(Nc2ccc(cc2)C#N)nc(N)c1Br)C#N
HQMNCQVAMBCHCO-DJRRULDNSA-N,5282375.0,etretinate,CCOC(=O)\C=C(/C)\C=C\C=C(/C)\C=C\c1c(C)cc(OC)c(C)c1C
WEEGYLXZBRQIMU-UHFFFAOYSA-N,2758.0,eucalyptol,CC12CCC(CC1)C(C)(C)O2
QSAVEGSLJISCDF-QEJZJMRPSA-N,42105272.0,eucatropine,C[C@H]1C[C@@H](CC(C)(C)N1C)OC(=O)[C@@H](O)c1ccccc1
RRAFCDWBNXTKKO-UHFFFAOYSA-N,3314.0,eugenol,COc1cc(CC=C)ccc1O
QCAWBJDECIOVBU-GAMUHHASSA-K,,EUK-134,COc1cccc2C=[N+]3CC[N+]4=Cc5cccc(OC)c5O[Mn]34(Cl)Oc12
DRRWBCNQOKKKOL-UHFFFAOYSA-N,5273755.0,eupatilin,COc1ccc(cc1OC)-c1cc(=O)c2c(O)c(OC)c(O)cc2o1
IHIUGIVXARLYHP-YBXDKENTSA-N,,evacetrapib,Cc1cc(C)c2N(C[C@H]3CC[C@@H](CC3)C(O)=O)CCC[C@H](N(Cc3cc(cc(c3)C(F)(F)F)C(F)(F)F)c3nnn(C)n3)c2c1
LIRUWPZKVZZTHC-UHFFFAOYSA-N,6804600.0,evans-blue,Cc1cc(ccc1NN=C1C=Cc2c(cc(c(N)c2C1=O)S(O)(=O)=O)S(O)(=O)=O)-c1ccc(NN=C2C=Cc3c(cc(c(N)c3C2=O)S(O)(=O)=O)S(O)(=O)=O)c(C)c1
WOHRHWDYFNWPNG-UHFFFAOYSA-N,9890801.0,evatanepag,CC(C)(C)c1ccc(CN(Cc2cccc(OCC(O)=O)c2)S(=O)(=O)c2cccnc2)cc1
GRHBODILPPXVKN-UHFFFAOYSA-N,25105689.0,evenamide,CCCCOc1cccc(CCNCC(=O)N(C)C)c1
HKVAMNSJSFKALM-FLOWVUKKSA-N,,everolimus,CO[C@@H]1C[C@H](C[C@@H](C)[C@@H]2CC(=O)[C@H](C)\C=C(C)\[C@@H](O)[C@@H](OC)C(=O)[C@H](C)C[C@H](C)\C=C\C=C\C=C(C)\[C@H](C[C@@H]3CC[C@@H](C)[C@@](O)(O3)C(=O)C(=O)N3CCCC[C@H]3C(=O)O2)OC)CC[C@H]1OCCO
QUIWHXQETADMGN-UHFFFAOYSA-N,71479709.0,evobrutinib,Nc1ncnc(NCC2CCN(CC2)C(=O)C=C)c1-c1ccc(Oc2ccccc2)cc1
RZNUIYPHQFXBAN-XLIONFOSSA-N,71242808.0,evocalcet,C[C@@H](N[C@H]1CCN(C1)c1ccc(CC(O)=O)cc1)c1cccc2ccccc12
TXDUTHBFYKGSAH-SFHVURJKSA-N,442088.0,evodiamine,CN1[C@H]2N(CCc3c2[nH]c2ccccc32)C(=O)c2ccccc12
SSRDSYXGYPJKRR-ZDUSSCGKSA-N,46196517.0,EVP-6124,Clc1cccc2cc(sc12)C(=O)N[C@H]1CN2CCC1CC2
IBAKVEUZKHOWNG-UHFFFAOYSA-N,509554.0,EVP4593,Nc1ccc2ncnc(NCCc3ccc(Oc4ccccc4)cc3)c2c1
FJCDSQATIJKQKA-UHFFFAOYSA-N,54766013.0,EW-7197,Cc1cccc(n1)-c1nc(CNc2ccccc2F)[nH]c1-c1ccc2ncnn2c1
FUZYTVDVLBBXDL-VIFPVBQESA-N,707029.0,EX-527,NC(=O)[C@H]1CCCc2c1[nH]c1ccc(Cl)cc21
CKSJXOVLXUMMFF-UHFFFAOYSA-N,3316.0,exalamide,CCCCCCOc1ccccc1C(N)=O
RVWNMGKSNGWLOL-GIIHNPQRSA-N,6918297.0,examorelin,C[C@H](NC(=O)[C@@H](Cc1c(C)[nH]c2ccccc12)NC(=O)[C@@H](N)Cc1cnc[nH]1)C(=O)N[C@@H](Cc1c[nH]c2ccccc12)C(=O)N[C@H](Cc1ccccc1)C(=O)N[C@@H](CCCCN)C(N)=O
ZVYVPGLRVWUPMP-FYSMJZIKSA-N,151115.0,exatecan-mesylate,CC[C@@]1(O)C(=O)OCc2c1cc1-c3nc4cc(F)c(C)c5CC[C@H](N)c(c3Cn1c2=O)c45
BFYIZQONLCFLEV-DAELLWKTSA-N,60198.0,exemestane,C[C@]12CC[C@H]3[C@@H](CC(=C)C4=CC(=O)C=C[C@]34C)[C@@H]1CCC2=O
HTQBXNHDCUEHJF-XWLPCZSASA-N,91935542.0,exenatide,[H]N[C@@H](Cc1c[nH]cn1)C(=O)NCC(=O)N[C@@H](CCC(O)=O)C(=O)NCC(=O)N[C@@H]([C@@H](C)O)C(=O)N[C@@H](Cc1ccccc1)C(=O)N[C@@H]([C@@H](C)O)C(=O)N[C@@H](CO)C(=O)N[C@@H](CC(O)=O)C(=O)N[C@@H](CC(C)C)C(=O)N[C@@H](CO)C(=O)N[C@@H](CCCCN)C(=O)N[C@@H](CCC(N)=O)C(=O)N[C@@H](CCSC)C(=O)N[C@@H](CCC(O)=O)C(=O)N[C@@H](CCC(O)=O)C(=O)N[C@@H](CCC(O)=O)C(=O)N[C@@H](C)C(=O)N[C@@H](C(C)C)C(=O)N[C@@H](CCCNC(N)=N)C(=O)N[C@@H](CC(C)C)C(=O)N[C@@H](Cc1ccccc1)C(=O)N[C@@H]([C@@H](C)CC)C(=O)N[C@@H](CCC(O)=O)C(=O)N[C@@H](Cc1c[nH]c2ccccc12)C(=O)N[C@@H](CC(C)C)C(=O)N[C@@H](CCCCN)C(=O)N[C@@H](CC(N)=O)C(=O)NCC(=O)NCC(=O)N1CCC[C@H]1C(=O)N[C@@H](CO)C(=O)N[C@@H](CO)C(=O)NCC(=O)N[C@@H](C)C(=O)N1CCC[C@H]1C(=O)N1CCC[C@H]1C(=O)N1CCC[C@H]1C(=O)N[C@@H](CO)C(N)=O
FQVLRGLGWNWPSS-XDKAFHOCSA-N,,exherin,CC(C)[C@@H]1NC(=O)[C@H](C)NC(=O)[C@H](Cc2cnc[nH]2)NC(=O)[C@H](CSSC[C@H](NC1=O)C(N)=O)NC(C)=O
XEDWWPGWIXPVRQ-UHFFFAOYSA-N,40399.0,exifone,Oc1ccc(C(=O)c2cc(O)c(O)c(O)c2)c(O)c1O
MVGSNCBCUWPVDA-MFOYZWKCSA-N,5472495.0,exisulind,CC1=C(CC(O)=O)c2cc(F)ccc2\C1=C/c1ccc(cc1)S(C)(=O)=O
KIAPWMKFHIKQOZ-UHFFFAOYSA-N,310557.0,EXO-1,COC(=O)c1ccccc1NC(=O)c1ccc(F)cc1
ZGSXEXBYLJIOGF-BTYSMDAFSA-N,1163034.0,exo-IWR-1,O=C(Nc1cccc2cccnc12)c1ccc(cc1)N1C(=O)[C@H]2[C@H]3C[C@H](C=C3)[C@H]2C1=O
GWEJFLVSOGNLSS-WPFOTENUSA-N,5310939.0,ezatiostat,CCOC(=O)[C@@H](N)CCC(=O)N[C@@H](CSCc1ccccc1)C(=O)N[C@@H](C(=O)OCC)c1ccccc1
OLNTVTPDXPETLC-XPWALMASSA-N,150311.0,ezetimibe,O[C@@H](CC[C@@H]1[C@H](N(C1=O)c1ccc(F)cc1)c1ccc(O)cc1)c1ccc(F)cc1
WRIPKYOZKAJHRL-UHFFFAOYSA-N,886736.0,ezutromid,CCN(CC)c1ccc(cc1)-n1nc2cc(C)c(N)cc2n1
NMYAHEULKSYAPP-UHFFFAOYSA-N,208928.0,F-11440,Cn1c(=O)cnn(CCCCN2CCN(CC2)c2ncccn2)c1=O
BUWVEXMRBAWBPJ-KUBAVDMBSA-N,14671646.0,F-16915,CC\C=C/C\C=C/C\C=C/C\C=C/C\C=C/C\C=C/CCC(=O)OCc1cccnc1
NETTXQJYJRFTFS-UHFFFAOYSA-N,11217901.0,F351,Cc1ccc(=O)n(c1)-c1ccc(O)cc1
CLPFFLWZZBQMAO-CQSZACIVSA-N,9815923.0,fadrozole,N#Cc1ccc(cc1)[C@H]1CCCc2cncn12
YZNNBIPIQWYLDM-HSUXUTPPSA-N,72259.0,fagomine,OC[C@H]1NCC[C@@H](O)[C@@H]1O
XPYGGHVSFMUHLH-UUSULHAXSA-N,5282190.0,falecalcitriol,C[C@H](CCCC(O)(C(F)(F)F)C(F)(F)F)[C@H]1CC[C@H]2\C(CCC[C@]12C)=C\C=C1\C[C@@H](O)C[C@H](O)C1=C
GGXKWVWZWMLJEH-UHFFFAOYSA-N,3324.0,famciclovir,CC(=O)OCC(CCn1cnc2cnc(N)nc12)COC(C)=O
XUFQPHANEAPEMJ-UHFFFAOYSA-N,5702160.0,famotidine,NC(=N)Nc1nc(CSCC\C(N)=N/S(N)(=O)=O)cs1
GNUXVOXXWGNPIV-IBGZPJMESA-N,6604370.0,famprofazone,CC(C)c1c(CN(C)[C@@H](C)Cc2ccccc2)n(C)n(-c2ccccc2)c1=O
VGIGHGMPMUCLIQ-UHFFFAOYSA-N,60785.0,fananserin,Fc1ccc(cc1)N1CCN(CCCN2c3cccc4cccc(c34)S2(=O)=O)CC1
WEEYMMXMBFJUAI-UHFFFAOYSA-N,54339.0,fanetizole,C(Cc1ccccc1)Nc1nc(cs1)-c1ccccc1
ITAMRBIZWGDOHW-UHFFFAOYSA-N,119349.0,fantofarone,COc1ccc(CCN(C)CCCOc2ccc(cc2)S(=O)(=O)c2c(cn3ccccc23)C(C)C)cc1OC
XFVRBYKKGGDPAJ-UHFFFAOYSA-N,4118151.0,farampator,O=C(N1CCCCC1)c1ccc2nonc2c1
GZTMFRUGZMZCRD-CFBAGHHKSA-N,25187973.0,farnesyl-thiosalicylic-acid-amide,CC(C)=CCC\C(C)=C\CC\C(C)=C\CSc1ccccc1C(N)=O
HGGAKXAHAYOLDJ-OJKLQORTSA-N,14659032.0,faropenem,C[C@@H](O)[C@H]1[C@H]2SC([C@H]3CCCO3)=C(N2C1=O)C(O)=O
JQBKWZPHJOEQAO-DVPVEWDBSA-N,6918218.0,faropenem-medoxomil,C[C@@H](O)[C@@H]1[C@H]2SC([C@H]3CCCO3)=C(N2C1=O)C(=O)OCc1oc(=O)oc1C
GOWRRBABHQUJMX-MRVPVSSYSA-N,198695.0,fasoracetam,O=C([C@H]1CCC(=O)N1)N1CCCCC1
NGOGFTYYXHNFQH-UHFFFAOYSA-N,3547.0,fasudil,O=S(=O)(N1CCCNCC1)c1cccc2cnccc12
ZCGNOVWYSGBHAU-UHFFFAOYSA-N,492405.0,favipiravir,NC(=O)c1nc(F)c[nH]c1=O
JEGGQYICWGMXOZ-KLZPLVFYSA-N,,FCE-22250,CO[C@H]1\C=C\O[C@@]2(C)Oc3c(C2=O)c2c(O)c(\C=N\N=C\N4CCCCC4)c(NC(=O)\C(C)=C/C=C/[C@H](C)[C@H](O)[C@@H](C)[C@@H](O)[C@@H](C)[C@H](OC(C)=O)[C@@H]1C)c(O)c2c(O)c3C
IDYKCXHJJGMAEV-RRKCRQDMSA-N,515328.0,fdcyd,Nc1nc(=O)n(cc1F)[C@H]1C[C@H](O)[C@@H](CO)O1
WBLXZPHICYCDGN-GFCCVEGCSA-N,36688222.0,febuprol,CCCCOC[C@@H](O)COc1ccccc1
BQSJTQLCZDPROO-UHFFFAOYSA-N,134018.0,febuxostat,CC(C)COc1ccc(cc1C#N)-c1nc(C)c(s1)C(O)=O
JOOXLOJCABQBSG-UHFFFAOYSA-N,16722836.0,fedratinib,Cc1cnc(Nc2ccc(OCCN3CCCC3)cc2)nc1Nc1cccc(c1)S(=O)(=O)NC(C)(C)C
WKGXYQFOCVYPAC-UHFFFAOYSA-N,3331.0,felbamate,NC(=O)OCC(COC(N)=O)c1ccccc1
QRZAKQDHEVVFRX-UHFFFAOYSA-N,3332.0,felbinac,OC(=O)Cc1ccc(cc1)-c1ccccc1
NPPJLSILDPVHCM-UHFFFAOYSA-N,26436.0,felbinac-ethyl,CCOC(=O)Cc1ccc(cc1)-c1ccccc1
RZTAMFZIAATZDJ-HNNXBMFYSA-N,941699.0,felodipine,CCOC(=O)C1=C(C)NC(C)=C([C@@H]1c1cccc(Cl)c1Cl)C(=O)OC
SFKQVVDKFKYTNA-HLQBGFAYSA-N,,felypressin,[H][C@@]1(Cc2ccccc2)NC(=O)[C@H](Cc2ccccc2)NC(=O)[C@@H](N)CSSC[C@H](NC(=O)[C@H](CC(N)=O)NC(=O)[C@H](CCC(N)=O)NC1=O)C(=O)N1CCC[C@H]1C(=O)N[C@@H](CCCCN)C(=O)NCC(N)=O
BITWVVLBVUMFHU-UHFFFAOYSA-N,9376.0,fenaclon,ClCCC(=O)NCCc1ccccc1
HDDSHPAODJUKPD-UHFFFAOYSA-N,3334.0,fenbendazole,COC(=O)Nc1nc2ccc(Sc3ccccc3)cc2[nH]1
ZPAKPRAICRBAOD-UHFFFAOYSA-N,3335.0,fenbufen,OC(=O)CCC(=O)c1ccc(cc1)-c1ccccc1
NIGWMJHCCYYCSF-QMMMGPOBSA-N,736190.0,fenclonine-(+/-),N[C@@H](Cc1ccc(Cl)cc1)C(O)=O
NMKSAYKQLCHXDK-LJQANCHMSA-N,36687769.0,fendiline,C[C@@H](NCCC(c1ccccc1)c1ccccc1)c1ccccc1
WNEODWDFDXWOLU-QHCPKHFHSA-N,86567195.0,fenebrutinib,C[C@H]1CN(CCN1c1ccc(Nc2cc(cn(C)c2=O)-c2ccnc(N3CCn4c5CC(C)(C)Cc5cc4C3=O)c2CO)nc1)C1COC1
DAFOCGYVTAOKAJ-SECBINFHSA-N,685623.0,fenigam,NC[C@@H](CC(O)=O)c1ccccc1
OVGORFFCBUIFIA-LLVKDONJSA-N,6999795.0,fenipentol,CCCC[C@@H](O)c1ccccc1
DWPQODZAOSWNHB-UHFFFAOYSA-N,135659063.0,fenobam,CN1CC(=O)N=C1NC(=O)Nc1cccc(Cl)c1
YMTINGFKWWXKFG-UHFFFAOYSA-N,3339.0,fenofibrate,CC(C)OC(=O)C(C)(C)Oc1ccc(cc1)C(=O)c1ccc(Cl)cc1
MQOBSOSZFYZQOK-UHFFFAOYSA-N,64929.0,fenofibric-acid,CC(C)(Oc1ccc(cc1)C(=O)c1ccc(Cl)cc1)C(O)=O
TVURRHSHRRELCG-CYBMUJFWSA-N,30026875.0,fenoldopam,Oc1ccc(cc1)[C@H]1CNCCc2c(Cl)c(O)c(O)cc12
RDJGLLICXDHJDY-LLVKDONJSA-N,41097863.0,fenoprofen,C[C@@H](C(O)=O)c1cccc(Oc2ccccc2)c1
LSLYOANBFKQKPT-APPDUMDISA-N,688469.0,fenoterol,C[C@@H](Cc1ccc(O)cc1)NC[C@@H](O)c1cc(O)cc(O)c1
UBAJTZKNDCEGKL-UHFFFAOYSA-N,72098.0,fenoverine,O=C(CN1CCN(Cc2ccc3OCOc3c2)CC1)N1c2ccccc2Sc2ccccc12
PQKBPHSEKWERTG-LLVKDONJSA-N,91707.0,fenoxaprop-p-ethyl,CCOC(=O)[C@@H](C)Oc1ccc(Oc2nc3ccc(Cl)cc3o2)cc1
AKJHMTWEGVYYSE-FXILSDISSA-N,5288209.0,fenretinide,C\C(\C=C\C1=C(C)CCCC1(C)C)=C/C=C/C(/C)=C/C(=O)Nc1ccc(O)cc1
FVNFBBAOMBJTST-UHFFFAOYSA-N,3344.0,fenspiride,O=C1NCC2(CCN(CCc3ccccc3)CC2)O1
PNVJTZOFSHSLTO-UHFFFAOYSA-N,3346.0,fenthion,COP(=S)(OC)Oc1ccc(SC)c(C)c1
JIEKMACRVQTPRC-UHFFFAOYSA-N,28871.0,fentiazac,OC(=O)Cc1sc(nc1-c1ccc(Cl)cc1)-c1ccccc1
ZCJYUTQZBAIHBS-XMMPIXPASA-N,36688220.0,fenticonazole,Clc1ccc([C@@H](Cn2ccnc2)OCc2ccc(Sc3ccccc3)cc2)c(Cl)c1
LRRMQNGSYOUANY-OMCISZLKSA-N,135931707.0,FERb-033,O\N=C\c1ccc(c(Cl)c1O)-c1ccc(O)c(F)c1
UZTPLPOYSVSMBU-UHFFFAOYSA-N,92043331.0,ferroquine,CN(C)CC1=CC=C[C@@]1(CNc1ccnc2cc(Cl)ccc12)[Fe]C1C=CC=C1
UJHBVMHOBZBWMX-UHFFFAOYSA-N,4068248.0,ferrostatin-1,CCOC(=O)c1ccc(NC2CCCCC2)c(N)c1
KSEBMYQBYZTDHS-HWKANZROSA-N,445858.0,ferulic-acid,COc1cc(\C=C\C(O)=O)ccc1O
DCCSDBARQIPTGU-HSZRJFAPSA-N,6918558.0,fesoterodine,CC(C)N(CC[C@H](c1ccccc1)c1cc(CO)ccc1OC(=O)C(C)C)C(C)C
GFPPXZDRVCSVNR-UHFFFAOYSA-N,23582412.0,fevipiprant,Cc1c(CC(O)=O)c2cccnc2n1Cc1ccc(cc1C(F)(F)F)S(C)(=O)=O
VLQTUNDJHLEFEQ-KGENOOAVSA-N,5326713.0,fexaramine,COC(=O)\C=C\c1cccc(c1)N(Cc1ccc(cc1)-c1ccc(cc1)N(C)C)C(=O)C1CCCCC1
MIWWSGDADVMLTG-UHFFFAOYSA-N,68792.0,fexinidazole,CSc1ccc(OCc2ncc(n2C)[N+]([O-])=O)cc1
RWTNPBWLLIMQHL-LJAQVGFWSA-N,6603853.0,fexofenadine,CC(C)(C(O)=O)c1ccc(cc1)[C@@H](O)CCCN1CCC(CC1)C(O)(c1ccccc1)c1ccccc1
PPSNFPASKFYPMN-SECBINFHSA-N,117604931.0,fezolinetant,C[C@H]1N(CCn2c1nnc2-c1nc(C)ns1)C(=O)c1ccc(F)cc1
OUQVKRKGTAUJQA-UHFFFAOYSA-N,6914666.0,FG-2216,OC(=O)CNC(=O)c1nc(Cl)c2ccccc2c1O
YOZBGTLTNGAVFU-UHFFFAOYSA-N,11256664.0,FG-4592,Cc1nc(C(=O)NCC(O)=O)c(O)c2ccc(Oc3ccccc3)cc12
QMCOPDWHWYSJSA-UHFFFAOYSA-N,4375.0,FG-7142,CNC(=O)c1cc2c(cn1)[nH]c1ccccc21
VUWXAQFLTSBUDB-UHFFFAOYSA-N,132496.0,FGIN-1-27,CCCCCCN(CCCCCC)C(=O)Cc1c([nH]c2ccccc12)-c1ccc(F)cc1
XTZUPNNVXIMWAR-UHFFFAOYSA-N,3995234.0,FGIN-1-43,CCCCCCN(CCCCCC)C(=O)Cc1c([nH]c2ccc(Cl)cc12)-c1ccc(Cl)cc1
AXNUEXXEQGQWPA-UHFFFAOYSA-N,3463933.0,FH-535,Cc1cc(ccc1NS(=O)(=O)c1cc(Cl)ccc1Cl)[N+]([O-])=O
OEXMNSOPAKOPEF-UHFFFAOYSA-N,94990.0,FH1,CC(=O)Nc1ccc(Cc2ccc(NC(C)=O)cc2)cc1
GIMSJJHKKXRFGV-BYPJNBLXSA-N,50312.0,fiacitabine,Nc1nc(=O)n(cc1I)[C@@H]1O[C@H](CO)[C@@H](O)[C@@H]1F
WAAPEIZFCHNLKK-PELKAZGASA-N,449156.0,fidarestat,NC(=O)[C@H]1C[C@]2(NC(=O)NC2=O)c2cc(F)ccc2O1
ZVGNESXIJDCBKN-UUEYKCAUSA-N,10034073.0,fidaxomicin,CC[C@H]1\C=C(C)\[C@@H](O)C\C=C\C=C(CO[C@@H]2O[C@H](C)[C@@H](OC(=O)c3c(O)c(Cl)c(O)c(Cl)c3CC)[C@H](O)[C@@H]2OC)\C(=O)O[C@@H](C\C=C(/C)\C=C(C)\[C@@H]1O[C@@H]1OC(C)(C)[C@@H](OC(=O)C(C)C)[C@H](O)[C@@H]1O)[C@@H](C)O
LLXISKGBWFTGEI-FQEVSTJZSA-N,44224257.0,filanesib,CON(C)C(=O)N1N=C(S[C@@]1(CCCN)c1ccccc1)c1cc(F)ccc1F
RIJLVEAXPNLDTC-UHFFFAOYSA-N,49831257.0,filgotinib,O=C(Nc1nc2cccc(-c3ccc(CN4CCS(=O)(=O)CC4)cc3)n2n1)C1CC1
AMEROGPZOLAFBN-UHFFFAOYSA-N,9870652.0,fimasartan,CCCCc1nc(C)c(CC(=S)N(C)C)c(=O)n1Cc1ccc(cc1)-c1ccccc1-c1nn[nH]n1
FYMHQCNFKNMJAV-HOTGVXAUSA-N,11567473.0,finafloxacin,OC(=O)c1cn(C2CC2)c2c(C#N)c(N3C[C@@H]4NCCO[C@H]4C3)c(F)cc2c1=O
DBEPLOCGEIEOCV-WSBQPABSSA-N,57363.0,finasteride,CC(C)(C)NC(=O)[C@H]1CC[C@H]2[C@@H]3CC[C@H]4NC(=O)C=C[C@]4(C)[C@H]3CC[C@]12C
KKGQTZUTZRNORY-UHFFFAOYSA-N,107970.0,fingolimod,CCCCCCCCc1ccc(CCC(N)(CO)CO)cc1
BFUJHVVEMMWLHC-UHFFFAOYSA-N,3351.0,fipexide,Clc1ccc(OCC(=O)N2CCN(Cc3ccc4OCOc4c3)CC2)cc1
LHABRXRGDLASIH-UHFFFAOYSA-N,16739265.0,FIPI,Fc1ccc2[nH]c(cc2c1)C(=O)NCCN1CCC(CC1)n1c2ccccc2[nH]c1=O
ZOCSXAVNDGMNBV-AREMUKBSSA-N,15278226.0,fipronil,Nc1c(c(nn1-c1c(Cl)cc(cc1Cl)C(F)(F)F)C#N)[S@@](=O)C(F)(F)F
YLFZHHDVRSYTKT-NRFANRHFSA-N,9935681.0,firategrast,CCOCc1cc(OC)c(c(OC)c1)-c1ccc(C[C@H](NC(=O)c2c(F)cccc2F)C(O)=O)cc1
FULAPETWGIGNMT-UHFFFAOYSA-N,208910.0,firocoxib,CC1(C)OC(=O)C(OCC2CC2)=C1c1ccc(cc1)S(C)(=O)=O
ZZWWXIBKLBMSCS-FQEVSTJZSA-N,71528744.0,firsocostat,COc1ccccc1[C@H](Cn1c2sc(c(C)c2c(=O)n(c1=O)C(C)(C)C(O)=O)-c1ncco1)OC1CCOCC1
XHEFDIBZLJXQHF-UHFFFAOYSA-N,5281614.0,fisetin,Oc1ccc2c(c1)oc(-c1ccc(O)c(O)c1)c(O)c2=O
MGZKYOAQVGSSGC-DLBZAZTESA-N,91885617.0,fisogatinib,COc1cc(OC)c(Cl)c(c1Cl)-c1ccc2nc(N[C@@H]3COCC[C@@H]3NC(=O)C=C)ncc2c1
VDKBIFPJULZUPU-UHFFFAOYSA-N,84008.0,FIT,CCC(=O)N(C1CCN(CCc2ccc(cc2)N=C=S)CC1)c1ccccc1
HYZHONGSQNXMPH-YJRDZJJMSA-N,,FK-33-824,C[C@H](NC(=O)[C@@H](N)Cc1ccc(O)cc1)C(=O)NCC(=O)N(C)[C@@H](Cc1ccccc1)C(=O)N[C@H](CO)CC[S@@](C)=O
DIIYLGZNZGPXRR-UHFFFAOYSA-N,164009.0,FK-3311,CC(=O)c1ccc(NS(C)(=O)=O)c(Oc2ccc(F)cc2F)c1
MZAGXDHQGXUDDX-FGCOBAPNSA-N,94621715.0,FK-409,CC\C(=C/C(=N/O)/C(N)=O)[C@@H](C)[N+]([O-])=O
KPBNHDGDUADAGP-VAWYXSNFSA-N,6914657.0,FK-866,O=C(NCCCCC1CCN(CC1)C(=O)c1ccccc1)\C=C\c1cccnc1
BFNKQTIJVFGCKQ-PDJGWCFMSA-N,107967.0,FK-888,CN(Cc1ccccc1)C(=O)[C@H](Cc1ccc2ccccc2c1)NC(=O)[C@@H]1C[C@@H](O)CN1C(=O)c1cn(C)c2ccccc12
VBHVOHJOTMCSBQ-UHFFFAOYSA-N,9816738.0,FK-962,CC(=O)N1CCC(CC1)NC(=O)c1ccc(F)cc1
MNYJJHBAEYKXEG-UHFFFAOYSA-N,56682080.0,GK921,C(CN1CCCC1)Oc1nc2cccnc2nc1C#Cc1ccccc1
VWWQXMAJTJZDQX-UYBVJOGSSA-N,643975.0,flavin-adenine-dinucleotide,Cc1cc2nc3c(nc(=O)[nH]c3=O)n(C[C@H](O)[C@H](O)[C@H](O)CO[P@@](O)(=O)O[P@@](O)(=O)OC[C@H]3O[C@H]([C@H](O)[C@@H]3O)n3cnc4c(N)ncnc34)c2cc1C
SPIUTQOUKAMGCX-UHFFFAOYSA-N,3354.0,flavoxate,Cc1c(oc2c(cccc2c1=O)C(=O)OCCN1CCCCC1)-c1ccccc1
DJBNUMBKLMJRSA-UHFFFAOYSA-N,46864232.0,flecainide,FC(F)(F)COc1ccc(OCC(F)(F)F)c(c1)C(=O)NCC1CCCCN1
XBJBPGROQZJDOJ-UHFFFAOYSA-N,40466912.0,fleroxacin,CN1CCN(CC1)c1c(F)cc2c(c1F)n(CCF)cc(C(O)=O)c2=O
DUGBYNJMBYPWGS-FOIFJWKZSA-N,6966819.0,FLI-06,CC1=NC2=C([C@@H](C1C(=O)OC1CCCCC1)c1ccc(cc1)[N+]([O-])=O)C(=O)CC(C)(C)C2
PPRRDFIXUUSXRA-UHFFFAOYSA-N,6918248.0,flibanserin,FC(F)(F)c1cccc(c1)N1CCN(CCn2c3ccccc3[nH]c2=O)CC1
ULYONBAOIMCNEH-HNNXBMFYSA-N,214350.0,flindokalner,COc1ccc(Cl)cc1[C@]1(F)C(=O)Nc2cc(ccc12)C(F)(F)F
APQPGQGAWABJLN-GFCCVEGCSA-N,76958517.0,floctafenine,OC[C@@H](O)COC(=O)c1ccccc1Nc1ccnc2c(cccc12)C(F)(F)F
PTHLEKANMPKYDB-UHFFFAOYSA-N,3362.0,flopropione,CCC(=O)c1c(O)cc(O)cc1O
AYIRNRDRBQJXIF-NXEZZACHSA-N,114811.0,florfenicol,CS(=O)(=O)c1ccc(cc1)[C@@H](O)[C@@H](CF)NC(=O)C(Cl)Cl
DQOYUDHAZMAVLD-UHFFFAOYSA-N,216222.0,florifenine,FC(F)(F)c1ccc2c(Nc3ccccc3C(=O)OCCN3CCCC3)ccnc2c1
UYGONJYYUKVHDD-MRXNPFEDSA-N,11776383.0,flosequinan,Cn1cc([S@@](C)=O)c(=O)c2ccc(F)cc12
ODKNJVUHOIMIIZ-RRKCRQDMSA-N,5790.0,floxuridine,OC[C@H]1O[C@H](C[C@@H]1O)n1cc(F)c(=O)[nH]c1=O
HJFSVYUFOXAVAA-YUAYGMJFSA-N,90052320.0,FLT3-IN-1,CCCNc1nc(Nc2ccc(cc2)C#N)ncc1C#CCCCNC(=O)[C@H](C)N(C)C(=O)\C=C\CN(C)C
CPEUVMUXAHMANV-UHFFFAOYSA-N,35802.0,flubendazole,COC(=O)Nc1nc2ccc(cc2[nH]1)C(=O)c1ccc(F)cc1
PLDUPXSUYLZYBN-UHFFFAOYSA-N,3372.0,fluphenazine,OCCN1CCN(CCCN2c3ccccc3Sc3ccc(cc23)C(F)(F)F)CC1
UIOFUWFRIANQPC-JKIFEVAISA-N,21319.0,flucloxacillin,Cc1onc(c1C(=O)N[C@H]1[C@H]2SC(C)(C)[C@@H](N2C1=O)C(O)=O)-c1c(F)cccc1Cl
RFHAOTPXVQNOHP-UHFFFAOYSA-N,3365.0,fluconazole,OC(Cn1cncn1)(Cn1cncn1)c1ccc(F)cc1F
XRECTZIEBJDKEO-UHFFFAOYSA-N,3366.0,flucytosine,Nc1nc(=O)[nH]cc1F
HBUBKKRHXORPQB-FJFJXFQQSA-N,657237.0,fludarabine,Nc1nc(F)nc2n(cnc12)[C@@H]1O[C@H](CO)[C@@H](O)[C@@H]1O
GIUYCYHIANZCFB-FJFJXFQQSA-N,30751.0,fludarabine-phosphate,Nc1nc(F)nc2n(cnc12)[C@@H]1O[C@H](COP(O)(O)=O)[C@@H](O)[C@@H]1O
SYWHXTATXSMDSB-GSLJADNHSA-N,225609.0,fludrocortisone-acetate,CC(=O)OCC(=O)[C@@]1(O)CC[C@H]2[C@@H]3CCC4=CC(=O)CC[C@]4(C)[C@@]3(F)[C@@H](O)C[C@]12C
POPFMWWJOGLOIF-XWCQMRHXSA-N,15209.0,fludroxycortide,CC1(C)O[C@@H]2C[C@H]3[C@@H]4C[C@H](F)C5=CC(=O)CC[C@]5(C)[C@H]4[C@@H](O)C[C@]3(C)[C@@]2(O1)C(=O)CO
LPEPZBJOKDYZAD-UHFFFAOYSA-N,3371.0,flufenamic-acid,OC(=O)c1ccccc1Nc1cccc(c1)C(F)(F)F
BJCJYEYYYGBROF-UHFFFAOYSA-N,46848036.0,flumatinib,CN1CCN(Cc2ccc(cc2C(F)(F)F)C(=O)Nc2cnc(C)c(Nc3nccc(n3)-c3cccnc3)c2)CC1
OFBIFZUFASYYRE-UHFFFAOYSA-N,3373.0,flumazenil,CCOC(=O)c1ncn-2c1CN(C)C(=O)c1cc(F)ccc-21
DVASNQYQOZHAJN-OAHLLOKOSA-N,76961845.0,flumecinol,CC[C@@](O)(c1ccccc1)c1cccc(c1)C(F)(F)F
DPSPPJIUMHPXMA-ZETCQYMHSA-N,6918894.0,flumequine,C[C@H]1CCc2cc(F)cc3c2n1cc(C(O)=O)c3=O
WXURHACBFYSXBI-GQKYHHCASA-N,16490.0,flumethasone,C[C@@H]1C[C@H]2[C@@H]3C[C@H](F)C4=CC(=O)C=C[C@]4(C)[C@@]3(F)[C@@H](O)C[C@]2(C)[C@@]1(O)C(=O)CO
JWRMHDSINXPDHB-OJAGFMMFSA-N,443980.0,flumethasone-pivalate,C[C@@H]1C[C@H]2[C@@H]3C[C@H](F)C4=CC(=O)C=C[C@]4(C)[C@@]3(F)[C@@H](O)C[C@]2(C)[C@@]1(O)C(=O)COC(=O)C(C)(C)C
GXPYCYWPUGKQIJ-SNVBAGLBSA-N,76971765.0,flumexadol,FC(F)(F)c1cccc(c1)[C@H]1CNCCO1
SMANXXCATUTDDT-QPJJXVBHSA-N,941361.0,flunarizine,Fc1ccc(cc1)C(N1CCN(C\C=C\c2ccccc2)CC1)c1ccc(F)cc1
XSFJVAJPIHIPKU-XWCQMRHXSA-N,82153.0,flunisolide,CC1(C)O[C@@H]2C[C@H]3[C@@H]4C[C@H](F)C5=CC(=O)C=C[C@]5(C)[C@H]4[C@@H](O)C[C@]3(C)[C@@]2(O1)C(=O)CO
NOOCSNJCXJYGPE-UHFFFAOYSA-N,38081.0,flunixin-meglumin,Cc1c(Nc2ncccc2C(O)=O)cccc1C(F)(F)F
FEBLZLNTKCEFIT-VSXGLTOVSA-N,6215.0,fluocinolone-acetonide,CC1(C)O[C@@H]2C[C@H]3[C@@H]4C[C@H](F)C5=CC(=O)C=C[C@]5(C)[C@@]4(F)[C@@H](O)C[C@]3(C)[C@@]2(O1)C(=O)CO
WJOHZNCJWYWUJD-IUGZLZTKSA-N,9642.0,fluocinonide,CC(=O)OCC(=O)[C@@]12OC(C)(C)O[C@@H]1C[C@H]1[C@@H]3C[C@H](F)C4=CC(=O)C=C[C@]4(C)[C@@]3(F)[C@@H](O)C[C@]21C
GNBHRKFJIUUOQI-UHFFFAOYSA-N,16850.0,fluorescein,Oc1ccc2c(Oc3cc(O)ccc3C22OC(=O)c3ccccc23)c1
YRFXGQHBPBMFHW-SBTZIJSASA-N,240767.0,fluorometholone-acetate,C[C@H]1C[C@H]2[C@@H]3CC[C@](OC(C)=O)(C(C)=O)[C@@]3(C)C[C@H](O)[C@]2(F)[C@@]2(C)C=CC(=O)C=C12
PBVFROWIWWGIFK-UHFFFAOYSA-N,404592.0,fluoromethylcholine,C[N+](C)(CF)CCO
RTHCYVBBDHJXIQ-UHFFFAOYSA-N,657320.0,fluoxetine,CNCCC(Oc1ccc(cc1)C(F)(F)F)c1ccccc1
NJMYODHXAKYRHW-DVZOWYKESA-N,5281881.0,flupentixol,OCCN1CCN(CC\C=C2\c3ccccc3Sc3ccc(cc23)C(F)(F)F)CC1
VIQCGTZFEYDQMR-UHFFFAOYSA-N,3388.0,fluphenazine-decanoate,CCCCCCCCCC(=O)OCCN1CCN(CCCN2c3ccccc3Sc3ccc(cc23)C(F)(F)F)CC1
JUUFBMODXQKSTD-UHFFFAOYSA-N,53276.0,flupirtine,CCOC(=O)Nc1ccc(NCc2ccc(F)cc2)nc1N
CHQKHXJPWDSTPY-UHFFFAOYSA-N,71153.0,fluprazine,NC(=O)NCCN1CCN(CC1)c1cccc(c1)C(F)(F)F
MLBZKOGAMRTSKP-HXUWFJFHSA-N,71300892.0,fluralaner,Cc1cc(ccc1C(=O)NCC(=O)NCC(F)(F)F)C1=NO[C@](C1)(c1cc(Cl)cc(Cl)c1)C(F)(F)F
SYTBZMRGLBWNTM-SNVBAGLBSA-N,92337.0,flurbiprofen-(+/-),C[C@@H](C(O)=O)c1ccc(c(F)c1)-c1ccccc1
SYTBZMRGLBWNTM-JTQLQIEISA-N,72099.0,flurbiprofen-(S)-(+),C[C@H](C(O)=O)c1ccc(c(F)c1)-c1ccccc1
ALIVXCSEERJYHU-TZMCWYRMSA-N,40468023.0,flurbiprofen-axetil,C[C@H](OC(C)=O)OC(=O)[C@H](C)c1ccc(c(F)c1)-c1ccccc1
SYTBZMRGLBWNTM-SNVBAGLBSA-N,92337.0,flurizan,C[C@@H](C(O)=O)c1ccc(c(F)c1)-c1ccccc1
QWZFVMCWPLMLTL-UHFFFAOYSA-N,51173.0,flurofamide,NP(N)(=O)NC(=O)c1ccc(F)cc1
KGPPDNUWZNWPSI-UHFFFAOYSA-N,9528.0,flurothyl,FC(F)(F)COCC(F)(F)F
DLEGDLSLRSOURQ-UHFFFAOYSA-N,9844.0,fluroxene,FC(F)(F)COC=C
QOYHHIBFXOOADH-UHFFFAOYSA-N,3396.0,fluspirilene,Fc1ccc(cc1)C(CCCN1CCC2(CC1)N(CNC2=O)c1ccccc1)c1ccc(F)cc1
MKXKFYHWDHIYRV-UHFFFAOYSA-N,3397.0,flutamide,CC(C)C(=O)Nc1ccc(c(c1)C(F)(F)F)[N+]([O-])=O
WMWTYOKRWGGJOA-CENSZEJFSA-N,444036.0,fluticasone-propionate,CCC(=O)O[C@@]1([C@H](C)C[C@H]2[C@@H]3C[C@H](F)C4=CC(=O)C=C[C@]4(C)[C@@]3(F)[C@@H](O)C[C@]12C)C(=O)SCF
QHMWCHQXCUNUAK-UHFFFAOYSA-N,3401.0,flutrimazole,Fc1ccc(cc1)C(c1ccccc1)(c1ccccc1F)n1ccnc1
FJLGEFLZQAZZCD-MCBHFWOFSA-N,446155.0,fluvastatin,CC(C)n1c(\C=C\[C@@H](O)C[C@@H](O)CC(O)=O)c(-c2ccc(F)cc2)c2ccccc12
CJOFXWAVKWHTFT-XSFVSMFZSA-N,5324346.0,fluvoxamine,COCCCC\C(=N/OCCN)c1ccc(cc1)C(F)(F)F
CBPJQFCAFFNICX-IBGZPJMESA-N,1549133.0,fmoc-L-leucine,CC(C)C[C@H](NC(=O)OCC1c2ccccc2-c2ccccc12)C(O)=O
VXLAKHWYGRKCGI-UHFFFAOYSA-N,72195175.0,FN-1501,CN1CCN(Cc2ccc(NC(=O)c3[nH]ncc3Nc3ncnc4[nH]ccc34)cc2)CC1
OVBPIULPVIDEAO-LBPRGKRZSA-N,6037.0,folic-acid,Nc1nc(=O)c2nc(CNc3ccc(cc3)C(=O)N[C@@H](CCC(O)=O)C(O)=O)cnc2[nH]1
RIKMMFOAQPJVMX-UHFFFAOYSA-N,3406.0,fomepizole,Cc1cn[nH]c1
CVHGCWVMTZWGAY-UHFFFAOYSA-N,71693.0,fomocaine,C(CN1CCOCC1)Cc1ccc(COc2ccccc2)cc1
KANJSNBRCNMZMV-ABRZTLGGSA-N,5282448.0,fondaparinux,[H][C@@]1(O[C@@H]2[C@@H](COS(O)(=O)=O)O[C@H](O[C@@]3([H])[C@H](O)[C@@H](OS(O)(=O)=O)[C@H](O[C@@]4([H])[C@H](O)[C@@H](NS(O)(=O)=O)[C@@H](OC)O[C@@H]4COS(O)(=O)=O)O[C@H]3C(O)=O)[C@H](NS(O)(=O)=O)[C@H]2OS(O)(=O)=O)O[C@@H]([C@@H](O[C@@]2([H])O[C@H](COS(O)(=O)=O)[C@@H](O)[C@H](O)[C@H]2NS(O)(=O)=O)[C@H](O)[C@H]1O)C(O)=O
CXQHYVUVSFXTMY-UHFFFAOYSA-N,42642645.0,foretinib,COc1cc2c(Oc3ccc(NC(=O)C4(CC4)C(=O)Nc4ccc(F)cc4)cc3F)ccnc2cc1OCCCN1CCOCC1
ZMEULISFKSVRLQ-LZBOESDWSA-N,,formestane,C[C@]12CC[C@H]3[C@@H](CC[C@H]4C(=O)C(=O)CC[C@]34C)[C@@H]1CCC2=O
HKQYGTCOTHHOMP-UHFFFAOYSA-N,5280378.0,formononetin,COc1ccc(cc1)-c1coc2cc(O)ccc2c1=O
BPZSYCZIITTYBL-ORAYPTAESA-N,3034756.0,formoterol,COc1ccc(C[C@H](C)NC[C@@H](O)c2ccc(O)c(NC=O)c2)cc1
IWKXDMQDITUYRK-KUBHLMPHSA-N,135409409.0,forodesine,OC[C@H]1N[C@H]([C@H](O)[C@@H]1O)c1c[nH]c2c1[nH]cnc2=O
VVBFISAUNSXQGZ-UHFFFAOYSA-N,119368.0,foropafant,CC(C)c1cc(C(C)C)c(-c2csc(n2)N(CCN(C)C)Cc2cccnc2)c(c1)C(C)C
OHCQJHSOBUTRHG-KGGHGJDLSA-N,47936.0,forskolin,CC(=O)O[C@H]1[C@@H](O)[C@H]2C(C)(C)CC[C@H](O)[C@]2(C)[C@@]2(O)C(=O)C[C@@](C)(O[C@]12C)C=C
MLBVMOWEQCZNCC-OEMFJLHTSA-N,131536.0,fosamprenavir,CC(C)CN(C[C@@H](OP(O)(O)=O)[C@H](Cc1ccccc1)NC(=O)O[C@H]1CCOC1)S(=O)(=O)c1ccc(N)cc1
BARDROPHSZEBKC-OITMNORJSA-N,135413538.0,fosaprepitant-dimeglumine,C[C@@H](O[C@H]1OCCN(Cc2nn(c(=O)[nH]2)P(O)(O)=O)[C@H]1c1ccc(F)cc1)c1cc(cc(c1)C(F)(F)F)C(F)(F)F
WDOGQTQEKVLZIJ-WAYWQWQTSA-N,5351387.0,fosbretabulin,COc1ccc(\C=C/c2cc(OC)c(OC)c(OC)c2)cc1OP(O)(O)=O
ZJAOAACCNHFJAH-UHFFFAOYSA-N,3415.0,foscarnet,OC(=O)P(O)(O)=O
NLORYLAYLIXTID-ISLYRVAYSA-N,3032325.0,fosfestrol,CC\C(=C(\CC)c1ccc(OP(O)(O)=O)cc1)c1ccc(OP(O)(O)=O)cc1
GHJWNRRCRIGGIO-UHFFFAOYSA-N,214356.0,fosfluconazole,OP(O)(=O)OC(Cn1cncn1)(Cn1cncn1)c1ccc(F)cc1F
YMDXZJFXQJVXBF-STHAYSLISA-N,446987.0,fosfomycin,C[C@@H]1O[C@@H]1P(O)(O)=O
FFKUDWZICMJVPA-UHFFFAOYSA-N,3418.0,fosfosal,OC(=O)c1ccccc1OP(O)(O)=O
XPYBSIWDXQFNMH-UYFOZJQFSA-N,84951.0,fosfructose,O[C@H](COP(O)(O)=O)[C@@H](O)[C@H](O)C(=O)COP(O)(O)=O
BIDNLKIUORFRQP-AJTMIRJTSA-N,6708482.0,fosinopril,CCC(=O)O[C@@H](OP(=O)(CCCCc1ccccc1)CC(=O)N1C[C@@H](C[C@H]1C(O)=O)C1CCCCC1)C(C)C
WOIWWYDXDVSWAZ-RTWAWAEBSA-N,62956.0,fosinoprilat,OC(=O)[C@@H]1C[C@H](CN1C(=O)C[P@](O)(=O)CCCCc1ccccc1)C1CCCCC1
XWLUWCNOOVRFPX-UHFFFAOYSA-N,56339.0,fosphenytoin,OP(O)(=O)OCN1C(=O)NC(C1=O)(c1ccccc1)c1ccccc1
GKDRMWXFWHEQQT-UHFFFAOYSA-N,11671467.0,fostamatinib,COc1cc(Nc2ncc(F)c(Nc3ccc4OC(C)(C)C(=O)N(COP(O)(O)=O)c4n3)n2)cc(OC)c1OC
SWMDAPWAQQTBOG-UHFFFAOYSA-N,11319217.0,fostemsavir,COc1cnc(-n2cnc(C)n2)c2n(COP(O)(O)=O)cc(C(=O)C(=O)N3CCN(CC3)C(=O)c3ccccc3)c12
UETIXAMLWBFWOE-QMMMGPOBSA-N,,fotemustine,CCOP(=O)(OCC)[C@@H](C)NC(=O)N(CCCl)[NH2+][O-]
WFZPJYYCTSHDJI-ATIWLJMLSA-N,44628955.0,foxy-5,CSCC[C@H](NC=O)C(=O)N[C@@H](CC(O)=O)C(=O)NCC(=O)N[C@@H](CS)C(=O)N[C@@H](CCC(O)=O)C(=O)N[C@@H](CC(C)C)C(O)=O
WAOBCCBUTHNTFO-UHFFFAOYSA-N,2210370.0,FPH1-(BRD-6125),Cc1ccc(Cl)cc1N(CC(=O)Nc1c(F)cccc1F)S(C)(=O)=O
JINQHBRSXWQJAZ-UHFFFAOYSA-N,164087.0,FPL-12495,CC(N)(Cc1ccccc1)c1ccccc1
LMQBMWHHGVZWMR-MRXNPFEDSA-N,92460042.0,FPL-55712,CCCc1c(OC[C@@H](O)COc2ccc3c(oc(cc3=O)C(O)=O)c2CCC)ccc(C(C)=O)c1O
WKLGNFJHVJIZPK-UHFFFAOYSA-N,128268.0,FPL-62064,COc1ccc(Nc2ccn(n2)-c2ccccc2)cc1
MDMWHKZANMNXTF-UHFFFAOYSA-N,3423.0,FPL-64176,COC(=O)c1c(C)[nH]c(C)c1C(=O)c1ccccc1Cc1ccccc1
XDFKWGIBQMHSOH-UHFFFAOYSA-N,24752728.0,FPS-ZM1,Clc1ccc(cc1)C(=O)N(Cc1ccccc1)C1CCCCC1
UBHKJRYGKOSQDJ-UHFFFAOYSA-N,196841.0,FR-122047,COc1ccc(cc1)-c1nc(sc1-c1ccc(OC)cc1)C(=O)N1CCN(C)CC1
LIOKMIQQPDDTNO-UPRLRBBYSA-N,107810.0,FR-139317,CC(C)C[C@H](NC(=O)N1CCCCCC1)C(=O)N[C@H](Cc1cn(C)c2ccccc12)C(=O)N[C@H](Cc1ccccn1)C(O)=O
XVECMUKVOMUNLE-UHFFFAOYSA-N,53338808.0,FR-180204,Nc1[nH]nc2nnc(cc12)-c1c(nn2ccccc12)-c1ccccc1
DHKFOIHIUYFSOF-UHFFFAOYSA-N,68060125.0,FRAX486,CCn1c2nc(Nc3ccc(N4CCNCC4)c(F)c3)ncc2cc(-c2ccc(Cl)cc2Cl)c1=O
JHBWYQRKOUBPCA-UHFFFAOYSA-N,33334.0,frentizole,COc1ccc2nc(NC(=O)Nc3ccccc3)sc2c1
HMPQTEPEMQZWQH-QZTJIDSGSA-N,46936829.0,freselestat,CC(C)[C@@H](NC(=O)Cn1c(ncc(N)c1=O)-c1ccccc1)[C@@H](O)c1nnc(o1)C(C)(C)C
XPSQPHWEGNHMSK-SECBINFHSA-N,77992.0,frovatriptan,CN[C@@H]1CCc2[nH]c3ccc(cc3c2C1)C(N)=O
BALLNEJQLSTPIO-UHFFFAOYSA-N,44480399.0,fruquintinib,CNC(=O)c1c(C)oc2cc(Oc3ncnc4cc(OC)c(OC)cc34)ccc12
UIWZIDIJCUEOMT-PKNBQFBNSA-N,23648966.0,FT011,COc1cc(\C=C\C(=O)Nc2ccccc2C(O)=O)ccc1OCC#C
LLECMGGNFBKPRH-UHFFFAOYSA-N,71895.0,ftaxilide,Cc1cccc(C)c1NC(=O)c1ccccc1C(O)=O
WFWLQNSHRPWKFK-ZCFIWIBFSA-N,288216.0,ftorafur,Fc1cn([C@H]2CCCO2)c(=O)[nH]c1=O
SJWWTRQNNRNTPU-BWRPRJLXSA-N,5364094.0,fucoxanthin,[H]C(=[C@@]=C1C(C)(C)C[C@@H](C[C@@]1(C)O)OC(C)=O)C(\C)=C\C=C\C(\C)=C\C=C\C=C(/C)\C=C\C=C(/C)C(=O)C[C@]12O[C@@]1(C)C[C@H](O)CC2(C)C
KINWYTAUPKOPCQ-YFKPBYRVSA-N,36689154.0,fudosteine,N[C@@H](CSCCCO)C(O)=O
VWUXBMIQPBEWFH-CIAKRVSBSA-N,57300161.0,fulvestrant,C[C@]12CC[C@H]3[C@H]([C@@H]1CC[C@@H]2O)[C@H](CCCCCCCCC[S@@](=O)CCCC(F)(F)C(F)(F)F)Cc1cc(O)ccc31
NGGMYCMLYOUNGM-FKSJYSFPSA-N,12015870.0,fumagillin,CO[C@@H]1[C@@H](CC[C@]2(CO2)[C@@H]1[C@@]1(C)O[C@@H]1CC=C(C)C)OC(=O)\C=C\C=C\C=C\C=C\C(O)=O
UVBUBMSSQKOIBE-DSLOAKGESA-N,2733487.0,fumonisin-B1,CCCC[C@@H](C)[C@@H](OC(=O)C[C@@H](CC(O)=O)C(O)=O)[C@H](C[C@@H](C)C[C@H](O)CCCC[C@@H](O)C[C@H](O)[C@H](C)N)OC(=O)C[C@@H](CC(O)=O)C(O)=O
NEBUOXBYNAHKFV-NRFANRHFSA-N,49836093.0,funapide,FC(F)(F)c1ccc(CN2C(=O)[C@@]3(COc4cc5OCOc5cc34)c3ccccc23)o1
DECBQELQORZLLP-UAIOPKHMSA-N,6870646.0,furagin,[O-][N+](=O)c1ccc(\C=C\C=N\N2CC(=O)NC2=O)o1
YVQVOQKFMFRVGR-LLUUXILJSA-N,6604316.0,furaltadone,[O-][N+](=O)c1ccc(\C=N\N2C[C@@H](CN3CCOCC3)OC2=O)o1
ZJHZBDRZEZEDGB-UHFFFAOYSA-N,126437.0,furamidine,NC(=N)c1ccc(cc1)-c1ccc(o1)-c1ccc(cc1)C(N)=N
PLHJDBGFXBMTGZ-WEVVVXLNSA-N,5323714.0,furazolidone,[O-][N+](=O)c1ccc(\C=N\N2CCOC2=O)o1
VHWFITPGPFLBGT-UHFFFAOYSA-N,3437.0,furegrelate,OC(=O)c1cc2cc(Cc3cccnc3)ccc2o1
ZZUFCTLCJUWOSV-UHFFFAOYSA-N,3440.0,furosemide,NS(=O)(=O)c1cc(C(O)=O)c(NCc2ccco2)cc1Cl
JTLXCMOFVBXEKD-XYGUXCPDSA-N,38988761.0,fursultiamine,C\C(N(Cc1cnc(C)nc1N)C=O)=C(\CCO)SSC[C@H]1CCCO1
MJPPGVVIDGQOQT-HYXAFXHYSA-N,6438461.0,furvina,[O-][N+](=O)C(\Br)=C/c1ccc(Br)o1
IECPWNUMDGFDKC-MZJAQBGESA-N,3000226.0,fusidic-acid,C[C@@H]1[C@H](O)CC[C@@]2(C)[C@H]1CC[C@@]1(C)[C@H]2[C@H](O)C[C@H]2\C([C@H](C[C@]12C)OC(C)=O)=C(/CCC=C(C)C)C(O)=O
KEIPNCCJPRMIAX-HNNXBMFYSA-N,71621331.0,futibatinib,COc1cc(OC)cc(c1)C#Cc1nn([C@H]2CCN(C2)C(=O)C=C)c2ncnc(N)c12
VHSVKVWHYFBIFJ-HKZYLEAXSA-N,5322399.0,G-1,CC(=O)c1ccc2N[C@H]([C@H]3CC=C[C@H]3c2c1)c1cc2OCOc2cc1Br
YOLTZIVRJAPVPH-MVBJNABHSA-N,25727983.0,G-15,Brc1cc2OCOc2cc1[C@H]1Nc2ccccc2[C@H]2C=CC[C@@H]12
SXWMIXPJPNCXQQ-UHFFFAOYSA-N,78357765.0,G-749,CN1CCC(CC1)Nc1nc(Nc2ccc(Oc3ccccc3)cc2)c2c(O)ncc(Br)c2n1
NPNUFJAVOOONJE-GFUGXAQUSA-N,5281515.0,g-caryophyllene,C\C1=C/CCC(=C)[C@H]2CC(C)(C)[C@@H]2CC1
HIWVLHPKZNBSBE-OUKQBFOZSA-N,67960134.0,G007-LK,CS(=O)(=O)c1ccc(nc1)-c1nnc(\C=C\c2nnc(o2)-c2ccc(cc2)C#N)n1-c1ccccc1Cl
YGFYZZQGVSUXJE-HZJYTTRNSA-N,6438152.0,GABA-linoleamide,CCCCC\C=C/C\C=C/CCCCCCCC(=O)NCCCC(O)=O
UGJMXCAKCUNAIE-UHFFFAOYSA-N,6919078.0,gabapentin,NCC1(CC(O)=O)CCCCC1
TZDUHAJSIBHXDL-GFCCVEGCSA-N,66864580.0,gabapentin-enacarbil,CC(C)C(=O)O[C@@H](C)OC(=O)NCC1(CC(O)=O)CCCCC1
ACVGNKYJVGNLIL-UHFFFAOYSA-N,107896.0,gabazine,COc1ccc(cc1)-c1ccc(=N)n(CCCC(O)=O)n1
YKGYIDJEEQRWQH-UHFFFAOYSA-N,3447.0,gabexate,CCOC(=O)c1ccc(OC(=O)CCCCCNC(N)=N)cc1
ZXRVKCBLGJOCEE-UHFFFAOYSA-N,3448.0,gaboxadol,O=c1[nH]oc2CNCCc12
ZPDFIIGFYAHNSK-YYLIZZNMSA-K,70678987.0,gadobutrol,[H]O[C@@H](CO)[C@H](CO)N1CCN2CCN3CCN(CC1)CC(=O)O[Gd](OC(=O)C3)OC(=O)C2
HZHFFEYYPYZMNU-UHFFFAOYSA-K,24847884.0,gadodiamide,CNC(=O)CN1CCN2CCN(CC(=O)NC)CC(=O)O[Gd](OC(=O)C1)OC(=O)C2
IZOOGPBRAOKZFK-UHFFFAOYSA-K,6857474.0,gadopentetic-acid,OC(=O)CN1CCN2CCN(CC(O)=O)CC(=O)O[Gd](OC(=O)C1)OC(=O)C2
WDLRUFUQRNWCPK-UHFFFAOYSA-N,121841.0,gadoterate-meglumine,OC(=O)CN1CCN(CC(O)=O)CCN(CC(O)=O)CCN(CC(O)=O)CC1
DPNNNPAKRZOSMO-PFEQFJNWSA-K,101671780.0,gadoteridol,C[C@@H](O)CN1CCN2CCN3CCN(CC1)CC(=O)O[Gd](OC(=O)C2)OC(=O)C3
FJNLCHNQVJVCPY-UHFFFAOYSA-N,57340959.0,GAL-021,CCCNc1nc(NCCC)nc(n1)N(C)OC
ASUTZQLVASHGKV-JDFRZJQESA-N,9651.0,galantamine,COc1ccc2CN(C)CC[C@@]34C=C[C@H](O)C[C@@H]3Oc1c24
PAFKTGFSEFKSQG-PAASFTFBSA-N,11188409.0,galeterone,[H][C@@]12CC=C(n3cnc4ccccc34)[C@@]1(C)CC[C@@]1([H])[C@@]2([H])CC=C2C[C@@H](O)CC[C@]12C
AMFDITJFBUXZQN-KUBHLMPHSA-N,10445549.0,galidesivir,Nc1ncnc2c(c[nH]c12)[C@@H]1N[C@H](CO)[C@@H](O)[C@H]1O
OZLPUNFFCJDMJD-UHFFFAOYSA-N,3450.0,gallamine-triethiodide,CC[N+](CC)(CC)CCOc1cccc(OCC[N+](CC)(CC)CC)c1OCC[N+](CC)(CC)CC
LNTHITQWFMADLM-UHFFFAOYSA-N,370.0,gallic-acid,OC(=O)c1cc(O)c(O)c(O)c1
KWQNQSDKCINQQP-UHFFFAOYSA-K,9806063.0,gallium-triquinolin-8-olate,O([Ga](Oc1cccc2cccnc12)Oc1cccc2cccnc12)c1cccc2cccnc12
XQLWNAFCTODIRK-UHFFFAOYSA-N,1234.0,gallopamil,COc1ccc(CCN(C)CCCC(C#N)(C(C)C)c2cc(OC)c(OC)c(OC)c2)cc1OC
GEZHEQNLKAOMCA-RRZNCOCZSA-N,9852185.0,gambogic-acid,CC(C)=CCC[C@@]1(C)Oc2c(CC=C(C)C)c3O[C@@]45[C@H]6C[C@@H](C=C4C(=O)c3c(O)c2C=C1)C(=O)[C@]5(C\C=C(\C)C(O)=O)OC6(C)C
VWAMTBXLZPEDQO-RHJMDXJBSA-N,,gamithromycin,[H][C@@]1(C[C@@](C)(OC)[C@@H](O)[C@H](C)O1)O[C@H]1[C@H](C)[C@@H](O[C@]2([H])O[C@H](C)C[C@@H]([C@H]2O)N(C)C)[C@](C)(O)C[C@@H](C)N(CCC)C[C@H](C)[C@@H](O)[C@](C)(O)[C@@H](CC)OC(=O)[C@@H]1C
BTCSSZJGUNDROE-UHFFFAOYSA-N,6992099.0,gamma-aminobutyric-acid,NCCCC(O)=O
VZCCETWTMQHEPK-QNEBEIHSSA-N,5280933.0,gamma-linolenic-acid,CCCCC\C=C/C\C=C/C\C=C/CCCCC(O)=O
PGTVWKLGGCQMBR-FLBATMFCSA-N,6918305.0,ganaxolone,CC(=O)[C@H]1CC[C@H]2[C@@H]3CC[C@H]4C[C@](C)(O)CC[C@]4(C)[C@H]3CC[C@]12C
IRSCQMHQWWYFCW-UHFFFAOYSA-N,135398740.0,ganciclovir,Nc1nc(=O)c2ncn(COC(CO)CO)c2[nH]1
RVAQIUULWULRNW-UHFFFAOYSA-N,135564985.0,ganetespib,CC(C)c1cc(-c2n[nH]c(=O)n2-c2ccc3n(C)ccc3c2)c(O)cc1O
DYOKDAQBNHPJFD-JNTBEZBXSA-N,471002.0,ganoderic-acid-a,[H][C@@]12C[C@H](O)C3=C(C(=O)C[C@]4(C)[C@H](C[C@H](O)[C@@]34C)[C@H](C)CC(=O)C[C@@H](C)C(O)=O)[C@@]1(C)CCC(=O)C2(C)C
USWLOKMMUTWFMD-UHFFFAOYSA-N,253078.0,GANT-58,c1cc(ccn1)-c1sc(c(c1-c1ccncc1)-c1ccncc1)-c1ccncc1
KVQOGDQTWWCZFX-UHFFFAOYSA-N,421610.0,GANT-61,CN(C)c1ccccc1CN1CCCN(Cc2ccccc2N(C)C)C1c1ccncc1
NJDRXTDGYFKORP-LLVKDONJSA-N,40461170.0,garenoxacin,C[C@H]1NCc2cc(ccc12)-c1ccc2c(c1OC(F)F)n(cc(C(O)=O)c2=O)C1CC1
PUQSUZTXKPLAPR-UJPOAAIJSA-N,115067.0,gastrodin,OC[C@H]1O[C@@H](Oc2ccc(CO)cc2)[C@H](O)[C@@H](O)[C@@H]1O
XUBOMFCQGDBHNK-JTQLQIEISA-N,6971135.0,gatifloxacin,COc1c(N2CCN[C@@H](C)C2)c(F)cc2c1n(cc(C(O)=O)c2=O)C1CC1
WZBNEZWCNKUOSM-VOTSOKGWSA-N,6450546.0,gavestinel,OC(=O)c1[nH]c2cc(Cl)cc(Cl)c2c1\C=C\C(=O)Nc1ccccc1
XFBDGHFDKJITGC-JLHYYAGUSA-N,5788723.0,GBR-12783,C(CN1CCN(C\C=C\c2ccccc2)CC1)OC(c1ccccc1)c1ccccc1
RAQPOZGWANIDQT-UHFFFAOYSA-N,3456.0,GBR-12935,C(CN1CCN(CCOC(c2ccccc2)c2ccccc2)CC1)Cc1ccccc1
DASHZBBQOARCMQ-QPJJXVBHSA-N,5974189.0,GBR-13069,Fc1ccc(cc1)C(OCCN1CCN(C\C=C\c2ccccc2)CC1)c1ccc(F)cc1
GRZXWCHAXNAUHY-NSISKUIASA-N,24788740.0,GDC-0068,CC(C)NC[C@@H](C(=O)N1CCN(CC1)c1ncnc2[C@H](O)C[C@@H](C)c12)c1ccc(Cl)cc1
SGEUNORSOZVTOL-CABZTGNLSA-N,124173720.0,GDC-0077,C[C@H](Nc1ccc2-c3nc(cn3CCOc2c1)N1[C@@H](COC1=O)C(F)F)C(N)=O
LGWACEZVCMBSKW-UHFFFAOYSA-N,57384863.0,GDC-0084,CC1(C)OCCn2c1nc1c(nc(nc21)-c1cnc(N)nc1)N1CCOCC1
WZRFLSDVFPIXOV-LRQRDZAKSA-N,46940575.0,GDC-0152,CN[C@@H](C)C(=O)N[C@@H](C1CCCCC1)C(=O)N1CCC[C@H]1C(=O)Nc1snnc1-c1ccccc1
RGJOJUGRHPQXGF-INIZCTEOSA-N,59239165.0,GDC-0349,CCNC(=O)Nc1ccc(cc1)-c1nc2CN(CCc2c(n1)N1CCOC[C@@H]1C)C1COC1
BAZRWWGASYWYGB-SNVBAGLBSA-N,46917793.0,GDC-0575,N[C@@H]1CCCN(C1)c1c(Br)cnc2[nH]cc(NC(=O)C3CC3)c12
RFWVETIZUQEJEF-UHFFFAOYSA-N,42642654.0,GDC-0623,OCCONC(=O)c1ccc2cncn2c1Nc1ccc(I)cc1F
BURHGPHDEVGCEZ-KJGLQBJMSA-N,56941241.0,GDC-0810,CC\C(=C(\c1ccc(\C=C\C(O)=O)cc1)c1ccc2n[nH]cc2c1)c1ccc(F)cc1Cl
CDOOFZZILLRUQH-LJAQVGFWSA-N,25234917.0,GDC-0834,CN1CCN(C)C(=O)[C@@H]1c1ccc(Nc2nc(cn(C)c2=O)-c2cccc(NC(=O)c3cc4CCCCc4s3)c2C)cc1
DEZZLWQELQORIU-RELWKKBWSA-N,11717001.0,GDC-0879,OCCn1cc(c(n1)-c1ccncc1)-c1ccc2\C(CCc2c1)=N\O
KJAAPZIFCQQQKX-NDEPHWFRSA-N,87055263.0,GDC-0927,CC1=C([C@@H](Oc2ccc(O)cc12)c1ccc(OCCN2CC(CF)C2)cc1)c1cccc(O)c1
LHNIIDJUOCFXAP-UHFFFAOYSA-N,17755052.0,GDC-0941,CS(=O)(=O)N1CCN(Cc2cc3nc(nc(N4CCOCC4)c3s2)-c2cccc3n[nH]cc23)CC1
YOVVNQKCSKSHKT-HNNXBMFYSA-N,25254071.0,GDC-0980,C[C@H](O)C(=O)N1CCN(Cc2sc3c(nc(nc3c2C)-c2cnc(N)nc2)N2CCOCC2)CC1
RZUOCXOYPYGSKL-SFHVURJKSA-N,124583908.0,GDC-0994,Cn1nccc1Nc1nccc(n1)-c1ccn([C@@H](CO)c2ccc(Cl)c(F)c2)c(=O)c1
YJXDGWUNRYLINJ-BHAPSIHVSA-N,12004512.0,gedunin,CC(=O)O[C@@H]1C[C@H]2C(C)(C)C(=O)C=C[C@]2(C)[C@H]2CC[C@@]3(C)[C@@H](OC(=O)[C@H]4O[C@@]34[C@]12C)c1ccoc1
HLWURFKMDLAKOD-UHFFFAOYSA-N,24764487.0,gefapixant,COc1cc(C(C)C)c(Oc2cnc(N)nc2N)cc1S(N)(=O)=O
XGALLCVXEZPNRQ-UHFFFAOYSA-N,123631.0,gefitinib,COc1cc2ncnc(Nc3ccc(F)c(Cl)c3)c2cc1OCCCN1CCOCC1
QTQAWLPCGQOSGP-SLOAUYBXSA-N,,geldanamycin,CO[C@H]1C[C@H](C)CC2=C(OC)C(=O)C=C(NC(=O)\C(C)=C\C=C\[C@H](OC)[C@@H](OC(N)=O)\C(C)=C\[C@H](C)[C@H]1O)C2=O
DJKWDKJYFYUEBQ-UHFFFAOYSA-N,37147.0,gemcadiol,CC(C)(CO)CCCCCCC(C)(C)CO
SDUQYLNIPVEERB-QPPQHZFASA-N,60750.0,gemcitabine,Nc1ccn([C@@H]2O[C@H](CO)[C@@H](O)C2(F)F)c(=O)n1
HESSNRGIEVBPRB-QDDPNBLJSA-N,9828310.0,gemcitabine-elaidate,CCCCCCCC\C=C\CCCCCCCC(=O)OC[C@H]1O[C@@H](n2ccc(N)nc2=O)C(F)(F)[C@@H]1O
TZBJGXHYKVUXJN-UHFFFAOYSA-N,5280961.0,genistein,Oc1ccc(cc1)-c1coc2cc(O)cc(O)c2c1=O
HEMJJKBWTPKOJG-UHFFFAOYSA-N,3463.0,gemfibrozil,Cc1ccc(C)c(OCCCC(C)(C)C(O)=O)c1
ZRCVYEYHRGVLOC-NOTZLVJDSA-N,42066947.0,gemifloxacin,CO\N=C1/CN(C[C@@H]1CN)c1nc2n(cc(C(O)=O)c(=O)c2cc1F)C1CC1
ZWPRRQZNBDYKLH-VIFPVBQESA-N,11953153.0,gemigliptin,N[C@H](CN1CC(F)(F)CCC1=O)CC(=O)N1CCc2c(C1)nc(nc2C(F)(F)F)C(F)(F)F
AZKVWQKMDGGDSV-BCMRRPTOSA-N,442424.0,genipin,COC(=O)C1=CO[C@@H](O)[C@H]2[C@@H]1CC=C2CO
IBFYXTRXDNAPMM-BVTMAQQCSA-N,107848.0,geniposide,COC(=O)C1=CO[C@@H](O[C@@H]2O[C@H](CO)[C@@H](O)[C@H](O)[C@H]2O)[C@H]2[C@@H]1CC=C2CO
ZJDOESGVOWAULF-OGJQONSISA-N,443354.0,geniposidic-acid,OC[C@H]1O[C@@H](O[C@@H]2OC=C([C@H]3CC=C(CO)[C@@H]23)C(O)=O)[C@H](O)[C@@H](O)[C@@H]1O
CEAZRRDELHUEMR-CAMVTXANSA-N,72395.0,gentamycin,CN[C@H](C)[C@@H]1CC[C@@H](N)[C@@H](O[C@@H]2[C@@H](N)C[C@@H](N)[C@H](O[C@H]3OC[C@](C)(O)[C@H](NC)[C@H]3O)[C@H]2O)O1
DUAGQYUORDTXOR-GPQRQXLASA-N,88708.0,gentiopicrin,OC[C@H]1O[C@@H](O[C@@H]2OC=C3C(=O)OCC=C3[C@H]2C=C)[C@H](O)[C@@H](O)[C@@H]1O
JMNXWOFCUJJYEO-HYBUGGRVSA-N,23652732.0,genz-123346,CCCCCCCCC(=O)N[C@H](CN1CCCC1)[C@H](O)c1ccc2OCCOc2c1
BAORCAMWLWRZQG-UHFFFAOYSA-N,10294813.0,genz-644282,CNCCn1c2c3cc4OCOc4cc3ncc2c2cc(OC)c(OC)cc2c1=O
WTDGMHYYGNJEKQ-SSDOTTSWSA-N,10057685.0,gepefrine,C[C@@H](N)Cc1cccc(O)c1
HTQONPPEZULJKY-MUPFFGQUSA-N,,gepon,CC(C)[C@@H](NC(=O)[C@@H](NC(=O)[C@@H](CCC(O)=O)NC(=O)[C@H](CCCNC(N)=N)NC(=O)[C@@H](CCCNC(N)=N)NC(=O)[C@@H](CCCCN)NC(=O)[C@@H](CCCCN)NC(=O)[C@@H](CCC(O)=O)NC(=O)[C@H](N)[C@@H](C)O)[C@@H](C)O)C(=O)N[C@H](CCC(O)=O)C(=O)N[C@@H](CCCNC(N)=N)C(=O)N[C@@H](CCC(O)=O)C(=O)N[C@@H](CCCCN)C(=O)N[C@@H](CCC(O)=O)C(O)=O
PZFAZQUREQIODZ-LJQANCHMSA-N,25101874.0,gepotidacin,O=c1ccc2ncc(=O)n3[C@H](CN4CCC(CC4)NCc4cc5CCCOc5cn4)Cn1c23
ZPACYDRSPFRDHO-ROBAGEODSA-N,5282182.0,geranyl-farnesylacetate,CC(C)=CCC\C(C)=C\CC\C(C)=C\CCC(=O)OC\C=C(/C)CCC=C(C)C
SIGSPDASOTUPFS-XUDSTZEESA-N,3033968.0,gestodene,CC[C@]12CC[C@H]3[C@@H](CCC4=CC(=O)CC[C@H]34)[C@@H]1C=C[C@@]2(O)C#C
BJJXHLWLUDYTGC-ANULTFPQSA-N,27812.0,gestrinone,CC[C@]12C=CC3=C4CCC(=O)C=C4CC[C@H]3[C@@H]1CC[C@@]2(O)C#C
QMGUOJYZJKLOLH-UHFFFAOYSA-N,2396.0,GF109203X,CN(C)CCCn1cc(C2=C(C(=O)NC2=O)c2c[nH]c3ccccc23)c2ccccc12
NTFPDEDRMYYPAC-FAYKFVSFSA-N,139340107.0,GGsTop,COP(=O)(CC[C@@H](N)C(O)=O)Oc1cccc(CC(O)=O)c1
XVWPFYDMUFBHBF-CLOONOSVSA-N,9811606.0,GGTI-298,COC(=O)[C@H](CC(C)C)NC(=O)c1ccc(NC[C@@H](N)CS)cc1-c1cccc2ccccc12
GYQYAJJFPNQOOW-UHFFFAOYSA-N,49803313.0,gilteritinib,CCc1nc(C(N)=O)c(Nc2ccc(N3CCC(CC3)N3CCN(C)CC3)c(OC)c2)nc1NC1CCOCC1
ZPLQIPFOCGIIHV-UHFFFAOYSA-N,54679224.0,gimeracil,Oc1cc(=O)[nH]cc1Cl
FPUXKXIZEIDQKW-UEHATNFXSA-N,,ginkgolide-A,C[C@@H]1C(=O)O[C@H]2C[C@@]34[C@H]5C[C@@H](C(C)(C)C)[C@@]33[C@@H](O)C(=O)O[C@H]3O[C@@]4(C(=O)O5)[C@@]12O
SQOJOAFXDQDRGF-AIQFLADASA-N,,ginkgolide-B,C[C@@H]1C(=O)O[C@H]2[C@H](O)[C@@]34[C@H]5C[C@@H](C(C)(C)C)[C@@]33[C@@H](O)C(=O)O[C@H]3O[C@@]4(C(=O)O5)[C@@]12O
FVIZARNDLVOMSU-IRFFNABBSA-N,9852086.0,ginsenoside-C-K,CC(C)=CCC[C@](C)(O[C@@H]1O[C@H](CO)[C@@H](O)[C@H](O)[C@H]1O)[C@H]1CC[C@]2(C)[C@@H]1[C@H](O)C[C@@H]1[C@@]3(C)CC[C@H](O)C(C)(C)[C@@H]3CC[C@@]21C
RLDVZILFNVRJTL-ZMHPOSLNSA-N,,ginsenoside-RD,CC(C)=CCC[C@@](C)(O[C@@H]1O[C@H](CO)[C@@H](O)[C@H](O)[C@H]1O)[C@H]1CC[C@]2(C)[C@@H]1[C@H](O)C[C@@H]1[C@@]3(C)CC[C@H](O[C@@H]4O[C@H](CO)[C@@H](O)[C@H](O)[C@H]4O[C@@H]4O[C@H](CO)[C@@H](O)[C@H](O)[C@H]4O)C(C)(C)[C@@H]3CC[C@@]21C
PWAOOJDMFUQOKB-WCZZMFLVSA-N,441921.0,ginsenoside-RE,[H][C@@]1(CC[C@]2(C)[C@]1([H])[C@H](O)C[C@]1([H])[C@@]3(C)CC[C@H](O)C(C)(C)[C@]3([H])[C@H](C[C@@]21C)O[C@@H]1O[C@H](CO)[C@@H](O)[C@H](O)[C@H]1O[C@@H]1O[C@@H](C)[C@H](O)[C@@H](O)[C@H]1O)[C@](C)(CCC=C(C)C)O[C@@H]1O[C@H](CO)[C@@H](O)[C@H](O)[C@H]1O
RWXIFXNRCLMQCD-CZIWJLDFSA-N,46887680.0,ginsenoside-RE3,CC(C)=CCC[C@@](C)(O)[C@H]1CC[C@]2(C)[C@@H]1[C@H](O)C[C@@H]1[C@@]3(C)CC[C@H](O[C@@H]4O[C@H](CO)[C@@H](O)[C@H](O)[C@H]4O[C@@H]4O[C@H](CO)[C@@H](O)[C@H](O)[C@H]4O)C(C)(C)[C@@H]3CC[C@@]21C
YALNUENQHAQXEA-UHFFFAOYSA-N,9804992.0,givinostat,CCN(CC)Cc1ccc2cc(COC(=O)Nc3ccc(cc3)C(=O)NO)ccc2c1
OCBMECSFDVUYQN-ROUUACIJSA-N,11340230.0,GKA-50,COC[C@H](C)Oc1cc(O[C@@H](C)Cc2ccccc2)cc(c1)C(=O)Nc1ccc(cn1)C(O)=O
RGYQPQARIQKJKH-UHFFFAOYSA-N,58496428.0,GKT137831,CN(C)c1cccc(c1)-c1n(C)c(=O)cc2[nH]n(-c3ccccc3Cl)c(=O)c12
GWOFUCIGLDBNKM-CYBMUJFWSA-N,969495.0,glafenine,OC[C@@H](O)COC(=O)c1ccccc1Nc1ccnc2cc(Cl)ccc12
SFNSLLSYNZWZQG-VQIMIIECSA-N,25166913.0,glasdegib,CN1CC[C@H](C[C@@H]1c1nc2ccccc2[nH]1)NC(=O)Nc1ccc(cc1)C#N
MLSQGNCUYAMAHD-ITNVBOSISA-N,66828839.0,glecaprevir,[H]\C1=C([H])/C(F)(F)c2nc3ccccc3nc2O[C@@]2([H])CN(C(=O)[C@@]([H])(NC(=O)O[C@]3([H])CCC[C@@]3([H])OC1)C(C)(C)C)[C@@]([H])(C2)C(=O)N[C@@]1(C[C@@]1([H])C(F)F)C(=O)NS(=O)(=O)C1(C)CC1
YRCHYHRCBXNYNU-UHFFFAOYSA-N,25181472.0,glesatinib,COCCNCc1ccc(nc1)-c1cc2nccc(Oc3ccc(NC(=S)NC(=O)Cc4ccc(F)cc4)cc3F)c2s1
BOVGTQGAOIONJV-CHWSQXEVSA-N,931837.0,gliclazide,Cc1ccc(cc1)S(=O)(=O)NC(=O)NN1C[C@H]2CCC[C@@H]2C1
WIGIZIANZCJQQY-RUCARUNLSA-N,,glimepiride,CCC1=C(C)CN(C(=O)NCCc2ccc(cc2)S(=O)(=O)NC(=O)N[C@H]2CC[C@H](C)CC2)C1=O
SPTWXRJNCFIDRQ-ZHACJKMWSA-N,7464118.0,heclin,CCc1ccc(\C=C\C(=O)Nc2ccc(cc2)C(C)=O)o1
ZJJXGWJIGJFDTL-UHFFFAOYSA-N,3478.0,glipizide,Cc1cnc(cn1)C(=O)NCCc1ccc(cc1)S(=O)(=O)NC(=O)NC1CCCCC1
LLJFMFZYVVLQKT-UHFFFAOYSA-N,91610.0,gliquidone,COc1ccc2c(c1)C(=O)N(CCc1ccc(cc1)S(=O)(=O)NC(=O)NC1CCCCC1)C(=O)C2(C)C
JKVNJTYHRABHIY-WXVUKLJWSA-N,44240142.0,Gln-1062,COc1ccc2CN(C)CC[C@@]34C=C[C@@H](C[C@@H]3Oc1c24)OC(=O)c1ccccc1
CXHCNOMGODVIKB-VWLOTQADSA-N,53340771.0,GLPG0187,COc1ccc(cc1)S(=O)(=O)N[C@@H](CNc1nc(C)nc(N2CCC(CC2)c2ccc3CCCNc3n2)c1C)C(O)=O
VAJGULUVTFDTAS-GOSISDBHSA-N,59317190.0,GLPG0492,CN1C(=O)N(C(=O)[C@@]1(CO)c1ccccc1)c1ccc(C#N)c(c1)C(F)(F)F
VAJGULUVTFDTAS-SFHVURJKSA-N,59317173.0,GLPG0492-R-enantiomer,CN1C(=O)N(C(=O)[C@]1(CO)c1ccccc1)c1ccc(C#N)c(c1)C(F)(F)F
GHTGYZMBQPXTCQ-UHFFFAOYSA-N,117857370.0,GLPG1837,CC1(C)Cc2c(sc(NC(=O)c3cc[nH]n3)c2C(N)=O)C(C)(C)O1
DSLZVSRJTYRBFB-LLEIAEIESA-N,33037.0,glucaric-acid,O[C@@H]([C@H](O)[C@@H](O)C(O)=O)[C@H](O)C(O)=O
PHOQVHQSTUBQQK-KLVWXMOXSA-N,1549082.0,gluconolactone,OC[C@@H]1OC(=O)[C@@H](O)[C@H](O)[C@H]1O
MSWZFWKMSRAUBD-QZABAPFNSA-N,441477.0,glucosamine,N[C@H]1[C@H](O)O[C@H](CO)[C@@H](O)[C@@H]1O
RWSXRVCMGQZWBV-WDSKDSINSA-N,25246407.0,glutathione,N[C@@H](CCC(=O)N[C@@H](CS)C(=O)NCC(O)=O)C(O)=O
MVNCPACIPXNJIW-IUCAKERBSA-N,40466869.0,glutathione-monoisopropyl-ester,CC(C)OC(=O)CNC(=O)[C@H](CS)NC(=O)CC[C@H](N)C(O)=O
PNMUAGGSDZXTHX-BYPYZUCNSA-N,7018836.0,gly-gln,NCC(=O)N[C@@H](CCC(N)=O)C(O)=O
ZNNLBTZKUZBEKO-UHFFFAOYSA-N,3488.0,glyburide,COc1ccc(Cl)cc1C(=O)NCCc1ccc(cc1)S(=O)(=O)NC(=O)NC1CCCCC1
ARIWANIATODDMH-AWEZNQCLSA-N,656773.0,glycerol-monolaurate,CCCCCCCCCCCC(=O)OC[C@@H](O)CO
ZSDBFLMJVAGKOU-UHFFFAOYSA-N,10482134.0,glycerol-phenylbutyrate,O=C(CCCc1ccccc1)OCC(COC(=O)CCCc1ccccc1)OC(=O)CCCc1ccccc1
DXYUAIFZCFRPTH-UHFFFAOYSA-N,5317750.0,glycitein,COc1cc2c(cc1O)occ(-c1ccc(O)cc1)c2=O
ANGKOCUUWGHLCE-HKUYNNGSSA-N,9933193.0,glycopyrrolate,C[N+]1(C)CC[C@@H](C1)OC(=O)[C@@](O)(C1CCCC1)c1ccccc1
FOPALECPEUVCTL-QMMMGPOBSA-N,9837656.0,GM-1485,CCC(C)(C)C(=O)C(=O)N1CCC[C@H]1C(O)=O
BOIPLTNGIAPDBY-UHFFFAOYSA-N,148198.0,GMX1778,Clc1ccc(OCCCCCCN\C(NC#N)=N\c2ccncc2)cc1
XCFLWTZSJYBCPF-UHFFFAOYSA-N,58539171.0,GNE-7915,CCNc1nc(Nc2cc(F)c(cc2OC)C(=O)N2CCOCC2)ncc1C(F)(F)F
WEVYNIUIFUYDGI-UHFFFAOYSA-N,5311510.0,GNF-2,NC(=O)c1cccc(c1)-c1cc(Nc2ccc(OC(F)(F)F)cc2)ncn1
IIQUYGWWHIHOCF-UHFFFAOYSA-N,44129660.0,GNF-5,OCCNC(=O)c1cccc(c1)-c1cc(Nc2ccc(OC(F)(F)F)cc2)ncn1
YYDUWLSETXNJJT-MTJSOVHGSA-N,59397065.0,GNF-5837,Cc1ccc(NC(=O)Nc2cc(ccc2F)C(F)(F)F)cc1Nc1ccc2\C(=C\c3ccc[nH]3)C(=O)Nc2c1
SZNYUUZOQHNEKB-UHFFFAOYSA-N,11478363.0,GNF-7,CN1C(=O)N(Cc2cnc(Nc3ccc(C)nc3)nc12)c1cc(NC(=O)c2cccc(c2)C(F)(F)F)ccc1C
VLNHDKDBGWXJEE-GYHUNEDQSA-N,9826034.0,GNTI,NC(=N)Nc1ccc2[nH]c3[C@@H]4Oc5c6c(C[C@H]7N(CC8CC8)CC[C@@]46[C@@]7(O)Cc3c2c1)ccc5O
LLJJDLHGZUOMQP-UHFFFAOYSA-N,3499.0,go-6983,COc1ccc2n(CCCN(C)C)cc(C3=C(C(=O)NC3=O)c3c[nH]c4ccccc34)c2c1
NJZHEQOUHLZCOX-WOSRLPQWSA-N,1085377.0,golgicide-A,Fc1cc(F)c2N[C@@H]([C@@H]3CC=C[C@@H]3c2c1)c1cccnc1
UQRCJCNVNUFYDX-UHFFFAOYSA-N,16118392.0,golvatinib,CN1CCN(CC1)C1CCN(CC1)C(=O)Nc1cc(Oc2ccc(NC(=O)C3(CC3)C(=O)Nc3ccc(F)cc3)c(F)c2)ccn1
XLXSAKCOAKORKW-AQJXLSMYSA-N,638793.0,gonadorelin,CC(C)C[C@H](NC(=O)CNC(=O)[C@H](Cc1ccc(O)cc1)NC(=O)[C@H](CO)NC(=O)[C@H](Cc1c[nH]c2ccccc12)NC(=O)[C@H](Cc1cnc[nH]1)NC(=O)[C@@H]1CCC(=O)N1)C(=O)N[C@@H](CCCNC(N)=N)C(=O)N1CCC[C@H]1C(=O)NCC(N)=O
BLCLNMBMMGCOAS-URPVMXJPSA-N,5311128.0,goserelin-acetate,CC(C)C[C@H](NC(=O)[C@@H](COC(C)(C)C)NC(=O)[C@H](Cc1ccc(O)cc1)NC(=O)[C@H](CO)NC(=O)[C@H](Cc1c[nH]c2ccccc12)NC(=O)[C@H](Cc1cnc[nH]1)NC(=O)[C@@H]1CCC(=O)N1)C(=O)N[C@@H](CCCNC(N)=N)C(=O)N1CCC[C@H]1C(=O)NNC(N)=O
QBKSWRVVCFFDOT-UHFFFAOYSA-N,3503.0,gossypol,CC(C)c1c(O)c(O)c(C=O)c2c(O)c(c(C)cc12)-c1c(C)cc2c(C(C)C)c(O)c(O)c(C=O)c2c1O
FNOMTMVRTBHRET-UHFFFAOYSA-N,10252734.0,GP1a,Cc1ccc-2c(Cc3c(nn(c-23)-c2ccc(Cl)cc2Cl)C(=O)NN2CCCCC2)c1
SPEFJYZGXZENAF-UHFFFAOYSA-N,16094766.0,GP2a,Cc1ccc-2c(Cc3c(nn(c-23)-c2ccc(Cl)cc2Cl)C(=O)NC2CCCCC2)c1
ZIXNJVGTAXRKAP-UHFFFAOYSA-N,11656002.0,GPBAR-A,Fc1ccccc1-c1ccnc2OCC(=O)N(Cc3cc(cc(c3)C(F)(F)F)C(F)(F)F)Cc12
OQAHHWOPVDDWHD-INIZCTEOSA-N,445501.0,GPI-1046,CCC(C)(C)C(=O)C(=O)N1CCC[C@H]1C(=O)OCCCc1cccnc1
UICNBXVDHCBKCE-TZMCWYRMSA-N,24901657.0,GPi-688,OC[C@H](O)CN1C(=O)[C@@H](Cc2ccccc12)NC(=O)c1cc2cc(Cl)sc2[nH]1
SJOLTIOPWDLDEB-UHFFFAOYSA-N,44819697.0,GPP-78,O=C(CCCCCCCn1cc(nn1)-c1cccnc1)Nc1ccccc1-c1ccccc1
FONSSTYHKIFEBM-UHFFFAOYSA-N,25017320.0,GPR120-modulator-1,Cc1cc(OCc2nc(cs2)-c2ccccc2Cl)ccc1OCC(O)=O
JARNORYOPMINDY-UHFFFAOYSA-N,4302960.0,GR-103691,COc1ccccc1N1CCN(CCCCNC(=O)c2ccc(cc2)-c2ccc(cc2)C(C)=O)CC1
MOZPSIXKYJUTKI-UHFFFAOYSA-N,119376.0,GR-113808,Cn1cc(C(=O)OCC2CCN(CCNS(C)(=O)=O)CC2)c2ccccc12
YDBCEBYHYKAFRX-UHFFFAOYSA-N,107780.0,GR-127935,COc1ccc(NC(=O)c2ccc(cc2)-c2ccc(cc2C)-c2noc(C)n2)cc1N1CCN(C)CC1
MPZVHKLZCUEJFO-UHFFFAOYSA-N,4284525.0,GR-135531,COC(=O)Nc1ccc2[nH]cc(CCNC(C)=O)c2c1
QGEGSJUSWLLZLH-UHFFFAOYSA-N,173614.0,GR-144053,NC(=N)c1ccc(cc1)N1CCN(CC1)C1CCN(CC(O)=O)CC1
BANYJBHWTOJQDU-GDLZYMKVSA-N,9953599.0,GR-159897,COC1(C[S@@](=O)c2ccccc2)CCN(CCc2c[nH]c3ccc(F)cc23)CC1
WDXRGPWQVHZTQJ-NRJJLHBYSA-N,146898.0,GR-235,[H][C@@]12CC(=O)C(=CC)[C@@]1(C)CC[C@@]1([H])[C@@]2([H])CCC2=CC(=O)CC[C@]12C
GYWXTRVEUURNEW-TVDBPQCTSA-N,9884817.0,GR-79236,OC[C@H]1O[C@H]([C@H](O)[C@@H]1O)n1cnc2c(N[C@H]3CCC[C@@H]3O)ncnc12
SSPCCAYAIDNNJX-UHFFFAOYSA-N,4284721.0,GR125487,COc1[nH]c2ccc(F)cc2c1C(=O)OCC1CCN(CCNS(C)(=O)=O)CC1
LBVZWEWTNUDWNS-YRNVUSSQSA-N,6160690.0,GR46611,COc1ccc(CNC(=O)\C=C\c2ccc3[nH]cc(CCN(C)C)c3c2)cc1
ZWCXYZRRTRDGQE-LUPIJMBPSA-N,45479317.0,gramicidin,CC(C)C[C@@H](NC(=O)[C@H](C)NC(=O)CNC(=O)[C@@H](NC=O)C(C)C)C(=O)N[C@@H](C)C(=O)N[C@H](C(C)C)C(=O)N[C@@H](C(C)C)C(=O)N[C@H](C(C)C)C(=O)N[C@@H](Cc1c[nH]c2ccccc12)C(=O)N[C@H](CC(C)C)C(=O)N[C@@H](Cc1c[nH]c2ccccc12)C(=O)N[C@H](CC(C)C)C(=O)N[C@@H](Cc1c[nH]c2ccccc12)C(=O)N[C@H](CC(C)C)C(=O)N[C@@H](Cc1c[nH]c2ccccc12)C(=O)NCCO
OCDGBSUVYYVKQZ-UHFFFAOYSA-N,6890.0,gramine,CN(C)Cc1c[nH]c2ccccc12
MFWNKCLOYSRHCJ-BTTYYORXSA-N,,granisetron,CN1[C@H]2CCC[C@@H]1C[C@@H](C2)NC(=O)c1nn(C)c2ccccc12
HZVLFTCYCLXTGV-UHFFFAOYSA-N,11677589.0,grapiprant,CCc1nc2c(C)nc(C)cc2n1-c1ccc(CCNC(=O)NS(=O)(=O)c2ccc(C)cc2)cc1
OBMNJSNZOWALQB-NCQNOWPTSA-N,44603531.0,grazoprevir,COc1ccc2nc3CCCCC[C@@H]4C[C@H]4OC(=O)N[C@H](C(=O)N4C[C@@H](C[C@H]4C(=O)N[C@@]4(C[C@H]4C=C)C(=O)NS(=O)(=O)C4CC4)Oc3nc2c1)C(C)(C)C
DDUHZTYCFQRHIY-RBHXEPJQSA-N,441140.0,griseofulvin,COC1=CC(=O)C[C@@H](C)[C@]11Oc2c(C1=O)c(OC)cc(OC)c2Cl
IZPMWFSVTDOCDI-HAVVHWLPSA-N,121513876.0,GS-143,OC(=O)c1ccc(cc1)N1N=C(Cc2ccccc2)\C(=C/c2ccc(o2)-c2ccccc2F)C1=O
GSGVDKOCBKBMGG-UHFFFAOYSA-N,6604928.0,GS-39783,CSc1nc(NC2CCCC2)c(c(NC2CCCC2)n1)[N+]([O-])=O
KOYXXLLNCXWUNF-UHFFFAOYSA-N,11270783.0,GS-6201,CCCn1c(=O)n(CC)c2nc([nH]c2c1=O)-c1cnn(Cc2cccc(c2)C(F)(F)F)c1
VFOKSTCIRGDTBR-UHFFFAOYSA-N,46241268.0,GS-9620,CCCCOc1nc(N)c2NC(=O)CN(Cc3cccc(CN4CCCC4)c3)c2n1
FEVBKJITJDHASC-UHFFFAOYSA-N,58118983.0,GS-967,FC(F)(F)Oc1ccc(cc1)-c1ccc2nnc(n2c1)C(F)(F)F
XSMSNFMDVXXHGJ-UHFFFAOYSA-N,59473233.0,GS-9973,C1CN(CCO1)c1ccc(Nc2nc(cn3ccnc23)-c2ccc3c[nH]nc3c2)cc1
DDLZLOKCJHBUHD-UJZLGWIISA-N,,GSK-3-inhibitor-IX,O\N=C1/C(/Nc2ccccc/12)=C1/C(=O)Nc2cc(Br)ccc12
AVZCPICCWKMZDT-UHFFFAOYSA-N,56963315.0,GSK-J1,OC(=O)CCNc1cc(nc(n1)-c1ccccn1)N1CCc2ccccc2CC1
LJIFOCRGDDQFJF-UHFFFAOYSA-N,73010924.0,GSK-J2,OC(=O)CCNc1cc(nc(n1)-c1cccnc1)N1CCc2ccccc2CC1
WBKCKEHGXNWYMO-UHFFFAOYSA-N,71729975.0,GSK-J4,CCOC(=O)CCNc1cc(nc(n1)-c1ccccn1)N1CCc2ccccc2CC1
LQPGVGSKBNXQDU-UHFFFAOYSA-N,78243729.0,GSK-J5,CCOC(=O)CCNc1cc(nc(n1)-c1cccnc1)N1CCc2ccccc2CC1
BASFYRLYJAZPPL-UONOGXRCSA-N,71522234.0,GSK-LSD-1,C1[C@@H](NC2CCNCC2)[C@@H]1c1ccccc1
NDFKBGWLUHKMFY-UHFFFAOYSA-N,46233311.0,GSK0660,COC(=O)c1sccc1S(=O)(=O)Nc1ccc(Nc2ccccc2)cc1OC
QDITZBLZQQZVEE-YBEGLDIGSA-N,23582824.0,GSK1059615,O=C1NC(=O)\C(S1)=C\c1ccc2nccc(-c3ccncc3)c2c1
QTBWCSQGBMPECM-UHFFFAOYSA-N,46885626.0,GSK1070916,CCn1cc(c(n1)-c1ccc(NC(=O)N(C)C)cc1)-c1ccnc2[nH]c(cc12)-c1cccc(CN(C)C)c1
AYJRTVVIBJSSKN-UHFFFAOYSA-N,24996872.0,GSK1292263,CC(C)c1noc(n1)N1CCC(COc2ccc(nc2)-c2ccc(cc2)S(C)(=O)=O)CC1
QDUMEBKFKOODFN-SANMLTNESA-N,46846503.0,GSK1562590,CN([C@@H](CN1CCCC1)c1ccc(cc1)-c1cccc(c1)C(N)=O)C(=O)CN1C(=O)COc2cc(Cl)c(Cl)cc12
ANGUXJDGJCHGOG-UHFFFAOYSA-N,11292933.0,GSK163090,Cc1ccc2c(cccc2n1)N1CCN(CCc2cccc(c2)N2CCNC2=O)CC1
HZTYDQRUAWIZRE-UHFFFAOYSA-N,25182616.0,GSK1838705A,CNC(=O)c1c(F)cccc1Nc1nc(Nc2cc3N(CCc3cc2OC)C(=O)CN(C)C)nc2[nH]ccc12
WROHEWWOCPRMIA-UHFFFAOYSA-N,9798547.0,GSK189254,CNC(=O)c1ccc(Oc2ccc3CCN(CCc3c2)C2CCC2)nc1
MOSKATHMXWSZTQ-UHFFFAOYSA-N,25124816.0,GSK1904529A,CCc1cc(Nc2nccc(n2)-c2c(nc3ccccn23)-c2ccc(OC)c(c2)C(=O)Nc2c(F)cccc2F)c(OC)cc1N1CCC(CC1)N1CCN(CC1)S(C)(=O)=O
AFJRDFWMXUECEW-LBPRGKRZSA-N,46843057.0,GSK2110183,Cn1ncc(Cl)c1-c1cc(sc1Cl)C(=O)N[C@H](CN)Cc1cccc(F)c1
CGBJSGAELGCMKE-UHFFFAOYSA-N,25167777.0,GSK2126458,COc1ncc(cc1NS(=O)(=O)c1ccc(F)cc1F)-c1ccc2nccc(-c3ccnnc3)c2c1
DFQGDHBGRSTTHX-UHFFFAOYSA-N,44473151.0,GSK2190915,CCOc1ccc(cn1)-c1ccc(Cn2c(CC(C)(C)C(O)=O)c(SC(C)(C)C)c3cc(OCc4ccc(C)cn4)ccc23)cc1
UIVOZBSCHXCGPS-UHFFFAOYSA-N,53464483.0,GSK2193874,FC(F)(F)c1cccc(c1)-c1nc2cc(Br)ccc2c(C(=O)NC2(CC2)c2ccccc2)c1CN1CCC(CC1)N1CCCCC1
AQTPWCUIYUOEMG-INIZCTEOSA-N,67376285.0,GSK2194069,O=C(C1CC1)N1CC[C@@H](Cc2n[nH]c(=O)n2-c2ccc(cc2)-c2ccc3occc3c2)C1
YTEVTHHGQMUPHC-UHFFFAOYSA-N,46861584.0,GSK2239633A,COc1cccc2n(Cc3cccc(CNC(=O)C(C)(C)O)c3)nc(NS(=O)(=O)c3ccc(Cl)s3)c12
BVAHPPKGOOJSPU-UHFFFAOYSA-N,46214930.0,GSK2256098,CONC(=O)c1ccccc1Nc1cc(Nc2cc(C)nn2C(C)C)ncc1Cl
LQHDJQIMETZMPH-ZBFHGGJFSA-N,59448236.0,GSK2256294A,CNc1nc(C)nc(N[C@H]2CCC[C@H](C2)C(=O)NCc2ccc(cc2C(F)(F)F)C#N)n1
CZGVOBIGEBDYTP-VSGBNLITSA-N,53492727.0,GSK2330672,CCCC[C@]1(CC)CS(=O)(=O)c2cc(CNC(CC(O)=O)CC(O)=O)c(OC)cc2[C@H](N1)c1ccccc1
QLPHOXTXAKOFMU-WBVHZDCISA-N,46215815.0,GSK2334470,CNc1nc(cc(n1)-c1ccc2c(N)[nH]nc2c1)N1C[C@H](CC[C@H]1C)C(=O)NC1CCCCC1
YFRBKEVUUCQYOW-UHFFFAOYSA-N,9976892.0,GSK239512,O=C1CCCN1c1ccc(Oc2ccc3CCN(CCc3c2)C2CCC2)nc1
JFHROPTYMMSOLG-UHFFFAOYSA-N,9827968.0,GSK256066,COc1cccc(Nc2c(cnc3c(C)cc(cc23)S(=O)(=O)c2cccc(c2)C(=O)N(C)C)C(N)=O)c1
WCIGMFCFPXZRMQ-UHFFFAOYSA-N,68107965.0,GSK2578215A,Fc1cc(ccn1)-c1ccc(OCc2ccccc2)c(c1)C(=O)Nc1cccnc1
SIXVRXARNAVBTC-UHFFFAOYSA-N,53469448.0,GSK2606414,Cn1cc(-c2ccc3N(CCc3c2)C(=O)Cc2cccc(c2)C(F)(F)F)c2c(N)ncnc12
XTKLTGBKIDQGQL-UHFFFAOYSA-N,56949517.0,GSK2636771,Cc1nc2c(cc(cc2n1Cc1cccc(c1C)C(F)(F)F)N1CCOCC1)C(O)=O
PRWSIEBRGXYXAJ-UHFFFAOYSA-N,53469059.0,GSK2656157,Cc1cccc(CC(=O)N2CCc3c2ccc(-c2cn(C)c4ncnc(N)c24)c3F)n1
YOVNFNXUCOWYSG-UHFFFAOYSA-N,16095342.0,GSK269962,CCn1c(nc2cnc(Oc3cccc(NC(=O)c4ccc(OCCN5CCOCC5)cc4)c3)cc12)-c1nonc1N
KHWCPNJRJCNVRI-UHFFFAOYSA-N,73010930.0,GSK2801,CCCOc1ccn2c(cc(-c3ccccc3S(C)(=O)=O)c2c1)C(C)=O
FKSFKBQGSFSOSM-QFIPXVFZSA-N,68210102.0,GSK2816126,CC[C@H](C)n1cc(C)c2c(cc(cc12)-c1ccc(nc1)N1CCNCC1)C(=O)NCc1c(C)cc(C)[nH]c1=O
IVDUVEGCMXCMSO-FQEVSTJZSA-N,70983932.0,GSK2830371,Cc1ncc(Cl)cc1NCc1ccc(s1)C(=O)N[C@@H](CC1CCCC1)C(=O)NC1CC1
RZBCPMYJIARMGV-UHFFFAOYSA-N,71533725.0,GSK2837808A,COc1ncc(-c2ccc3c(Nc4cc(Oc5cc(F)cc(F)c5)cc(c4)C(O)=O)c(cnc3c2)S(=O)(=O)NC2CC2)c(OC)n1
MEOWKUXNVNJAMY-PZFKGGKESA-N,71580991.0,GSK2838232,CC(C)C1=C2[C@H]3CC[C@@H]4[C@@]5(C)CC[C@H](OC(=O)CC(C)(C)C(O)=O)C(C)(C)[C@@H]5CC[C@@]4(C)[C@]3(C)CC[C@]2(CC1=O)[C@@H](O)CN(CCN(C)C)Cc1ccc(Cl)cc1
LRULVYSBRWUVGR-FCHUYYIVSA-N,66571643.0,GSK2879552,OC(=O)c1ccc(CN2CCC(CN[C@@H]3C[C@H]3c3ccccc3)CC2)cc1
SKDVMPZQJMZEAC-SECBINFHSA-N,86709174.0,GSK2881078,C[C@H](CS(C)(=O)=O)n1ccc2c(c(ccc12)C#N)C(F)(F)F
LZLBRISQTJVZNP-UHFFFAOYSA-N,89875987.0,GSK2981278,CCc1ccc(cc1)N(CC(C)C)S(=O)(=O)c1ccc(OCC2CCOCC2)c(CO)c1
LYPAFUINURXJSG-AWEZNQCLSA-N,77108121.0,GSK2982772,CN1c2ccccc2OC[C@H](NC(=O)c2nc(Cc3ccccc3)n[nH]2)C1=O
AFDPFLDWOXXHQM-NRFANRHFSA-N,53630042.0,GSK3117391,ONC(=O)CCc1ccc(CN[C@@H](C2CCCCC2)C(=O)OC2CCCC2)cn1
IDXKJSSOUXWLDB-UHFFFAOYSA-N,78427026.0,GSK3179106,CCOc1cc(=O)[nH]cc1-c1ccc(CC(=O)Nc2cc(on2)C(C)(C)C(F)(F)F)c(F)c1
JLCCNYVTIWRPIZ-NRFANRHFSA-N,90241742.0,GSK3326595,CC(=O)N1CCC(CC1)Nc1cc(ncn1)C(=O)NC[C@H](O)CN1CCc2ccccc2C1
AWDJJMXJUOHGLC-UHFFFAOYSA-N,10252640.0,GSK356278,CCn1ncc2c(NC3CCOCC3)c(cnc12)-c1nnc(Cc2sc(C)nc2C)o1
ZVMMVSSEAMUNGI-UHFFFAOYSA-N,10316203.0,GSK369796,CC(C)(C)NCc1ccc(Nc2ccnc3cc(Cl)ccc23)cc1O
FQUAFMNPXPXOJE-UHFFFAOYSA-N,743974.0,GSK37647,COc1ccc(cc1)S(=O)(=O)Nc1c(C)cc(C)cc1C
JFUIMTGOQCQTPF-UHFFFAOYSA-N,2800647.0,GSK3787,FC(F)(F)c1ccc(nc1)S(=O)(=O)CCNC(=O)c1ccc(Cl)cc1
OLIIUAHHAZEXEX-AWEZNQCLSA-N,92472001.0,GSK429286A,CC1=C([C@@H](CC(=O)N1)c1ccc(cc1)C(F)(F)F)C(=O)Nc1cc2c[nH]nc2cc1F
ZHJGWYRLJUCMRT-QGZVFWFLSA-N,15983966.0,GSK461364,C[C@@H](Oc1cc(sc1C(N)=O)-n1cnc2ccc(CN3CCN(C)CC3)cc12)c1ccccc1C(F)(F)F
HRDQQHUKUIKFHT-UHFFFAOYSA-N,67469117.0,GSK503,CC(C)n1cc(C)c2c(cc(cc12)-c1ccc(nc1)N1CCN(C)CC1)C(=O)NCc1c(C)cc(C)[nH]c1=O
WVSBGSNVCDAMCF-UHFFFAOYSA-N,25022668.0,GSK650394,OC(=O)c1ccc(cc1C1CCCC1)-c1c[nH]c2ncc(cc12)-c1ccccc1
DJUOWOXTPXUHDQ-MRVPVSSYSA-N,133080621.0,GSK656,NC[C@H]1OB(O)c2c1c(Cl)ccc2OCCO
KGPGFQWBCSZGEL-ZDUSSCGKSA-N,16725726.0,GSK690693,CCn1c(nc2c(ncc(OC[C@H]3CCCNC3)c12)C#CC(C)(C)O)-c1nonc1N
DXBJGDVBQPEMOB-UHFFFAOYSA-N,24882669.0,GSK9027,Fc1ccc(cc1)-n1ncc2cc(ccc12)-c1ccc(NS(=O)(=O)Cc2ccccc2)cc1C(F)(F)F
WHMXDBPHBVLYRC-OFVILXPXSA-N,46898058.0,GSK923295,CC(C)Oc1ccc(cc1Cl)C(=O)N[C@H](CNC(=O)CN(C)C)Cc1ccc(cc1)-c1cn2cccc([C@H](C)O)c2n1
DZQLVVLATXPWBK-UHFFFAOYSA-N,3385203.0,GTP-14564,c1ccc(cc1)-c1[nH]nc2c3ccccc3oc12
RPYWXZCFYPVCNQ-RVDMUPIBSA-N,5310985.0,GTS21,COc1ccc(\C=C2/CCCN=C2c2cccnc2)c(OC)c1
HSJFYRYGGKLQBT-UHFFFAOYSA-N,68749.0,guacetisal,COc1ccccc1OC(=O)c1ccccc1OC(C)=O
GUWXKKAWLCENJA-WGWHJZDNSA-N,135564655.0,guadecitabine,Nc1ncn([C@H]2C[C@H](OP(O)(=O)OC[C@H]3O[C@H](C[C@@H]3O)n3cnc4c3[nH]c(N)nc4=O)[C@@H](CO)O2)c(=O)n1
LHGVFZTZFXWLCP-UHFFFAOYSA-N,460.0,guaiacol,COc1ccccc1O
HSRJKNPTNIJEKV-QMMMGPOBSA-N,6950715.0,guaifenesin,COc1ccccc1OC[C@@H](O)CO
WDZVGELJXXEGPV-YIXHJXPBSA-N,5702063.0,guanaben-acetate,NC(=N)N\N=C\c1c(Cl)cccc1Cl
HPBNRIOWIXYZFK-QMMMGPOBSA-N,45356255.0,guanadrel,NC(=N)NC[C@H]1COC2(CCCCC2)O1
VZVGEDRCVUKSEL-UHFFFAOYSA-N,14211.0,guancydine,CCC(C)(C)NC(=N)NC#N
ACGDKVXYNVEAGU-UHFFFAOYSA-N,3518.0,guanethidine,NC(=N)NCCN1CCCCCCC1
INJOMKTZOLKMBF-UHFFFAOYSA-N,3519.0,guanfacine,NC(=N)NC(=O)Cc1c(Cl)cccc1Cl
ZRALSGWEFCBTJO-UHFFFAOYSA-N,3520.0,guanidine,NC(N)=N
IRMTXMJNHRISQH-UHFFFAOYSA-N,3521.0,guanidinoethyldisulfide-bicarbonate,NC(=N)NCCSSCCNC(N)=N
KMXXSJLYVJEBHI-UHFFFAOYSA-N,67701.0,guanidinopropionic-acid,NC(=N)NCCC(O)=O
NYHBQMYGNKIUIF-UUOKFMHZSA-N,135398635.0,guanosine,Nc1nc(=O)c2ncn([C@@H]3O[C@H](CO)[C@@H](O)[C@H]3O)c2[nH]1
UFOBDFMYJABXGK-UHFFFAOYSA-N,5066134.0,Gue-1654,CSc1nc2ccc3nc(NC(=O)C(c4ccccc4)c4ccccc4)sc3c2s1
QTDZOWFRBNTPQR-UHFFFAOYSA-N,40468028.0,guvacine,OC(=O)C1=CCCNC1
HWVNEWGKWRGSRK-UHFFFAOYSA-N,9934458.0,GW-0742,Cc1nc(sc1CSc1ccc(OCC(O)=O)c(C)c1)-c1ccc(c(F)c1)C(F)(F)F
PTPNCCWOTBBVJR-UHFFFAOYSA-N,11692123.0,GW-1100,CCOC(=O)c1ccc(cc1)-n1cc(Cc2cnc(OCC)nc2)c(=O)nc1SCc1ccc(F)cc1
QTQMRBZOBKYXCG-MHZLTWQESA-N,6518171.0,GW-1929,CN(CCOc1ccc(C[C@H](Nc2ccccc2C(=O)c2ccccc2)C(O)=O)cc1)c1ccccn1
MYQAUKPBNJWPIE-UHFFFAOYSA-N,11617559.0,GW-2580,COc1ccc(COc2ccc(Cc3cnc(N)nc3N)cc2OC)cc1
NDNKNUMSTIMSHQ-URZKGLGPSA-N,9800961.0,GW-311616,CC(C)[C@H]1[C@H]2[C@@H](CCN2C(=O)\C=C\CN2CCCCC2)N(C1=O)S(C)(=O)=O
NAXSRXHZFIBFMI-UHFFFAOYSA-N,72199895.0,GW-3965,OC(=O)Cc1cccc(OCCCN(CC(c2ccccc2)c2ccccc2)Cc2cccc(c2Cl)C(F)(F)F)c1
FSFZRNZSZYDVLI-UHFFFAOYSA-N,9911463.0,GW-405833,COc1ccc2n(C(=O)c3cccc(Cl)c3Cl)c(C)c(CCN3CCOCC3)c2c1
BYTNEISLBIENSA-MDZDMXLPSA-N,9893571.0,GW-4064,CC(C)c1onc(c1COc1ccc(\C=C\c2cccc(c2)C(O)=O)c(Cl)c1)-c1c(Cl)cccc1Cl
CDUDZZGLFOFINU-UHFFFAOYSA-N,6918627.0,GW-438014A,O=C(Nc1nc2ccccc2n1CCc1ccccc1)c1ccccc1
NXNQLECPAXXYTR-LCYFTJDESA-N,9943465.0,GW-441756,Cn1cc(\C=C2/C(=O)Nc3cccnc23)c2ccccc12
YDBLKRPLXZNVNB-UHFFFAOYSA-N,9803963.0,GW-501516,Cc1nc(sc1CSc1ccc(OCC(O)=O)c(C)c1)-c1ccc(cc1)C(F)(F)F
LMXYVLFTZRPNRV-UHFFFAOYSA-N,5034.0,GW-5074,Oc1c(Br)cc(C=C2C(=O)Nc3ccc(I)cc23)cc1Br
SAXGSDIZIYFNKD-UHFFFAOYSA-N,24885053.0,GW-542573X,COc1ccccc1NC(=O)OCC1CCN(CC1)C(=O)OC(C)(C)C
MNNXRVSQOABRRP-UHFFFAOYSA-N,5329480.0,GW-583340,CS(=O)(=O)CCNCc1nc(cs1)-c1ccc2ncnc(Nc3ccc(OCc4cccc(F)c4)c(Cl)c3)c2c1
XREWXJVMYAXCJV-UHFFFAOYSA-N,5312130.0,GW-627368,CCOc1c2CN(C(=O)c2c(OCC)c2ccccc12)c1ccc(CC(=O)NS(=O)(=O)c2ccccc2)cc1
TYEFSRMOUXWTDN-DYQICHDWSA-N,446738.0,GW-6471,CCC(=O)NC[C@H](Cc1ccc(OCCc2nc(oc2C)-c2ccccc2)cc1)N\C(C)=C/C(=O)c1ccc(cc1)C(F)(F)F
PKNYXWMTHFMHKD-UHFFFAOYSA-N,3392731.0,GW-7647,CC(C)(Sc1ccc(CCN(CCCCC2CCCCC2)C(=O)NC2CCCCC2)cc1)C(O)=O
SAGZIBJAQGBRQA-UHFFFAOYSA-N,10202642.0,GW-788388,O=C(NC1CCOCC1)c1ccc(cc1)-c1cc(ccn1)-c1c[nH]nc1-c1ccccn1
MWULMTACIBZPGN-UHFFFAOYSA-N,9826520.0,GW-803430,COc1cc(ccc1OCCN1CCCC1)-n1cnc2cc(sc2c1=O)-c1ccc(Cl)cc1
TWQYWUXBZHPIIV-UHFFFAOYSA-N,10253143.0,GW-842166,FC(F)(F)c1nc(Nc2ccc(Cl)cc2Cl)ncc1C(=O)NCC1CCOCC1
JSKUWFIZUALZLX-UHFFFAOYSA-N,9826308.0,GW-843682X,COc1cc2ncn(-c3cc(OCc4ccccc4C(F)(F)F)c(s3)C(N)=O)c2cc1OC
DGENZVKCTGIDRZ-UHFFFAOYSA-N,11595431.0,GW-9508,OC(=O)CCc1ccc(NCc2cccc(Oc3ccccc3)c2)cc1
DNTSIBUQMRRYIU-UHFFFAOYSA-N,644213.0,GW-9662,[O-][N+](=O)c1ccc(Cl)c(c1)C(=O)Nc1ccccc1
MOLOJNHYNHBPCW-ZETCQYMHSA-N,9797017.0,GW274150,CC(=N)NCCSCC[C@H](N)C(O)=O
LFBZZHVSGAHQPP-UHFFFAOYSA-N,3538.0,GYKI-52466,CC1=NN=C(c2ccc(N)cc2)c2cc3OCOc3cc2C1
ZTQSADJAYQOCDD-HUGMCNGHSA-N,46887681.0,gynostemma-extract,CC(C)=CCC[C@](C)(O[C@@H]1O[C@H](CO[C@@H]2OC[C@@H](O)[C@H](O)[C@H]2O)[C@@H](O)[C@H](O)[C@H]1O)[C@H]1CC[C@]2(C)[C@@H]1[C@H](O)C[C@@H]1[C@@]3(C)CC[C@H](O[C@@H]4O[C@H](CO)[C@@H](O)[C@H](O)[C@H]4O)C(C)(C)[C@@H]3CC[C@@]21C
TZKBVRDEOITLRB-UHFFFAOYSA-N,51038269.0,GZD824,CN1CCN(Cc2ccc(NC(=O)c3ccc(C)c(c3)C#Cc3cnc4n[nH]cc4c3)cc2C(F)(F)F)CC1
UJZDIKVQFMCLBE-UHFFFAOYSA-N,7616033.0,H-151,CCc1ccc(NC(=O)Nc2c[nH]c3ccccc23)cc1
ZKZXNDJNWUTGDK-NSCUHMNNSA-N,449241.0,H-89,Brc1ccc(\C=C\CNCCNS(=O)(=O)c2cccc3cnccc23)cc1
HFYPTENHTPNXGP-UHFFFAOYSA-N,1365686.0,H2L-5765834,OC(=O)c1ccc2C(=O)N(C(=O)c2c1)c1cccc(Oc2ccc(cc2)[N+]([O-])=O)c1
MZNDNBFMSVMUCX-UHFFFAOYSA-N,3546.0,HA-1004,NC(=N)NCCNS(=O)(=O)c1cccc2cnccc12
VTNKMYWFWQTEHE-XKZIYDEJSA-N,46911532.0,HA-130,OB(O)c1cccc(COc2ccc(\C=C3/SC(=O)N(Cc4ccc(F)cc4)C3=O)cc2)c1
HCKUBNLZMKAEIN-GSVOUGTGSA-N,6603720.0,HA-966-(R)-(+),N[C@@H]1CCN(O)C1=O
HCKUBNLZMKAEIN-VKHMYHEASA-N,183351.0,HA-966-(S)-(-),N[C@H]1CCN(O)C1=O
SXJDCULZDFWMJC-AAEUAGOBSA-N,6976314.0,HA14-1,CCOC(=O)[C@@H](C#N)[C@H]1C(C(=O)OCC)=C(N)Oc2ccc(Br)cc12
XPDVQPODLRGWPL-UHFFFAOYSA-N,3552.0,halazone,OC(=O)c1ccc(cc1)S(=O)(=O)N(Cl)Cl
MUQNGPZZQDCDFT-JNQJZLCISA-N,443943.0,halcinonide,CC1(C)O[C@@H]2C[C@H]3[C@@H]4CCC5=CC(=O)CC[C@]5(C)[C@@]4(F)[C@@H](O)C[C@]3(C)[C@@]2(O1)C(=O)CCl
VYJPVPHNGWEIBT-UHFFFAOYSA-N,85473309.0,HC-070,Cn1c2nc(Oc3cccc(Cl)c3)n(Cc3ccc(Cl)cc3)c2c(=O)n(CCCO)c1=O
BDSYKGHYMJNPAB-LICBFIPMSA-N,6918178.0,halobetasol-propionate,CCC(=O)O[C@@]1([C@@H](C)C[C@H]2[C@@H]3C[C@H](F)C4=CC(=O)C=C[C@]4(C)[C@@]3(F)[C@@H](O)C[C@]12C)C(=O)CCl
FOHHNHSLJDZUGQ-RUZDIDTESA-N,36688213.0,halofantrine,CCCCN(CCCC)CC[C@@H](O)c1cc2c(Cl)cc(Cl)cc2c2cc(ccc12)C(F)(F)F
LVASCWIMLIKXLA-CABCVRRESA-N,456390.0,halofuginone,O[C@H]1CCCN[C@@H]1CC(=O)Cn1cnc2cc(Br)c(Cl)cc2c1=O
NBHPRWLFLUBAIE-UHFFFAOYSA-N,65490.0,halopemide,Fc1ccc(cc1)C(=O)NCCN1CCC(CC1)n1c2ccc(Cl)cc2[nH]c1=O
LNEPOXFFQSENCJ-UHFFFAOYSA-N,3559.0,haloperidol,OC1(CCN(CCCC(=O)c2ccc(F)cc2)CC1)c1ccc(Cl)cc1
GUTXTARXLVFHDK-UHFFFAOYSA-N,52919.0,haloperidol-decanoate,CCCCCCCCCC(=O)OC1(CCN(CCCC(=O)c2ccc(F)cc2)CC1)c1ccc(Cl)cc1
CTETYYAZBPJBHE-UHFFFAOYSA-N,3561.0,haloprogin,Clc1cc(Cl)c(OCC#CI)cc1Cl
BCQZXOMGPXTTIC-PVQJCKRUSA-N,4369439.0,halothane,FC(F)(F)[C@@H](Cl)Br
PSFDQSOCUJVVGF-UHFFFAOYSA-N,5281404.0,harmane,Cc1nccc2c3ccccc3[nH]c12
HAVJATCHLFRDHY-KSZYUSJVSA-N,276389.0,harringtonine,[H][C@@]12[C@H](OC(=O)[C@@](O)(CCC(C)(C)O)CC(=O)OC)C(OC)=C[C@@]11CCCN1CCc1cc3OCOc3cc21
GRUVVLWKPGIYEG-UHFFFAOYSA-N,37336.0,HBED,OC(=O)CN(CCN(CC(O)=O)Cc1ccccc1O)Cc1ccccc1O
HEQDZPHDVAOBLN-UHFFFAOYSA-N,1150897.0,HC-030031,CC(C)c1ccc(NC(=O)Cn2cnc3n(C)c(=O)n(C)c(=O)c23)cc1
NCZYSQOTAYFTNM-UHFFFAOYSA-N,2742550.0,HC-067047,Cc1c(cc(-c2ccccc2)n1CCCN1CCOCC1)C(=O)Nc1cccc(c1)C(F)(F)F
KOCIMZNSNPOGOP-IWCJZZDYSA-N,10981286.0,HEMADO,CCCCC#Cc1nc(NC)c2ncn([C@@H]3O[C@H](CO)[C@@H](O)[C@H]3O)c2n1
DWZDGMDDUHAIQA-XEAGYAAOSA-N,,hematoporphyrin,C[C@@H](O)c1c(C)c2cc3[nH]c(cc4[nH]c(cc5nc(cc1n2)c(C)c5[C@@H](C)O)c(C)c4CCC(O)=O)c(CCC(O)=O)c3C
WZUVPPKBWHMQCE-XJKSGUPXSA-N,442514.0,hematoxylin,Oc1ccc2[C@H]3c4cc(O)c(O)cc4C[C@@]3(O)COc2c1O
BMUDPLZKKRQECS-HXFTUNQESA-K,,hemin,CC1=C(CCC(O)=O)\C2=C\c3c(CCC(O)=O)c(C)c4\C=C5/N=C(/C=c6/c(C=C)c(C)\c(=C\C1=N2)n6[Fe](O)n34)C(C)=C5C=C
SHCBCKBYTHZQGZ-CJPZEJHVSA-N,11468733.0,hemomex-s,CC(C)=CCC[C@](C)(O)[C@H]1CC[C@]2(C)[C@@H]1[C@H](O)C[C@@H]1[C@@]3(C)CC[C@H](O)C(C)(C)[C@@H]3[C@@H](O)C[C@@]21C
GOJJWDOZNKBUSR-UHFFFAOYSA-N,100606.0,hepsulfam,NS(=O)(=O)OCCCCCCCOS(N)(=O)=O
LREQLEBVOXIEOM-SSDOTTSWSA-N,7033975.0,heptaminol,C[C@@H](N)CCCC(C)(C)O
QVMNYGOVNWWFKF-UHFFFAOYSA-N,42598643.0,HER2-Inhibitor-1,Cc1cc(Nc2ncnc3ccc(cc23)-c2ccc(CNCCS(C)(=O)=O)o2)ccc1Oc1ccn2ncnc2c1
GLDSKRNGVVYJAB-DQSJHHFOSA-N,,hesperadin,CCS(=O)(=O)Nc1ccc2NC(=O)\C(=C(/Nc3ccc(CN4CCCCC4)cc3)c3ccccc3)c2c1
AIONOLUJZLIMTK-AWEZNQCLSA-N,72281.0,hesperetin,COc1ccc(cc1O)[C@@H]1CC(=O)c2c(O)cc(O)cc2O1
QUQPHWDTPGMPEX-QJBIFVCTSA-N,10621.0,hesperidin,COc1ccc(cc1O)[C@@H]1CC(=O)c2c(O)cc(O[C@@H]3O[C@H](CO[C@@H]4O[C@@H](C)[C@H](O)[C@@H](O)[C@H]4O)[C@@H](O)[C@H](O)[C@H]3O)cc2O1
DXVUYOAEDJXBPY-NFFDBFGFSA-N,443387.0,hetacillin,CC1(C)S[C@@H]2[C@H](N3C(=O)[C@H](NC3(C)C)c3ccccc3)C(=O)N2[C@H]1C(O)=O
ACGUYXCXAPNIKK-UHFFFAOYSA-N,3598.0,hexachlorophene,Oc1c(Cl)cc(Cl)c(Cl)c1Cc1c(O)c(Cl)cc(Cl)c1Cl
VZJFGSRCJCXDSG-UHFFFAOYSA-N,3604.0,hexamethonium,C[N+](C)(C)CCCCCC[N+](C)(C)C
BNQSTAOJRULKNX-UHFFFAOYSA-N,3616.0,hexamethylenebisacetamide,CC(=O)NCCCCCCNC(C)=O
RYQOILLJDKPETL-UHFFFAOYSA-N,6433083.0,hexaminolevulinate,CCCCCCOC(=O)CCC(=O)CN
IMQLKJBTEOYOSI-GPIVLXJGSA-N,,hexasodium-phytate,OP(O)(=O)O[C@H]1[C@H](OP(O)(O)=O)[C@@H](OP(O)(O)=O)[C@H](OP(O)(O)=O)[C@H](OP(O)(O)=O)[C@@H]1OP(O)(O)=O
PBBGSZCBWVPOOL-HDICACEKSA-N,192197.0,hexestrol,CC[C@@H]([C@@H](CC)c1ccc(O)cc1)c1ccc(O)cc1
DTOUUUZOYKYHEP-AERCQKQUSA-N,,hexetidine,CCCC[C@H](CC)CN1CN(C[C@H](CC)CCCC)C[C@](C)(N)C1
RGHNJXZEOKUKBD-TXICZTDVSA-N,5311443.0,hexonic-acid,OC[C@@H](O)[C@@H](O)[C@@H](O)[C@@H](O)C(O)=O
OXLZNBCNGJWPRV-SZPZYZBQSA-N,24993924.0,hexoprenaline,O[C@@H](CNCCCCCCNC[C@@H](O)c1ccc(O)c(O)c1)c1ccc(O)c(O)c1
DKLKMKYDWHYZTD-ZDUSSCGKSA-N,6604266.0,hexylcaine,C[C@@H](CNC1CCCCC1)OC(=O)c1ccccc1
SVTBMSDMJJWYQN-RXMQYKEDSA-N,5288845.0,hexylene-glycol,C[C@@H](O)CC(C)(C)O
WFJIVOKAWHGMBH-UHFFFAOYSA-N,3610.0,hexylresorcinol,CCCCCCc1ccc(O)cc1O
WZRCQWQRFZITDX-CQSZACIVSA-N,440988.0,higenamine,Oc1ccc(C[C@H]2NCCc3cc(O)c(O)cc23)cc1
QIAFMBKCNZACKA-UHFFFAOYSA-N,464.0,hippuric-acid,OC(=O)CNC(=O)c1ccccc1
NTYJJOPFIAHURM-UHFFFAOYSA-N,774.0,histamine,NCCc1cnc[nH]1
AFZWZVLPIMHLSE-UHFFFAOYSA-N,22200891.0,HJC-0350,Cc1cc(C)n(c1)S(=O)(=O)c1c(C)cc(C)cc1C
NERXPXBELDBEPZ-RMKNXTFCSA-N,11238512.0,HKI-357,CCOc1cc2ncc(C#N)c(Nc3ccc(OCc4cccc(F)c4)c(Cl)c3)c2cc1NC(=O)\C=C\CN(C)C
FIOIJUCPVZEPFX-UHFFFAOYSA-N,2250650.0,HLCL-61,CCn1c2ccccc2c2cc(CNCc3ccccc3OC)ccc12
AHJUHHDDCJQACA-UHFFFAOYSA-N,11399764.0,HM-30181,COc1cc2CCN(CCc3ccc(cc3)-n3nnc(n3)-c3cc(OC)c(OC)cc3NC(=O)c3cc(=O)c4ccccc4o3)Cc2cc1OC
OCKHRKSTDPOHEN-BQYQJAHWSA-N,9888590.0,HMN-214,COc1ccc(cc1)S(=O)(=O)N(C(C)=O)c1ccccc1\C=C\c1cc[n+]([O-])cc1
LIXBJWRFCNRAPA-NSHDSACASA-N,3045414.0,HOKU-81,CC(C)(C)NC[C@H](O)c1ccc(O)cc1Cl
ZTVIKZXZYLEVOL-YJNKXOJESA-N,,homatropine,CN1[C@H]2CC[C@@H]1C[C@@H](C2)OC(=O)[C@@H](O)c1ccccc1
WKWOJBUWWZTUQV-JJXSEGSLSA-N,,homatropine-methylbromide,C[N+]1(C)[C@H]2CC[C@@H]1C[C@@H](C2)OC(=O)[C@@H](O)c1ccccc1
QTANTQQOYSUMLC-UHFFFAOYSA-O,3624.0,homidium,CC[n+]1c(-c2ccccc2)c2cc(N)ccc2c2ccc(N)cc12
HYFHYPWGAURHIV-JFIAXGOJSA-N,285033.0,homoharringtonine,COC(=O)C[C@](O)(CCCC(C)(C)O)C(=O)O[C@H]1[C@H]2c3cc4OCOc4cc3CCN3CCC[C@]23C=C1OC
HQPMJFFEXJELOQ-UHFFFAOYSA-N,3080554.0,homoquinolinic-acid,OC(=O)Cc1cccnc1C(O)=O
WSSJONWNBBTCMG-RYUDHWBXSA-N,41097438.0,homosalate,C[C@H]1C[C@@H](CC(C)(C)C1)OC(=O)c1ccccc1O
ANOUKFYBOAKOIR-UHFFFAOYSA-N,8421.0,homoveratrylamine,COc1ccc(CCN)cc1OC
FVYXIJYOAGAUQK-UHFFFAOYSA-N,72303.0,honokiol,Oc1ccc(cc1CC=C)-c1cc(CC=C)ccc1O
KUBCEEMXQZUPDQ-UHFFFAOYSA-N,68313.0,hordenine,CN(C)CCc1ccc(O)cc1
UHKZNDVUBSEJJO-XAYNKGEHSA-N,9876430.0,HP-228,CCCC[C@H](NC(C)=O)C(=O)N[C@@H](CCC(N)=O)C(=O)N[C@@H](Cc1c[nH]cn1)C(=O)N[C@H](Cc1ccccc1)C(=O)N[C@@H](CCCNC(N)=N)C(=O)N[C@H](Cc1c[nH]c2ccccc12)C(=O)NCC(N)=O
VJCLAPUACUQZOV-UHFFFAOYSA-N,46700750.0,hPGDS-IN-1,CC(C)(O)c1nc(no1)-c1cccc(CNC(=O)c2cnc(nc2)-c2ccccn2)c1
PVXGCBZIVFCMJK-AUSGGWNYSA-N,,HPPH,CCCCCCO[C@H](C)c1c(C)c2cc3nc([C@@H](CCC(O)=O)[C@@H]3C)c3CC(=O)c4c(C)c(cc5nc(cc1[nH]2)c(C)c5CC)[nH]c34
VUAXHMVRKOTJKP-UHFFFAOYSA-N,11684.0,HQK-1001,CCC(C)(C)C(O)=O
LUJDHCXCWJFNOJ-UHFFFAOYSA-N,159466.0,HSR6071,O=C(Nc1nnn[nH]1)c1cncc(n1)N1CCCC1
TXCGMRVPXUBHAL-PLRJNAJWSA-N,,HT-2157,FC(F)(F)c1cccc(c1)\N=C1/C(=O)N(c2ccccc12)c1ccccc1
CHSDJDLAKKAWCI-UHFFFAOYSA-N,78357766.0,HTH-01-015,CN1c2cc3ccccc3cc2C(=O)N(C)c2c(C)nc(Nc3cnn(c3)C3CCNCC3)nc12
ATMNQRRJNBCQJO-UHFFFAOYSA-N,119193.0,HTHQ,CCCCCCOc1cc(C)c(O)c(C)c1C
PMKJGGBYYNEYPA-AWEZNQCLSA-N,6604743.0,HTMT,C[C@@H](CCCCC(=O)Nc1ccc(cc1)C(F)(F)F)NCCc1cnc[nH]1
ZRJBHWIHUMBLCN-YQEJDHNASA-N,854026.0,huperzine-A,C\C=C1/[C@@H]2Cc3[nH]c(=O)ccc3[C@@]1(N)CC(C)=C2
WCDDVEOXEIYWFB-VXORFPGASA-N,6852395.0,hyaluronic-acid,CC(=O)N[C@@H]1C[C@H](O)[C@@H](CO)O[C@H]1O[C@H]1[C@H](O)[C@@H](O)[C@H](O)O[C@@H]1C(O)=O
MFZWMTSUNYWVBU-UHFFFAOYSA-N,3634.0,hycanthone,CCN(CC)CCNc1ccc(CO)c2sc3ccccc3c(=O)c12
RPTUSVTUFVMDQK-UHFFFAOYSA-N,9351.0,hydralazine,NNc1nncc2ccccc12
JZUTXVTYJDCMDU-MOPGFXCFSA-N,197835.0,"hydrastine-(1R,9S)",COc1ccc2[C@H](OC(=O)c2c1OC)[C@@H]1N(C)CCc2cc3OCOc3cc12
LGDCROILDUSHQX-UHFFFAOYSA-N,3397945.0,hydrastinine,C[N+]1=Cc2cc3OCOc3cc2CC1
JZUFKLXOESDKRF-UHFFFAOYSA-N,3639.0,hydrochlorothiazide,NS(=O)(=O)c1cc2c(NCNS2(=O)=O)cc1Cl
JYGXADMDTFJGBT-VWUMJDOOSA-N,5754.0,hydrocortisone,C[C@]12C[C@H](O)[C@H]3[C@@H](CCC4=CC(=O)CC[C@]34C)[C@@H]1CC[C@]2(O)C(=O)CO
ALEXXDVDDISNDU-JZYPGELDSA-N,5744.0,hydrocortisone-acetate,CC(=O)OCC(=O)[C@@]1(O)CC[C@H]2[C@@H]3CCC4=CC(=O)CC[C@]4(C)[C@H]3[C@@H](O)C[C@]12C
BMCQMVFGOVHVNG-TUFAYURCSA-N,26133.0,hydrocortisone-butyrate,CCCC(=O)O[C@@]1(CC[C@H]2[C@@H]3CCC4=CC(=O)CC[C@]4(C)[C@H]3[C@@H](O)C[C@]12C)C(=O)CO
VWQWXZAWFPZJDA-CGVGKPPMSA-N,16623.0,hydrocortisone-hemisuccinate,C[C@]12C[C@H](O)[C@H]3[C@@H](CCC4=CC(=O)CC[C@]34C)[C@@H]1CC[C@]2(O)C(=O)COC(=O)CCC(O)=O
BGSOJVFOEQLVMH-SBXZOHCASA-N,,hydrocortisone-phosphate,C[C@@]12C[C@H](O)[C@H]3[C@@H](CCC4=CC(=O)CC[C@@]34C)[C@@H]1CC[C@]2(O)C(=O)COP(O)(O)=O
FZCHYNWYXKICIO-FZNHGJLXSA-N,5282494.0,hydrocortisone-valerate,CCCCC(=O)O[C@@]1(CC[C@H]2[C@@H]3CCC4=CC(=O)CC[C@]4(C)[C@H]3[C@@H](O)C[C@]12C)C(=O)CO
DMDGGSIALPNSEE-UHFFFAOYSA-N,3647.0,hydroflumethiazide,NS(=O)(=O)c1cc2c(NCNS2(=O)=O)cc1C(F)(F)F
LJOQGZACKSYWCH-LHHVKLHASA-N,91503.0,hydroquinidine,CC[C@H]1C[N@@]2CC[C@H]1C[C@@H]2[C@@H](O)c1ccnc2ccc(OC)cc12
QIGBRXMKCJKVMJ-UHFFFAOYSA-N,785.0,hydroquinone,Oc1ccc(O)cc1
YOZNUFWCRFCGIH-WZHZPDAFSA-L,139031134.0,hydroxocobalamin,[H]O[Co+]N1\C2=C(C)/C3=N/C(=C/C4=N/C(=C(C)\C5=N[C@@](C)([C@@]1([H])[C@H](CC(N)=O)[C@@]2(C)CCC(=O)NC[C@@H](C)OP(O)(=O)O[C@@H]1[C@@H](CO)O[C@@H]([C@@H]1O)n1cnc2cc(C)c(C)cc12)[C@@](C)(CC(N)=O)[C@@H]5CCC(N)=O)/[C@@](C)(CC(N)=O)[C@@H]4CCC(N)=O)/C(C)(C)[C@@H]3CCC(N)=O
GIKNHHRFLCDOEU-SSDOTTSWSA-N,12234986.0,hydroxyamphetamine,C[C@@H](N)Cc1ccc(O)cc1
XXSMGPRMXLTPCZ-UHFFFAOYSA-N,12947.0,hydroxychloroquine,CCN(CCO)CCCC(C)Nc1ccnc2cc(Cl)ccc12
ZAVGJDAFCZAWSZ-UHFFFAOYSA-N,3064778.0,hydroxyfasudil,O=c1[nH]ccc2c(cccc12)S(=O)(=O)N1CCCNCC1
DBPWSSGDRRHUNT-CEGNMAFCSA-N,6238.0,hydroxyprogesterone,CC(=O)[C@@]1(O)CC[C@H]2[C@@H]3CCC4=CC(=O)CC[C@]4(C)[C@H]3CC[C@]12C
VTHUYJIXSMGYOQ-KOORYGTMSA-N,10156152.0,hydroxyprogesterone-acetate,CC(=O)O[C@@]1(CC[C@H]2[C@@H]3CCC4=CC(=O)CC[C@]4(C)[C@H]3CC[C@]12C)C(C)=O
ODLHGICHYURWBS-LWHSBNEASA-N,,hydroxypropyl-beta-cyclodextrin,C[C@@H](O)COC[C@H]1O[C@@H]2O[C@@H]3[C@@H](COC[C@@H](C)O)O[C@H](O[C@@H]4[C@@H](COC[C@@H](C)O)O[C@H](O[C@@H]5[C@@H](COC[C@@H](C)O)O[C@H](O[C@@H]6[C@@H](COC[C@@H](C)O)O[C@H](O[C@@H]7[C@@H](COC[C@@H](C)O)O[C@H](O[C@@H]8[C@@H](COC[C@@H](C)O)O[C@H](O[C@H]1[C@H](O)[C@H]2O)[C@H](O)[C@H]8O)[C@H](O)[C@H]7O)[C@H](O)[C@H]6O)[C@H](O)[C@H]5O)[C@H](O)[C@H]4O)[C@H](O)[C@H]3O
DKEZDPGUJMMUCC-GJVNFNJISA-N,,hydroxysafflor-yellow-A,[H][C@]1(O[C@H](CO)[C@@H](O)[C@H](O)[C@H]1O)[C@]1(O)C(=O)[C@@H]([C@@H]2O[C@H](CO)[C@@H](O)[C@H](O)[C@H]2O)C(=O)[C@H](C(=O)\C=C\c2ccc(O)cc2)C1=O
TUESWZZJYCLFNL-DAFODLJHSA-N,5284571.0,hydroxystilbamidine,NC(=N)c1ccc(\C=C\c2ccc(cc2O)C(N)=N)cc1
HLVVITIHAZBPKB-NSHDSACASA-N,667530.0,"hydroxytacrine-maleate-(R,S)",Nc1c2[C@@H](O)CCCc2nc2ccccc12
WHSXTWFYRGOBGO-UHFFFAOYSA-N,6738.0,hydroxytoluic-acid,Cc1cccc(C(O)=O)c1O
VSNHCAURESNICA-UHFFFAOYSA-N,3657.0,hydroxyurea,NC(=O)NO
ZQDWXGKKHFNSQK-NRFANRHFSA-N,1548976.0,hydroxyzine,OCCOCCN1CCN(CC1)[C@@H](c1ccccc1)c1ccc(Cl)cc1
GRRNUXAQVGOGFE-SIGCQSELSA-N,91617579.0,hygromycin-B,CN[C@H]1C[C@@H](N)[C@H](O)[C@@H](O[C@@H]2O[C@H](CO)[C@H](O)[C@@H]3O[C@@]4(O[C@H]23)O[C@H]([C@@H](N)CO)[C@H](O)[C@H](O)[C@H]4O)[C@@H]1O
HSHNITRMYYLLCV-UHFFFAOYSA-N,5280567.0,hymecromone,Cc1cc(=O)oc2cc(O)ccc12
DGABKXLVXPYZII-SIBKNCMHSA-N,5283820.0,hyodeoxycholic-acid,C[C@H](CCC(O)=O)[C@H]1CC[C@H]2[C@@H]3C[C@H](O)[C@@H]4C[C@H](O)CC[C@]4(C)[C@H]3CC[C@]12C
RKUNBYITZUJHSG-FXUDXRNXSA-N,,hyoscyamine,CN1[C@H]2CC[C@@H]1C[C@@H](C2)OC(=O)[C@H](CO)c1ccccc1
BTXNYTINYBABQR-UHFFFAOYSA-N,,hypericin,Cc1cc(O)c2c3c1c1c(C)cc(O)c4c1c1c3c3c(c(O)cc(O)c3c2=O)c2c(O)cc(O)c(c12)c4=O
OVSQVDMCBVZWGM-FHYQVQSVSA-N,5742688.0,hyperin,OC[C@H]1O[C@@H](Oc2c(oc3cc(O)cc(O)c3c2=O)-c2ccc(O)c(O)c2)[C@@H](O)[C@@H](O)[C@@H]1O
HRVWCNMOEFNEON-UHFFFAOYSA-N,129424.0,I-BZA,CCN(CC)CCNC(=O)c1ccc(I)cc1
HNPAHGHFONBTLV-KSJQNFQUSA-N,11199742.0,hypoestoxide,CC(=O)O[C@@H]1C[C@]2(C)O[C@H]2CC[C@]2(C)O[C@H]2C[C@@H]2CC(=O)C(=C)[C@@H]1C2(C)C
FDGQSTZJBFJUBT-UHFFFAOYSA-N,790.0,hypoxanthine,O=c1nc[nH]c2nc[nH]c12
AAAQFGUYHFJNHI-SFHVURJKSA-N,46943432.0,I-BET-762,CCNC(=O)C[C@@H]1N=C(c2ccc(Cl)cc2)c2cc(OC)ccc2-n2c(C)nnc12
VUVUVNZRUGEAHB-CYBMUJFWSA-N,52912189.0,I-BET151,COc1cc2c3n([C@H](C)c4ccccn4)c(=O)[nH]c3cnc2cc1-c1c(C)noc1C
WRUWGLUCNBMGPS-UHFFFAOYSA-N,91668541.0,I-BRD9,CCn1cc(-c2cccc(c2)C(F)(F)F)c2sc(cc2c1=O)C(=N)NC1CCS(=O)(=O)CC1
WNSWOZIBBVUJBI-UHFFFAOYSA-N,1816834.0,I-BZA2,CCN(CC)CCNC(=O)c1ccccc1I
YKNAKDFZAWQEEO-IBGZPJMESA-N,90488984.0,I-CBP-112,CCC(=O)N1CCOc2c(C1)cc(cc2OC[C@H]1CCCN(C)C1)-c1ccc(OC)c(OC)c1
HWJWNWZJUYCGKV-UHFFFAOYSA-N,86711931.0,IACS-10759,Cc1nc(nn1Cc1cccc(c1)N1CCC(CC1)S(C)(=O)=O)-c1nc(no1)-c1ccc(OC(F)(F)F)cc1
HUJXGQILHAUCCV-MOROJQBDSA-N,123683.0,IB-MECA,CNC(=O)[C@H]1O[C@H]([C@H](O)[C@@H]1O)n1cnc2c(NCc3cccc(I)c3)ncnc12
MPBVHIBUJCELCL-UHFFFAOYSA-N,60852.0,ibandronate,CCCCCN(C)CCC(O)(P(O)(O)=O)P(O)(O)=O
RUTVRAJKELSHCC-UHFFFAOYSA-N,2736690.0,IBC-293,CC(C)n1nnc2cc(ccc12)C(O)=O
IXZOHGPZAQLIBH-NRFANRHFSA-N,67335295.0,iberdomide,O=C1N(Cc2c1cccc2OCc1ccc(CN2CCOCC2)cc1)[C@H]1CCC(=O)NC1=O
YFHRCLAKZBDRHN-MRXNPFEDSA-N,60199242.0,ibiglustat,CC(C)(NC(=O)O[C@@H]1CN2CCC1CC2)c1csc(n1)-c1ccc(F)cc1
APIXJSLKIYYUKG-UHFFFAOYSA-N,3758.0,IBMX,CC(C)Cn1c2nc[nH]c2c(=O)n(C)c1=O
IRJCBFDCFXCWGO-SCSAIBSYSA-N,6971210.0,ibotenic-acid,N[C@@H](C(O)=O)c1cc(=O)[nH]o1
KPRTURMJVWXURQ-UHFFFAOYSA-N,131601.0,ibrolipim,CCOP(=O)(Cc1ccc(cc1)C(=O)Nc1ccc(Br)cc1C#N)OCC
XYFPWWZEPKGCCK-GOSISDBHSA-N,24821094.0,ibrutinib,Nc1ncnc2n(nc(-c3ccc(Oc4ccccc4)cc3)c12)[C@@H]1CCCN(C1)C(=O)C=C
ZJVFLBOZORBYFE-UHFFFAOYSA-N,3671.0,ibudilast,CC(C)C(=O)c1c(nn2ccccc12)C(C)C
HEFNNWSXXWATRW-SNVBAGLBSA-N,114864.0,ibuprofen,CC(C)Cc1ccc(cc1)[C@@H](C)C(O)=O
HEFNNWSXXWATRW-JTQLQIEISA-N,39912.0,ibuprofen-(S),CC(C)Cc1ccc(cc1)[C@H](C)C(O)=O
IHHXIUAEPKVVII-APFIOPMWSA-N,15009332.0,ibuprofen-lysine,NCCCC[C@H](N)C(O)=O.CC(C)Cc1ccc(cc1)[C@@H](C)C(O)=O
ACEWLPOYLGNNHV-OAHLLOKOSA-N,76968625.0,ibuprofen-piconol,CC(C)Cc1ccc(cc1)[C@@H](C)C(=O)OCc1ccccn1
BYPIURIATSUHDW-SNVBAGLBSA-N,11458696.0,ibuproxam,CC(C)Cc1ccc(cc1)[C@@H](C)C(=O)NO
UMUPQWIGCOZEOY-JOCHJYFZSA-N,178024.0,ibutamoren,CC(C)(N)C(=O)N[C@H](COCc1ccccc1)C(=O)N1CCC2(CN(c3ccccc23)S(C)(=O)=O)CC1
ALOBUEHUHMBRLE-HXUWFJFHSA-N,21149973.0,ibutilide,CCCCCCCN(CC)CCC[C@@H](O)c1ccc(NS(C)(=O)=O)cc1
JBJYTZXCZDNOJW-JLHYYAGUSA-N,5288600.0,IC261,COc1cc(OC)c(\C=C2\C(=O)Nc3ccccc23)c(OC)c1
IIBSHMFXVWTQSJ-UHFFFAOYSA-N,10149311.0,ICA-069673,Fc1ccc(cc1F)C(=O)Nc1cnc(Cl)nc1
FOYOGIUAMYSVIT-UHFFFAOYSA-N,4314115.0,ICA-110381,Clc1ccc(cc1)C(=O)Nc1ccc(Cl)nc1
URSQNPPONHUJDL-UHFFFAOYSA-N,998021.0,ICA-121431,O=C(Nc1ccc(cc1)S(=O)(=O)Nc1nccs1)C(c1ccccc1)c1ccccc1
TZJALUIVHRYQQB-XLRXWWTNSA-N,5318997.0,icariin,COc1ccc(cc1)-c1oc2c(CC=C(C)C)c(O[C@@H]3O[C@H](CO)[C@@H](O)[C@H](O)[C@H]3O)cc(O)c2c(=O)c1O[C@@H]1O[C@@H](C)[C@H](O)[C@@H](O)[C@H]1O
ZWAVGFSZMACJHA-PMNBYGLBSA-N,5311390.0,"ICI-185,282",OC(=O)CCC\C=C/C[C@@H]1CO[C@@H](O[C@@H]1c1ccccc1O)C(F)(F)F
TUUXBSASAQJECY-UHFFFAOYSA-N,5318980.0,icaritin,COc1ccc(cc1)-c1oc2c(CC=C(C)C)c(O)cc(O)c2c(=O)c1O
QURWXBZNHXJZBE-SKXRKSCCSA-N,6918173.0,icatibant-acetate,N[C@H](CCCNC(N)=N)C(=O)N[C@@H](CCCNC(N)=N)C(=O)N1CCC[C@H]1C(=O)N1C[C@H](O)C[C@H]1C(=O)NCC(=O)N[C@@H](Cc1cccs1)C(=O)N[C@@H](CO)C(=O)N1Cc2ccccc2C[C@@H]1C(=O)N1[C@H]2CCCC[C@H]2C[C@H]1C(=O)N[C@@H](CCCNC(N)=N)C(O)=O
HQWTUOLCGKIECB-XZWHSSHBSA-N,11238147.0,ICG-001,Oc1ccc(C[C@@H]2N3[C@H](CN(Cc4cccc5ccccc45)C2=O)N(CCC3=O)C(=O)NCc2ccccc2)cc1
VFIDUCMKNJIJTO-XJKSGUPXSA-N,5311179.0,"ICI-118,551",CC(C)N[C@@H](C)[C@H](O)COc1ccc(C)c2CCCc12
ALCSGJCIESECFD-UHFFFAOYSA-N,134778.0,ICI-162846,NC(=O)CCCCn1ccc(NC(=N)NCC(F)(F)F)n1
HYOLQGVNMQNERE-UHFFFAOYSA-N,122265.0,ICI-169369,CN(C)CCSc1nc2ccccc2cc1-c1ccccc1
WHUIENZXNGAHQI-GKZDNZBASA-N,6604763.0,ICI-192605,OC(=O)CC\C=C/C[C@@H]1CO[C@@H](O[C@@H]1c1ccccc1O)c1ccccc1Cl
AEJOEPSMZCEYJN-HXUWFJFHSA-N,3082718.0,ICI-199441,CN([C@H](CN1CCCC1)c1ccccc1)C(=O)Cc1ccc(Cl)c(Cl)c1
MXWICZOXPUWAHY-HNNXBMFYSA-N,164451.0,"ICI-215,001",O[C@@H](CNCCOc1ccc(OCC(O)=O)cc1)COc1ccccc1
UQDVRVNMIJAGRK-UHFFFAOYSA-N,62824.0,ICI-63197,CCCn1c2nc(N)nn2cc(C)c1=O
HTLWRKRZKFAAAH-KRWDZBQOSA-N,92211532.0,ICI-89406,O[C@@H](CNCCNC(=O)Nc1ccccc1)COc1ccccc1C#N
RCEFMOGVOYEGJN-UHFFFAOYSA-N,161930.0,icilin,Oc1ccccc1N1CC=C(NC1=O)c1cccc(c1)[N+]([O-])=O
HWJPWWYTGBZDEG-AWEZNQCLSA-N,10247560.0,iclaprim,COc1cc(Cc2cnc(N)nc2N)c2C=C[C@H](Oc2c1OC)C1CC1
JSFATNQSLKRBCI-VAEKSGALSA-N,5280724.0,icomucret,CCCCC[C@H](O)\C=C\C=C/C\C=C/C\C=C/CCCC(O)=O
JAZBEHYOTPTENJ-JLNKQSITSA-N,446284.0,icosapent,CC\C=C/C\C=C/C\C=C/C\C=C/C\C=C/CCCC(O)=O
QQLKULDARVNMAL-UHFFFAOYSA-N,22024915.0,icotinib,C#Cc1cccc(Nc2ncnc3cc4OCCOCCOCCOc4cc23)c1
NCSHZXNGQYSKLR-UNOMPAQXSA-N,5967294.0,iCRT-14,Cc1cc(\C=C2/SC(=O)N(C2=O)c2ccccc2)c(C)n1-c1cccnc1
OSCCDBFHNMXNME-YUPRTTJUSA-N,6918732.0,ID-1101,C[C@H](O)[C@H](C)[C@H](N)C(O)=O
VVZNWYXIOADGSW-UHFFFAOYSA-N,791637.0,ID-8,COc1ccc(cc1)-n1c(C)c([N+]([O-])=O)c2ccc(O)cc12
YBAWYTYNMZWMMJ-UHFFFAOYSA-N,21071390.0,idalopirdine,FC(F)C(F)(F)COc1cccc(CNCCc2c[nH]c3cc(F)ccc23)c1
XDXDZDZNSLXDNA-TZNDIEGXSA-N,42890.0,idarubicin,C[C@@H]1O[C@H](C[C@H](N)[C@@H]1O)O[C@H]1C[C@@](O)(Cc2c(O)c3C(=O)c4ccccc4C(=O)c3c(O)c12)C(C)=O
TVTXCJFHQKSQQM-LJQIRTBHSA-N,53358942.0,idasanutlin,COc1cc(ccc1NC(=O)[C@@H]1N[C@@H](CC(C)(C)C)[C@@](C#N)([C@H]1c1cccc(Cl)c1F)c1ccc(Cl)cc1F)C(O)=O
HPMRFMKYPGXPEP-SNVBAGLBSA-N,12866829.0,idazoxan,C1CN=C(N1)[C@H]1COc2ccccc2O1
JGPMMRGNQUBGND-UHFFFAOYSA-N,3686.0,idebenone,COC1=C(OC)C(=O)C(CCCCCCCCCCO)=C(C)C1=O
IFSDAJWBUCMOAH-HNNXBMFYSA-N,11625818.0,idelalisib,CC[C@H](Nc1ncnc2nc[nH]c12)c1nc2cccc(F)c2c(=O)n1-c1ccccc1
QGBBBLPWBSWERZ-UHFFFAOYSA-N,71542096.0,IDF-11774,CN1CCN(CC1)C(=O)COc1ccc(cc1)C12CC3CC(CC(C3)C1)C2
DCGDPJCUIKLTDU-SUNYJGFJSA-N,90415637.0,IDH-305,C[C@H](F)[C@H]1COC(=O)N1c1ccnc(N[C@@H](C)c2cc(C)c(cn2)-c2ccnc(c2)C(F)(F)F)n1
HGXSLPIXNPASGZ-UHFFFAOYSA-N,135424953.0,IDO5L,Nc1nonc1\C(NO)=N/c1ccc(F)c(Cl)c1
XQFRJNBWHJMXHO-RRKCRQDMSA-N,5905.0,idoxuridine,OC[C@H]1O[C@H](C[C@@H]1O)n1cc(I)c(=O)[nH]c1=O
VZRNTCHTJRLTMU-YFKPBYRVSA-N,7048549.0,IDRA-21,C[C@H]1Nc2ccc(Cl)cc2S(=O)(=O)N1
TZBDEVBNMSLVKT-XYYXLIQBSA-N,,idramantone,[H][C@@]12C[C@@]3([H])C[C@@](O)(C1)C[C@@]([H])(C2)C3=O
ZZUBHVMHNVYXRR-UHFFFAOYSA-N,219100.0,idronoxil,Oc1ccc(cc1)C1=Cc2ccc(O)cc2OC1
IWYZMMIPAJDJBN-UHFFFAOYSA-N,3248290.0,IEM1460,C[N+](C)(C)CCCCCNCC12CC3CC(CC(C3)C1)C2
UWWMQHVWAYFCDT-UHFFFAOYSA-N,9887868.0,IEM1754,NCCCCCNCC12CC3CC(CC(C3)C1)C2
UYNVMODNBIQBMV-KKSFZXQISA-N,6604117.0,ifenprodil,C[C@@H]([C@H](O)c1ccc(O)cc1)N1CCC(Cc2ccccc2)CC1
HOMGKSMUEGBAAB-CQSZACIVSA-N,9588020.0,ifosfamide,ClCCN[P@@]1(=O)OCCCN1CCCl
VCZSWYIFCKGTJI-JLHYYAGUSA-N,6438340.0,igmesine,CCC(C\C=C\c1ccccc1)(N(C)CC1CC1)c1ccccc1
ANMATWQYLIFGOK-UHFFFAOYSA-N,124246.0,iguratimod,CS(=O)(=O)Nc1cc2occ(NC=O)c(=O)c2cc1Oc1ccccc1
BWZJBXAPRCVCKQ-UHFFFAOYSA-N,9549298.0,IKK-16,O=C(N1CCC(CC1)N1CCCC1)c1ccc(Nc2nccc(n2)-c2cc3ccccc3s2)cc1
BMUACLADCKCNKZ-UHFFFAOYSA-N,2807869.0,IKK-2-inhibitor,NC(=O)c1sc(cc1N)-c1ccsc1
CHILCFMQWMQVAL-UHFFFAOYSA-N,5081913.0,IKK-2-inhibitor-V,Oc1ccc(Cl)cc1C(=O)Nc1cc(cc(c1)C(F)(F)F)C(F)(F)F
HRRXCXABAPSOCP-AREMUKBSSA-N,76968095.0,ilaprazole,COc1ccnc(C[S@@](=O)c2nc3ccc(cc3[nH]2)-n2cccc2)c1C
BLPUOQGPBJPXRL-FNORWQNLSA-N,641115.0,ilepcimide,O=C(\C=C\c1ccc2OCOc2c1)N1CCCCC1
NITYDPDXAAFEIT-DYVFJYSZSA-N,132519.0,ilomastat,CNC(=O)[C@H](Cc1c[nH]c2ccccc12)NC(=O)[C@H](CC(C)C)CC(=O)NO
XMXHEBAFVSFQEX-UHFFFAOYSA-N,71360.0,iloperidone,COc1cc(ccc1OCCCN1CCC(CC1)c1noc2cc(F)ccc12)C(C)=O
HIFJCPQKFCZDDL-GBSCXWAGSA-N,51397006.0,iloprost,CC#CC[C@@H](C)[C@H](O)\C=C\[C@H]1[C@H](O)C[C@@H]2C\C(C[C@H]12)=C/CCCC(O)=O
KTUFNOKKBVMGRW-UHFFFAOYSA-N,5291.0,imatinib,CN1CCN(Cc2ccc(cc2)C(=O)Nc2ccc(C)c(Nc3nccc(n3)-c3cccnc3)c2)CC1
VXMYWVMXSWJFCV-UHFFFAOYSA-N,55918.0,Imazodan,O=C1CCC(=NN1)c1ccc(cc1)-n1ccnc1
GFICWFZTBXUVIG-SCSAIBSYSA-N,24812808.0,imeglimin,C[C@H]1NC(=NC(N)=N1)N(C)C
PEHSVUKQDJULKE-UHFFFAOYSA-N,3692.0,imetit,NC(=N)SCCc1cnc[nH]1
BIXBBIPTYBJTRY-VBMBUWLQSA-N,24822698.0,imexon,NC1=NC(=O)N2C[C@@H]12
YWTYJOPNNQFBPC-UHFFFAOYSA-N,86418.0,imidacloprid,[O-][N+](=O)N=C1NCCN1Cc1ccc(Cl)nc1
SQKXYSGRELMAAU-UHFFFAOYSA-N,6433090.0,imidafenacin,Cc1nccn1CCC(C(N)=O)(c1ccccc1)c1ccccc1
KLZWOWYOHUKJIG-BPUTZDHNSA-N,5464343.0,imidapril,CCOC(=O)[C@H](CCc1ccccc1)N[C@@H](C)C(=O)N1[C@@H](CN(C)C1=O)C(O)=O
CUNDRHORZHFPLY-UHFFFAOYSA-N,132127.0,imidazoacridinone,CCN(CC)CCNc1ccc2ncn3c2c1c(=O)c1cc(O)ccc31
ZCTXEAQXZGPWFG-RFZPGFLSSA-N,6604401.0,imidurea,OCN1[C@@H](NC(=O)NCNC(=O)N[C@@H]2N(CO)C(=O)NC2=O)C(=O)NC1=O
UXABARREKCJULM-NSHDSACASA-N,76966048.0,imiloxan,CCn1ccnc1C[C@H]1COc2ccccc2O1
ZSKVGTPCRGIANV-ZXFLCMHBSA-N,104838.0,imipenem,C[C@@H](O)[C@@H]1[C@H]2CC(SCCNC=N)=C(N2C1=O)C(O)=O
BCGWQEUPMDMJNV-UHFFFAOYSA-N,3696.0,imipramine,CN(C)CCCN1c2ccccc2CCc2ccccc12
DOUYETYNHWVLEO-UHFFFAOYSA-N,57469.0,imiquimod,CC(C)Cn1cnc2c(N)nc3ccccc3c12
QCCHBHSAIQIQGO-UHFFFAOYSA-N,65673.0,imirestat,Fc1ccc2-c3ccc(F)cc3C3(NC(=O)NC3=O)c2c1
UWYSKLMRWPKZES-XNPJUPKFSA-L,,imisopasem-manganese,[H][C@@]12CCCC[C@@]1([H])N1Cc3cccc(CN4[C@]5([H])CCCC[C@@]5([H])N5CCN2[Mn]145(Cl)Cl)n3
MCNGUYXRBCIGOV-UHFFFAOYSA-N,3035842.0,immepip,C(C1CCNCC1)c1cnc[nH]1
DFVSGZHJSIEEQQ-UHFFFAOYSA-N,9989505.0,immethridine,C(c1cnc[nH]1)c1ccncc1
MZCJWLAXZRFUPI-UHFFFAOYSA-N,9793868.0,impentamine,NCCCCCc1cnc[nH]1
HIINQLBHPIQYHN-JTQLQIEISA-N,7021857.0,IMREG-1,N[C@@H](Cc1ccc(O)cc1)C(=O)NCC(=O)NCC(O)=O
LYMICVBGNUEHGE-NLKZJYKHSA-N,,inarigivir,CO[C@@H]1[C@H](O[P@](S)(=O)OC[C@H]2O[C@H](C[C@@H]2O)n2cnc3c(N)ncnc23)[C@@H](CO)O[C@H]1n1ccc(=O)[nH]c1=O
CJCYTUJOSMYXLE-NHMFLIHISA-N,,inarigivir-soproxil,[H][C@]1(O)C[C@@]([H])(O[C@]1([H])CO[P@](=O)(O[C@]1([H])[C@@]([H])(CO)O[C@@]([H])(n2ccc(=O)[nH]c2=O)[C@]1([H])OC)SCOC(=O)OC(C)C)n1cnc2c(N)ncnc12
LIOLIMKSCNQPLV-UHFFFAOYSA-N,25145656.0,INC-280,CNC(=O)c1ccc(cc1F)-c1cnc2ncc(Cc3ccc4ncccc4c3)n2n1
GCHPUOHXXCNSQL-UHFFFAOYSA-N,230748.0,INCA-6,O=C1C=CC(=O)C2=C1C1c3ccccc3C2c2ccccc12
NXZNYBUBXWWKCP-JMOWIOHXSA-N,11527661.0,INCB-003284,COc1ccc(cn1)C1(O)CCC(CC1)N1CC[C@H](C1)NC(=O)CNC(=O)c1cccc(c1)C(F)(F)F
ZNFWPFHSBWLNSO-UHFFFAOYSA-N,,INCB-057643,CN1C(=O)C(C)(C)Oc2c1cc(cc2-c1cn(C)c(O)c2nccc12)S(C)(=O)=O
NXZNYBUBXWWKCP-DNRQZRRGSA-N,,INCB-3284,COc1ccc(cn1)[C@]1(O)CC[C@@H](CC1)N1CC[C@H](C1)NC(=O)CNC(=O)c1cccc(c1)C(F)(F)F
MDYVZYDNBUAVCN-WCAKBIDQSA-N,,incyclinide,[H][C@@]12Cc3cccc(O)c3C(=O)[C@@H]1C(=O)[C@]1(O)C(=O)[C@H](C(N)=O)C(=O)C[C@]1([H])C2
QZZUEBNBZAPZLX-QFIPXVFZSA-N,6918554.0,indacaterol,CCc1cc2CC(Cc2cc1CC)NC[C@H](O)c1ccc(O)c2[nH]c(=O)ccc12
SADQVAVFGNTEOD-UHFFFAOYSA-N,44668.0,indalpine,C(Cc1c[nH]c2ccccc12)C1CCNCC1
NDDAHWYSQHTHNT-JTQLQIEISA-N,12598931.0,indapamide,C[C@H]1Cc2ccccc2N1NC(=O)c1ccc(Cl)c(c1)S(N)(=O)=O
SVFXPTLYMIXFRX-XJKSGUPXSA-N,126280.0,indatraline,CN[C@@H]1C[C@H](c2ccccc12)c1ccc(Cl)c(Cl)c1
YMPALHOKRBVHOJ-UHFFFAOYSA-N,11395145.0,indeglitazar,COc1ccc(cc1)S(=O)(=O)n1cc(CCC(O)=O)c2cc(OC)ccc12
MADRVGBADLFHMO-GFCCVEGCSA-N,67212739.0,indeloxazine,C(Oc1cccc2C=CCc12)[C@H]1CNCCO1
SOLIIYNRSAWTSQ-UHFFFAOYSA-N,2929.0,indibulin,Clc1ccc(Cn2cc(C(=O)C(=O)Nc3ccncc3)c3ccccc23)cc1
CBVCZFGXHXORBI-PXQQMZJSSA-N,5362440.0,indinavir,CC(C)(C)NC(=O)[C@@H]1CN(Cc2cccnc2)CCN1C[C@@H](O)C[C@@H](Cc1ccccc1)C(=O)N[C@@H]1[C@H](O)Cc2ccccc12
CBIAWPMZSFFRGN-UHFFFAOYSA-N,6450813.0,indiplon,CN(C(C)=O)c1cccc(c1)-c1ccnc2c(cnn12)C(=O)c1cccs1
CRDNMYFJWFXOCH-YPKPFQOOSA-N,,indirubin,O=C1Nc2ccccc2\C1=C1\Nc2ccccc2C1=O
HBDSHCUSXQATPO-BGBJRWHRSA-N,,indirubin-3-monoxime,O\N=C1\C(\Nc2ccccc\12)=C1\C(=O)Nc2ccccc12
SETFNECMODOHTO-UHFFFAOYSA-N,216468.0,indisulam,NS(=O)(=O)c1ccc(cc1)S(=O)(=O)Nc1cccc2c(Cl)c[nH]c12
OVZUSPADPSOQQN-UHFFFAOYSA-N,57346963.0,indium-tri(2-propanolate),CC(C)O[In](OC(C)C)OC(C)C
JUUUERJZVKCDOT-UHFFFAOYSA-N,,indium(III)-isopropoxide,[In].CC(C)O.CC(C)O.CC(C)O
AYDXAULLCROVIT-OAHLLOKOSA-N,189556.0,indobufen,CC[C@@H](C(O)=O)c1ccc(cc1)N1Cc2ccccc2C1=O
BDBMLMBYCXNVMC-UHFFFAOYSA-O,9919342.0,indocyanine-green,CC1(C)\C(=C/C=C/C=C/C=C/C2=[N+](CCCCS(O)(=O)=O)c3ccc4ccccc4c3C2(C)C)N(CCCCS(O)(=O)=O)c2ccc3ccccc3c12
IVYPNXXAYMYVSP-UHFFFAOYSA-N,3712.0,indole-3-carbinol,OCc1c[nH]c2ccccc12
KDCSRTPNDBPWQZ-UHFFFAOYSA-N,85336038.0,indole-3-pyrubate,OC(=O)C(O)=Cc1c[nH]c2ccccc12
CGIGDMFJXJATDK-UHFFFAOYSA-N,3715.0,indomethacin,COc1ccc2n(C(=O)c3ccc(Cl)cc3)c(C)c(CC(O)=O)c2c1
RJMIEHBSYVWVIN-LLVKDONJSA-N,93283.0,indoprofen,C[C@@H](C(O)=O)c1ccc(cc1)N1Cc2ccccc2C1=O
JXZZEXZZKAWDSP-UHFFFAOYSA-N,33625.0,indoramin,O=C(NC1CCN(CCc2c[nH]c3ccccc23)CC1)c1ccccc1
ZADWXFSZEAPBJS-SNVBAGLBSA-N,6920151.0,indoximod,Cn1cc(C[C@@H](N)C(O)=O)c2ccccc12
VEBVPUXQAPLADL-POYOOMFHSA-N,442042.0,ingenol,[H][C@]12C=C(CO)[C@@H](O)[C@]3(O)[C@@H](O)C(C)=C[C@]3([C@H](C)C[C@@H]3[C@H]1C3(C)C)C2=O
VDJHFHXMUKFKET-WDUFCVPESA-N,6918670.0,ingenol-mebutate,C\C=C(\C)C(=O)O[C@H]1C(C)=C[C@@]23[C@H](C)C[C@@H]4[C@H]([C@H](C=C(CO)[C@@H](O)[C@]12O)C3=O)C4(C)C
UXZFQZANDVDGMM-UHFFFAOYSA-N,3728.0,iodoquinol,Oc1c(I)cc(I)c2cccnc12
JPMOKRWIYQGMJL-UHFFFAOYSA-N,959043.0,INH1,Cc1ccc(-c2csc(NC(=O)c3ccccc3)n2)c(C)c1
SRQKTCXJCCHINN-ORMNHXAVSA-N,72165119.0,inimur,CSC[C@H]1CN(\N=C\c2ccc(o2)[N+]([O-])=O)C(=O)O1
MDOJTZQKHMAPBK-UHFFFAOYSA-N,9796068.0,iniparib,NC(=O)c1ccc(I)c(c1)[N+]([O-])=O
UGQMRVRMYYASKQ-KQYNXXCUSA-N,135398641.0,inosine,OC[C@H]1O[C@H]([C@H](O)[C@@H]1O)n1cnc2c1[nH]cnc2=O
CDAISMWEOUEBRE-GPIVLXJGSA-N,,inositol,O[C@H]1[C@H](O)[C@@H](O)[C@H](O)[C@H](O)[C@@H]1O
MFZCIDXOLLEMOO-GYSGTQPESA-N,,inositol-hexanicotinate,O=C(O[C@H]1[C@H](OC(=O)c2cccnc2)[C@@H](OC(=O)c2cccnc2)[C@H](OC(=O)c2cccnc2)[C@H](OC(=O)c2cccnc2)[C@@H]1OC(=O)c1cccnc1)c1cccnc1
PGAVKCOVUIYSFO-PXBUCIJWSA-N,10368038.0,INS316,O[C@H]1[C@@H](COP(O)(=O)OP(O)(=O)OP(O)(O)=O)O[C@H]([C@@H]1O)n1ccc(=O)[nH]c1=O
ZXERDUOLZKYMJM-ZWECCWDJSA-N,447715.0,INT-747,CC[C@H]1[C@@H](O)[C@H]2[C@@H]3CC[C@H]([C@H](C)CCC(O)=O)[C@@]3(C)CC[C@@H]2[C@@]2(C)CC[C@@H](O)C[C@@H]12
XGIYOABXZNJOHV-APIYUPOTSA-N,23642339.0,INT-767,CC[C@H]1[C@@H](O)[C@H]2[C@@H]3CC[C@H]([C@H](C)CCOS(O)(=O)=O)[C@@]3(C)CC[C@@H]2[C@@]2(C)CC[C@@H](O)C[C@@H]12
ZMXBIIQMSGOIRZ-RCZVLFRGSA-N,86272865.0,integrin-antagonist-1,Cc1cc(C)n(n1)-c1cccc(c1)[C@@H](CN1CC[C@@H](CCc2ccc3CCCNc3n2)C1)CC(O)=O
YFXGICNMLCGLHJ-KGSOWIGMSA-N,49862762.0,INX-08189,[H][C@@](C)(N[P@](=O)(OC[C@@]1([H])O[C@@]([H])(n2cnc3c(OC)nc(N)nc23)[C@](C)(O)[C@]1([H])O)Oc1cccc2ccccc12)C(=O)OCC(C)(C)C
PDWUPXJEEYOOTR-UHFFFAOYSA-N,60860.0,iobenguane,NC(=N)NCc1cccc(I)c1
GSVQIUGOUKJHRC-YFKPBYRVSA-N,76964490.0,iocetamic-acid,C[C@@H](CN(C(C)=O)c1c(I)cc(I)c(N)c1I)C(O)=O
FFINMCNLQNTKLU-UHFFFAOYSA-N,3739.0,iodipamide,OC(=O)c1c(I)cc(I)c(NC(=O)CCCCC(=O)Nc2c(I)cc(I)c(C(O)=O)c2I)c1I
NBQNWMBBSKPBAY-BRSBDYLESA-N,6604448.0,iodixanol,CC(=O)N(CC(O)CN(C(C)=O)c1c(I)c(C(=O)NC[C@@H](O)CO)c(I)c(C(=O)NC[C@@H](O)CO)c1I)c1c(I)c(C(=O)NC[C@@H](O)CO)c(I)c(C(=O)NC[C@@H](O)CO)c1I
ZZOBLCHCPLOXCE-UHFFFAOYSA-N,8522.0,iodoantipyrine,Cc1c(I)c(=O)n(-c2ccccc2)n1C
WJLRTFJPHDSXAF-QHCPKHFHSA-N,14479849.0,iododexetimide,Ic1ccc(CN2CCC(CC2)[C@]2(CCC(=O)NC2=O)c2ccccc2)cc1
UBHYDQAARZKHEZ-UHFFFAOYSA-N,3035746.0,iodophenpropit,Ic1ccc(CCNC(=N)SCCCc2cnc[nH]2)cc1
NTHXOOBQLCIOLC-GMTAPVOTSA-N,6604427.0,iohexol,CC(=O)N(C[C@@H](O)CO)c1c(I)c(C(=O)NC[C@@H](O)CO)c(I)c(C(=O)NC[C@@H](O)CO)c1I
XQZXYNRDCRIARQ-LURJTMIESA-N,65492.0,iopamidol,C[C@H](O)C(=O)Nc1c(I)c(C(=O)NC(CO)CO)c(I)c(C(=O)NC(CO)CO)c1I
OIRFJRBSRORBCM-YFKPBYRVSA-N,12304727.0,iopanic-acid,CC[C@@H](Cc1c(I)cc(I)c(N)c1I)C(O)=O
YQNFBOJPTAXAKV-OMCISZLKSA-N,,iopodic-acid,CN(C)\C=N\c1c(I)cc(I)c(CCC(O)=O)c1I
DGAIEPBNLOQYER-RKDXNWHRSA-N,6604433.0,iopromide,COCC(=O)Nc1c(I)c(C(=O)NC[C@@H](O)CO)c(I)c(C(=O)N(C)C[C@@H](O)CO)c1I
UXIGWFXRQKWHHA-UHFFFAOYSA-N,3737.0,iothalamic-acid-d3,CNC(=O)c1c(I)c(NC(C)=O)c(I)c(C(O)=O)c1I
AMDBBAQNWSUWGN-RKDXNWHRSA-N,6604447.0,ioversol,OCCN(C(=O)CO)c1c(I)c(C(=O)NC[C@@H](O)CO)c(I)c(C(=O)NC[C@@H](O)CO)c1I
DSFNLJXHXBIKDS-UHFFFAOYSA-N,135565181.0,IOWH032,Oc1c(Br)cc(cc1Br)-c1noc(n1)C(=O)NCc1ccc(Oc2ccccc2)cc1
JGRPKOGHYBAVMW-UHFFFAOYSA-N,459617.0,IOX1,OC(=O)c1ccc(O)c2ncccc12
CAOSCCRYLYQBES-UHFFFAOYSA-N,54685215.0,IOX2,OC(=O)CNC(=O)c1c(O)c2ccccc2n(Cc2ccccc2)c1=O
TYYBFXNZMFNZJT-UHFFFAOYSA-N,3742.0,ioxaglic-acid,CNC(=O)c1c(I)c(N(C)C(C)=O)c(I)c(C(=O)NCC(=O)Nc2c(I)c(C(O)=O)c(I)c(C(=O)NCCO)c2I)c1I
UUMLTINZBQPNGF-NXEZZACHSA-N,73416261.0,ioxilan,CC(=O)N(C[C@@H](O)CO)c1c(I)c(C(=O)NCCO)c(I)c(C(=O)NC[C@@H](O)CO)c1I
RFAXLXKIAKIUDT-UHFFFAOYSA-N,521106.0,IPA-3,Oc1ccc2ccccc2c1SSc1c(O)ccc2ccccc12
UUKPIWYXWLJPJF-UHFFFAOYSA-N,4239764.0,IPAG,Ic1ccc(NC(=N)NC2C3CC4CC(C3)CC2C4)cc1
XUMALORDVCFWKV-IBGZPJMESA-N,91933883.0,IPI549,C[C@H](NC(=O)c1c(N)nn2cccnc12)c1cc2cccc(C#Cc3cnn(C)c3)c2c(=O)n1-c1ccccc1
YLUSMKAJIQOXPV-UHFFFAOYSA-N,604519.0,ipidacrine,Nc1c2CCCc2nc2CCCCc12
AHFWIQIYAXSLBA-RQXATKFSSA-N,10453870.0,ipragliflozin-L-proline,OC[C@H]1O[C@H]([C@H](O)[C@@H](O)[C@@H]1O)c1ccc(F)c(Cc2cc3ccccc3s2)c1
OEXHQOGQTVQTAT-KKKDIUQISA-N,,ipratropium,CC(C)[N@@+]1(C)[C@H]2CC[C@@H]1C[C@@H](C2)OC(=O)[C@@H](CO)c1ccccc1
SFBODOKJTYAUCM-UHFFFAOYSA-N,3747.0,ipriflavone,CC(C)Oc1ccc2c(c1)occ(-c1ccccc1)c2=O
NYMGNSNKLVNMIA-UHFFFAOYSA-N,3748.0,iproniazid,CC(C)NNC(=O)c1ccncc1
TZJUVVIWVWFLCD-UHFFFAOYSA-N,56971.0,ipsapirone,O=C1N(CCCCN2CCN(CC2)c2ncccn2)S(=O)(=O)c2ccccc12
YOSHYTLCDANDAN-UHFFFAOYSA-N,3749.0,irbesartan,CCCCC1=NC2(CCCC2)C(=O)N1Cc1ccc(cc1)-c1ccccc1-c1nn[nH]n1
BGYHLZZASRKEJE-UHFFFAOYSA-N,64819.0,irganox-1010,CC(C)(C)c1cc(CCC(=O)OCC(COC(=O)CCc2cc(c(O)c(c2)C(C)(C)C)C(C)(C)C)(COC(=O)CCc2cc(c(O)c(c2)C(C)(C)C)C(C)(C)C)COC(=O)CCc2cc(c(O)c(c2)C(C)(C)C)C(C)(C)C)cc(c1O)C(C)(C)C
YHTTWXCDIRTOQX-YDZOEDPBSA-N,,iRGD-peptide,[H][C@@]12CCCN1C(=O)CNC(=O)[C@H](CCCCN)NC(=O)[C@]([H])(CC(O)=O)NC(=O)CNC(=O)[C@]([H])(CCCNC(N)=N)NC(=O)[C@@H](N)CSSC[C@H](NC(=O)[C@H](CC(O)=O)NC2=O)C(O)=O
UWKQSNNFCGGAFS-XIFFEERXSA-N,60838.0,irinotecan,CCc1c2Cn3c(cc4c(COC(=O)[C@]4(O)CC)c3=O)-c2nc2ccc(OC(=O)N3CCC(CC3)N3CCCCC3)cc12
UZDORQWMYRRLQV-JHOUSYSJSA-N,5311192.0,IRL-2500,CN([C@H](Cc1ccc(cc1)-c1ccccc1)C(=O)N[C@@H](Cc1c[nH]c2ccccc12)C(O)=O)C(=O)c1cc(C)cc(C)c1
DSLPMJSGSBLWRE-UHFFFAOYSA-N,5287541.0,irosustat,NS(=O)(=O)Oc1ccc2c3CCCCCc3c(=O)oc2c1
ATCGGEJZONJOCL-UHFFFAOYSA-N,3752.0,irsogladine,Nc1nc(N)nc(n1)-c1cc(Cl)ccc1Cl
XVTVPGKWYHWYAD-CQSZACIVSA-N,6604790.0,isamoltane,CC(C)NC[C@@H](O)COc1ccccc1-n1cccc1
DDFOUSQFMYRUQK-FPTDNZKUSA-N,92043107.0,isavuconazole,C[C@@H](c1nc(cs1)-c1ccc(cc1)C#N)[C@@](O)(Cn1cncn1)c1cc(F)ccc1F
FTCYIGBVOHNHCD-UHFFFAOYSA-N,71169.0,isaxonine,CC(C)Nc1ncccn1
WHUWQSQEVISUMC-UHFFFAOYSA-N,65681.0,isbufylline,CC(C)Cn1cnc2n(C)c(=O)n(C)c(=O)c12
UDIIBEDMEYAVNG-ZKFPOVNWSA-N,3037209.0,isepamicin,CN[C@@H]1[C@@H](O)[C@@H](O[C@H]2[C@@H](C[C@H](N)[C@@H](O[C@H]3O[C@H](CN)[C@@H](O)[C@H](O)[C@H]3O)[C@@H]2O)NC(=O)[C@@H](O)CN)OC[C@]1(C)O
AIXMJTYHQHQJLU-SNVBAGLBSA-N,5288525.0,ISO-1,COC(=O)C[C@H]1CC(=NO1)c1ccc(O)cc1
PUYOAVGNCWPANW-UHFFFAOYSA-N,7176.0,isobutamben,CC(C)COC(=O)c1ccc(N)cc1
WFKAJVHLWXSISD-UHFFFAOYSA-N,68424.0,isobutyramide,CC(C)C(N)=O
XKFPYPQQHFEXRZ-UHFFFAOYSA-N,3759.0,isocarboxazid,Cc1cc(no1)C(=O)NNCc1ccccc1
MPIPASJGOJYODL-GOSISDBHSA-N,25273632.0,isoconazole,Clc1ccc([C@@H](Cn2ccnc2)OCc2c(Cl)cccc2Cl)c(Cl)c1
ZHXRDXTYPCPBTI-UHFFFAOYSA-N,145949.0,isodibut,OC(=O)CCCN1C(=O)c2cccc3cccc(C1=O)c23
HUYWAWARQUIQLE-MFKMUULPSA-N,71466.0,isoetharine,CC[C@@H](NC(C)C)[C@@H](O)c1ccc(O)c(O)c1
XDBMBHVYXPBOPL-OAQYLSRUSA-N,969497.0,isofloxythepin,CC(C)c1ccc2Sc3cc(F)ccc3C[C@@H](N3CCN(CCO)CC3)c2c1
ZOCUOMKMBMEYQV-GSLJADNHSA-N,224246.0,isoflupredone-acetate,CC(=O)OCC(=O)[C@@]1(O)CC[C@H]2[C@@H]3CCC4=CC(=O)C=C[C@]4(C)[C@@]3(F)[C@@H](O)C[C@]12C
PIWKPBJCKXDKJR-PVQJCKRUSA-N,4369440.0,isoflurane,FC(F)O[C@@H](Cl)C(F)(F)F
MUCZHBLJLSDCSD-UHFFFAOYSA-N,5936.0,isoflurophate,CC(C)OP(F)(=O)OC(C)C
KRVDMABBKYMBHG-UHFFFAOYSA-N,7059534.0,isoguvacine,OC(=O)C1=CCNCC1
AGPKZVBTJJNPAG-RFZPGFLSSA-N,76551.0,isoleucine,CC[C@@H](C)[C@@H](N)C(O)=O
DXDRHHKMWQZJHT-FPYGCLRLSA-N,638278.0,isoliquiritigenin,Oc1ccc(\C=C\C(=O)c2ccc(O)cc2O)cc1
XVQUOJBERHHONY-VIFPVBQESA-N,6604597.0,isometheptene-mucate,CN[C@@H](C)CCC=C(C)C
QRXWMOHMRWLFEY-UHFFFAOYSA-N,3767.0,isoniazid,NNC(=O)c1ccncc1
UBNYRXMKIIGMKK-RMKNXTFCSA-N,1549789.0,isopentyl-4-methoxycinnamate,COc1ccc(\C=C\C(=O)OCCC(C)C)cc1
JWZZKOKVBUJMES-LLVKDONJSA-N,5808.0,isoprenaline,CC(C)NC[C@@H](O)c1ccc(O)c(O)c1
JTPUMZTWMWIVPA-UHFFFAOYSA-O,3775.0,isopropamide-iodide,CC(C)[N+](C)(CCC(C(N)=O)(c1ccccc1)c1ccccc1)C(C)C
AXISYYRBXTVTFY-UHFFFAOYSA-N,8042.0,isopropyl-myristate,CCCCCCCCCCCCCC(=O)OC(C)C
XUGNVMKQXJXZCD-UHFFFAOYSA-N,8907.0,isopropyl-palmitate,CCCCCCCCCCCCCCCC(=O)OC(C)C
OVSQVDMCBVZWGM-QSOFNFLRSA-N,5280804.0,isoquercitrin,OC[C@H]1O[C@@H](Oc2c(oc3cc(O)cc(O)c3c2=O)-c2ccc(O)c(O)c2)[C@H](O)[C@@H](O)[C@@H]1O
HMYJLVDKPJHJCF-QMMMGPOBSA-N,164752.0,"Isoquinoline,-6,7-dimethoxy-1-methyl-1,2,3,4-tetrahydro,",COc1cc2CCN[C@@H](C)c2cc1OC
KLDXJTOLSGUMSJ-JGWLITMVSA-N,12597.0,isosorbide,O[C@H]1CO[C@@H]2[C@H](O)CO[C@H]12
MOYKHGMNXAOIAT-JGWLITMVSA-N,6883.0,isosorbide-dinitrate,[O-][N+](=O)O[C@@H]1CO[C@@H]2[C@H](CO[C@H]12)O[N+]([O-])=O
YWXYYJSYQOXTPL-SLPGGIOYSA-N,27661.0,isosorbide-mononitrate,O[C@H]1CO[C@@H]2[C@@H](CO[C@H]12)O[N+]([O-])=O
KFVUFODCZDRVSS-XGBBNYNSSA-N,99514.0,isosteviol,C[C@]12C[C@@]3(CC1=O)CC[C@H]1[C@@](C)(CCC[C@@]1(C)C(O)=O)[C@@H]3CC2
PWPWEYFVLITGNU-SECBINFHSA-N,76961135.0,isotiquimide,Cc1ccnc2[C@@H](CCCc12)C(N)=S
SHGAZHPCJJPHSC-XFYACQKRSA-N,5282379.0,isotretinoin,C\C(\C=C\C1=C(C)CCCC1(C)C)=C/C=C/C(/C)=C\C(O)=O
SANOUVWGPVYVAV-UHFFFAOYSA-N,10930.0,isovaleramide,CC(C)CC(N)=O
QFGMXJOBTNZHEL-UHFFFAOYSA-N,41448.0,isoxepac,OC(=O)Cc1ccc2OCc3ccccc3C(=O)c2c1
YYUAYBYLJSNDCX-UHFFFAOYSA-N,54677972.0,isoxicam,CN1C(C(=O)Nc2cc(C)on2)=C(O)c2ccccc2S1(=O)=O
BMUKKTUHUDJSNZ-PMUMKWKESA-N,42066885.0,isoxsuprine,C[C@@H](COc1ccccc1)N[C@H](C)[C@@H](O)c1ccc(O)cc1
QJZRFPJCWMNVAV-HHHXNRCGSA-N,6851740.0,ispinesib,CC(C)[C@@H](N(CCCN)C(=O)c1ccc(C)cc1)c1nc2cc(Cl)ccc2c(=O)n1Cc1ccccc1
HMJIYCCIJYRONP-MRXNPFEDSA-N,13773524.0,isradipine,COC(=O)C1=C(C)NC(C)=C([C@@H]1c1cccc2nonc12)C(=O)OC(C)C
HJGMCDHQPXTGAV-IYARVYRRSA-N,,ISRIB,Clc1ccc(OCC(=O)N[C@H]2CC[C@@H](CC2)NC(=O)COc2ccc(Cl)cc2)cc1
MPYLDWFDPHRTEG-PAAYLBSLSA-N,9841834.0,istaroxime,C[C@]12CC[C@H]3[C@@H](CC(=O)[C@H]4C\C(CC[C@]34C)=N\OCCN)[C@@H]1CCC2=O
IQVRBWUUXZMOPW-PKNBQFBNSA-N,5311037.0,istradefylline,CCn1c2nc(\C=C\c3ccc(OC)c(OC)c3)n(C)c2c(=O)n(CC)c1=O
SYENTKHGMVKGAQ-UHFFFAOYSA-N,19582717.0,ISX-9,O=C(NC1CC1)c1cc(on1)-c1cccs1
OOSUDWRRWZVFEB-UHFFFAOYSA-N,25147749.0,IT1t,CC1(C)CN2C(CS\C(NC3CCCCC3)=N\C3CCCCC3)=CSC2=N1
KTBSXLIQKWEBRB-UHFFFAOYSA-N,53380437.0,itacitinib,Fc1c(ccnc1C(F)(F)F)C(=O)N1CCC(CC1)N1CC(CC#N)(C1)n1cc(cn1)-c1ncnc2[nH]ccc12
ULFUJLFTRWWLPO-XMMPIXPASA-N,71512660.0,ITD-1,CCOC(=O)C1=C(C)NC2=C([C@@H]1c1ccc(cc1)-c1ccccc1)C(=O)CC(C)(C)C2
KDDXOGDIPZSCTM-UHFFFAOYSA-N,4668801.0,ITE,COC(=O)c1csc(n1)C(=O)c1c[nH]c2ccccc12
BBIPVJCGIASXJB-PKTZIBPZSA-N,42639643.0,ITI214,CN1C2=N[C@@H]3CCC[C@@H]3N2c2nn(Cc3ccc(cc3)-c3cccc(F)n3)c(Nc3ccccc3)c2C1=O
QQQIECGTIMUVDS-UHFFFAOYSA-N,3792.0,itopride,COc1ccc(cc1OC)C(=O)NCc1ccc(OCCN(C)C)cc1
VHVPQPYKVGDNFY-TUJWMRSMSA-N,14179013.0,itraconazole,CC[C@H](C)n1ncn(-c2ccc(cc2)N2CCN(CC2)c2ccc(OC[C@H]3CO[C@@](Cn4cncn4)(O3)c3ccc(Cl)cc3Cl)cc2)c1=O
SJMYMKPBODEZSH-DEDYPNTBSA-N,1362865.0,ITX3,Cc1cc(\C=c2\sc3nc4ccccc4n3c2=O)c(C)n1-c1ccccc1
UUROSJLZNDSXRF-UHFFFAOYSA-N,11786594.0,ITX5061,COc1c(NC(=O)C(=O)c2ccc(OCCN3CCOCC3)c3ccccc23)cc(cc1NS(C)(=O)=O)C(C)(C)C
JUWDSDKJBMFLHE-UHFFFAOYSA-N,675434.0,IU1,Cc1cc(C(=O)CN2CCCC2)c(C)n1-c1ccc(F)cc1
ACRHBAYQBXXRTO-OAQYLSRUSA-N,132999.0,ivabradine,COc1cc2C[C@H](CN(C)CCCN3CCc4cc(OC)c(OC)cc4CC3=O)c2cc1OC
PURKAOJPTOLRMP-UHFFFAOYSA-N,16220172.0,ivacaftor,CC(C)(C)c1cc(c(NC(=O)c2c[nH]c3ccccc3c2=O)cc1O)C(C)(C)C
AZSNMRSAGSSBNP-XPNPUAGNSA-N,6321424.0,ivermectin,CC[C@H](C)[C@H]1O[C@]2(CC[C@@H]1C)C[C@@H]1C[C@@H](C\C=C(C)\[C@@H](O[C@H]3C[C@H](OC)[C@@H](O[C@H]4C[C@H](OC)[C@@H](O)[C@H](C)O4)[C@H](C)O3)[C@@H](C)\C=C\C=C3/CO[C@@H]4[C@H](O)C(C)=C[C@@H](C(=O)O1)[C@]34O)O2
WIJZXSAJMHAVGX-DHLKQENFSA-N,71657455.0,ivosidenib,Fc1cncc(c1)N([C@H](C(=O)NC1CC(F)(F)C1)c1ccccc1Cl)C(=O)[C@@H]1CCC(=O)N1c1cc(ccn1)C#N
QESQGTFWEQMCMH-UHFFFAOYSA-N,71601111.0,IWP-L6,O=C(CSc1nc2CCSc2c(=O)n1-c1ccccc1)Nc1ccc(cn1)-c1ccccc1
FABUFPQFXZVHFB-QBNZTRRJSA-N,,ixabepilone,C[C@H]1CCC[C@@]2(C)O[C@H]2C[C@H](NC(=O)C[C@H](O)C(C)(C)C(=O)[C@H](C)[C@H]1O)C(\C)=C\c1csc(C)n1
MXAYKZJJDUDWDS-LBPRGKRZSA-N,25183872.0,ixazomib,CC(C)C[C@H](NC(=O)CNC(=O)c1cc(Cl)ccc1Cl)B(O)O
YTXSYWAKVMZICI-VBKZILBWSA-N,69040311.0,ixazomib-citrate,CC(C)C[C@H](NC(=O)CNC(=O)c1cc(Cl)ccc1Cl)B1OC(=O)C[C@@](CC(O)=O)(O1)C(O)=O
HYMZAYGFKNNHDN-SSDVNMTOSA-N,25229652.0,J147,COc1cccc(\C=N\N(C(=O)C(F)(F)F)c2ccc(C)cc2C)c1
FOTCGZPFSUWZBN-UHFFFAOYSA-N,3799.0,JAK3-inhibitor-V,C=CC(=O)c1ccc2ccccc2c1
GTCSIQFTNPTSLO-RPWUZVMVSA-N,66553204.0,JD-5037,CC(C)[C@H](\N=C(\NS(=O)(=O)c1ccc(Cl)cc1)N1C[C@@H](C(=N1)c1ccc(Cl)cc1)c1ccccc1)C(N)=O
ZLVXBBHTMQJRSX-VMGNSXQWSA-N,9956146.0,JDTic,CC(C)[C@@H](CN1CC[C@](C)([C@@H](C)C1)c1cccc(O)c1)NC(=O)[C@H]1Cc2ccc(O)cc2CN1
HZEVDVGPBUFIAW-JKHIJQBDSA-N,,JHW-007,CCCCN1[C@H]2CC[C@@H]1C[C@@H](C2)OC(c1ccc(F)cc1)c1ccc(F)cc1
ZXBFYBLSJMEBEP-UHFFFAOYSA-N,11691242.0,JI-101,COc1ccc(Br)cc1NC(=O)Nc1cccc2n(Cc3ccnc(N)c3)ccc12
YHHFKWKMXWRVTJ-OQKWZONESA-N,6519698.0,JIB04,Clc1ccc(N\N=C(/c2ccccc2)c2ccccn2)nc1
ROYXIPOUVGDTAO-UHFFFAOYSA-N,1069686.0,JK-184,CCOc1ccc(Nc2nc(cs2)-c2c(C)nc3ccccn23)cc1
AMDGKLWVCUXONP-UHFFFAOYSA-N,3803.0,JLK-6,COc1oc(=O)c2cc(N)ccc2c1Cl
MOIWSUQWIOVGRH-UHFFFAOYSA-N,10446295.0,JNJ-10191584,CN1CCN(CC1)C(=O)c1nc2ccc(Cl)cc2[nH]1
RBKIJGLHFFQHBE-IRXDYDNUSA-N,9869934.0,JNJ-10397049,CC1(C)OC[C@H](NC(=O)Nc2ccc(Br)cc2Br)[C@@H](O1)c1ccccc1
QOTAQTRFJWLFCR-XFHMXUHZSA-N,,JNJ-16259685,CO[C@H]1CC[C@H](CC1)C(=O)c1ccc2nc3OCCCc3cc2c1
BHBOSTKQCZEAJM-UHFFFAOYSA-N,2809273.0,JNJ-1661010,O=C(Nc1ccccc1)N1CCN(CC1)c1nc(ns1)-c1ccccc1
JFRYYGVYCWYIDQ-UHFFFAOYSA-N,11339118.0,JNJ-17203212,FC(F)(F)c1ccc(NC(=O)N2CCN(CC2)c2ncccc2C(F)(F)F)nc1
PAWIYAYFNXQGAP-UHFFFAOYSA-N,11538455.0,JNJ-26481585,Cn1cc(CNCC2CCN(CC2)c2ncc(cn2)C(=O)NO)c2ccccc12
AWSKBQNOSRREEY-UHFFFAOYSA-N,11687376.0,JNJ-26990990,NS(=O)(=O)NCc1csc2ccccc12
SYARXICKXVXWNA-LBPRGKRZSA-N,11703589.0,JNJ-27141491,CC[C@@H](c1ccc(F)c(F)c1)n1c(C(=O)OC)c([nH]c1=S)-c1ccno1
UVUYWJWYRLJHEN-UHFFFAOYSA-N,16058752.0,JNJ-37822681,Fc1ccc(CN2CCC(CC2)Nc2ccc(nn2)C(F)(F)F)cc1F
JRWCBEOAFGHNNU-UHFFFAOYSA-N,46911863.0,JNJ-38877605,Cn1cc(cn1)-c1ccc2nnc(n2n1)C(F)(F)c1ccc2ncccc2c1
KOAWAWHSMVKCON-UHFFFAOYSA-N,57654476.0,JNJ-38877618,FC(F)(c1nnc2ccc(nn12)-c1ccncc1)c1ccc2ncccc2c1
COOGVHJHSCBOQT-MRVPVSSYSA-N,24994634.0,JNJ-39758979,CC(C)c1cc(nc(N)n1)N1CC[C@@H](N)C1
HYOGJHCDLQSAHX-UHFFFAOYSA-N,25195461.0,JNJ-40411813,CCCCn1ccc(N2CCC(CC2)c2ccccc2)c(Cl)c1=O
FXHHASJVTYRJHH-UHFFFAOYSA-N,45102710.0,JNJ-42041935,OC(=O)c1cnn(c1)-c1nc2cc(Cl)c(OC(F)(F)F)cc2[nH]1
YWGYNGCRVZLMCS-UHFFFAOYSA-N,54576693.0,JNJ-42165279,FC1(F)Oc2ccc(CN3CCN(CC3)C(=O)Nc3cnccc3Cl)cc2O1
XREFXUCWSYMIOG-UHFFFAOYSA-N,66553218.0,JNJ-47965567,O=C(NCC1(CCOCC1)N1CCN(CC1)c1ccccc1)c1cccnc1Sc1ccccc1
CWFVVQFVGMFTBD-SECBINFHSA-N,90409366.0,JNJ-54175446,C[C@H]1N(CCc2c1nnn2-c1ncc(F)cn1)C(=O)c1cccc(c1Cl)C(F)(F)F
MWDVCHRYCKXEBY-LBPRGKRZSA-N,2548547.0,JNJ-63533054,C[C@H](NC(=O)CNC(=O)c1cccc(Cl)c1)c1ccccc1
DBSMLQTUDJVICQ-CJODITQLSA-N,126637809.0,JNJ-64619178,Nc1nc2cc(CC[C@H]3C[C@H]([C@H](O)[C@@H]3O)n3ccc4c(N)ncnc34)ccc2cc1Br
GTQTUABHRCWVLL-UHFFFAOYSA-N,118892432.0,JNJ-678,CS(=O)(=O)CCCn1c(Cn2c3cnccc3n(CC(F)(F)F)c2=O)cc2cc(Cl)ccc12
KDKUVYLMPJIGKA-UHFFFAOYSA-N,5330790.0,JNJ-7706621,Nc1nc(Nc2ccc(cc2)S(N)(=O)=O)nn1C(=O)c1c(F)cccc1F
HUQJRYMLJBBEDO-UHFFFAOYSA-N,4908365.0,JNJ-7777120,CN1CCN(CC1)C(=O)c1cc2cc(Cl)ccc2[nH]1
XJSFLOJWULLJQS-MJKZEBMBSA-N,,josamycin,[H][C@@]1(C[C@@](C)(O)[C@@H](OC(=O)CC(C)C)[C@H](C)O1)O[C@@H]1[C@@H](C)O[C@@]([H])(O[C@H]2[C@@H](CC=O)C[C@@H](C)[C@@H](O)\C=C\C=C\C[C@@H](C)OC(=O)C[C@@]([H])(OC(C)=O)[C@@H]2OC)[C@H](O)[C@H]1N(C)C
XNRZJPQTMQZBCE-SFHVURJKSA-N,24853505.0,JPH203,N[C@@H](Cc1cc(Cl)c(OCc2cc(N)cc3nc(oc23)-c2ccccc2)c(Cl)c1)C(O)=O
DNVXATUJJDPFDM-KRWDZBQOSA-N,46907787.0,JQ1-(+),Cc1nnc2[C@H](CC(=O)OC(C)(C)C)N=C(c3c(C)c(C)sc3-n12)c1ccc(Cl)cc1
VTGBZWHPJFMTKS-UHFFFAOYSA-N,5311340.0,JTC-801,CCc1ccc(OCc2ccccc2C(=O)Nc2ccc3nc(C)cc(N)c3c2)cc1
RNSLRQNDXRSASX-UHFFFAOYSA-N,10223146.0,JTE-013,CC(C)c1cc(NNC(=O)Nc2cc(Cl)nc(Cl)c2)nc2n(C)nc(C)c12
IPSSXIMJJXSJQB-FQEVSTJZSA-N,9938545.0,JTE-607,CCOC(=O)[C@H](Cc1ccccc1)NC(=O)c1cc(Cl)c(OCCN2CCN(C)CC2)c(Cl)c1O
GRAJFFFXJYFVOC-UHFFFAOYSA-N,9867770.0,JTE-907,CCCCCOc1c(OC)ccc2cc(C(=O)NCc3ccc4OCOc4c3)c(=O)[nH]c12
ZJZWZIXSGNFWQQ-UHFFFAOYSA-N,2946601.0,JW-55,COc1ccc(cc1)C1(CNC(=O)c2ccc(NC(=O)c3ccco3)cc2)CCOCC1
AVSCNEOUWSVZEY-UHFFFAOYSA-N,71656520.0,JW-642,FC(F)(F)C(OC(=O)N1CCN(Cc2cccc(Oc3ccccc3)c2)CC1)C(F)(F)F
BTXRSHKJNDFHGA-UHFFFAOYSA-N,644733.0,JW-67,O=C1Nc2ccccc2C11OCC2(CO1)COC1(OC2)C(=O)Nc2ccccc12
ROHFNLRQFUQHCH-YFKPBYRVSA-N,7045798.0,L-leucine,CC(C)C[C@H](N)C(O)=O
KRIKILRRJCIWNB-UHFFFAOYSA-N,16013152.0,JW-74,COc1ccc(cc1)-n1c(SCc2nc(no2)-c2ccc(C)cc2)nnc1-c1ccncc1
OMGLGPKQUFSRNN-UHFFFAOYSA-N,1126109.0,JX-401,COc1cc(SC)ccc1C(=O)N1CCC(Cc2ccccc2)CC1
SEGYOKHGGFKMCX-UHFFFAOYSA-N,25021165.0,JZL-184,OC(C1CCN(CC1)C(=O)Oc1ccc(cc1)[N+]([O-])=O)(c1ccc2OCOc2c1)c1ccc2OCOc2c1
QNYRAEKLMNDRFY-UHFFFAOYSA-N,46232606.0,JZL-195,[O-][N+](=O)c1ccc(OC(=O)N2CCN(Cc3cccc(Oc4ccccc4)c3)CC2)cc1
QNUBRHYSSHJWDH-CHWFTXMASA-N,25767227.0,K-247,OC[C@H]1O[C@@H](Nc2ccc(cc2)C(O)=O)[C@@H](O)[C@@H]1O
JEFVYQYZCAVNTP-ZDUSSCGKSA-N,686905.0,K-858,CC(=O)NC1=NN(C(C)=O)[C@@](C)(S1)c1ccccc1
VXMVXDITZWJXJN-LDMBFOFVSA-N,40510055.0,K-MAP,OC[C@H]1O[C@@H](Nc2ccc(cc2)C(O)=O)[C@@H](O)[C@@H](O)[C@@H]1O
JFIFBWVNHLXJFY-UHFFFAOYSA-N,73555129.0,K-Ras(G12C)-inhibitor-12,Oc1cc(Cl)c(I)cc1NCC(=O)N1CCN(CC1)C(=O)C=C
ZPXCEHMKUTXHRZ-UHFFFAOYSA-N,71815954.0,K-Ras(G12C)-inhibitor-6,SCCCC(=O)NC1CCN(CC1)C(=O)COc1ccc(Cl)cc1Cl
ODJLBQGVINUMMR-HZXDTFASSA-N,6185.0,K-strophanthidin,C[C@]12CC[C@H]3[C@@H](CC[C@]4(O)C[C@@H](O)CC[C@]34C=O)[C@@]1(O)CC[C@@H]2C1=CC(=O)OC1
CJLMANFTWLNAKC-UHFFFAOYSA-N,46173038.0,K02288,COc1cc(cc(OC)c1OC)-c1cc(cnc1N)-c1cccc(O)c1
MPZXLTZVPUSTFY-SOFYXZRVSA-N,71714682.0,K145,CCCCOc1ccc(CC\C=C2/SC(=O)N(CCN)C2=O)cc1
IYRMWMYZSQPJKC-UHFFFAOYSA-N,5280863.0,kaempferol,Oc1ccc(cc1)-c1oc2cc(O)cc(O)c2c(=O)c1O
BUPRVECGWBHCQV-UHFFFAOYSA-N,49856296.0,KAF-156,CC1(C)N(CCn2c(Nc3ccc(F)cc3)c(nc12)-c1ccc(F)cc1)C(=O)CN
VLSMHEGGTFMBBZ-OOZYFLPDSA-N,44338126.0,kainic-acid,CC(=C)[C@H]1CN[C@@H]([C@H]1CC(O)=O)C(O)=O
HKEAFJYKMMKDOR-YAJUCGGBSA-N,25790885.0,kakonein,OC[C@H]1O[C@@H]([C@@H](O)[C@@H](O)[C@@H]1O)c1c(O)ccc2c1occ(-c1ccc(O)cc1)c2=O
SBUJHOSQTJFQJX-NOAMYHISSA-N,6032.0,kanamycin,NC[C@H]1O[C@H](O[C@@H]2[C@@H](N)C[C@@H](N)[C@H](O[C@H]3O[C@H](CO)[C@@H](O)[C@H](N)[C@H]3O)[C@H]2O)[C@H](O)[C@@H](O)[C@@H]1O
POADTFBBIXOWFJ-VWLOTQADSA-N,148202.0,karenitecin,CC[C@@]1(O)C(=O)OCc2c1cc1-c3nc4ccccc4c(CC[Si](C)(C)C)c3Cn1c2=O
SLUINPGXGFUMLL-UHFFFAOYSA-N,2826191.0,kartogenin,OC(=O)c1ccccc1C(=O)Nc1ccc(cc1)-c1ccccc1
CMYHZFCJPORPHY-UHFFFAOYSA-N,53328059.0,KG-5,CSc1nc(N)cc(Oc2ccc(cc2)-c2nnc(Nc3cccc(c3)C(F)(F)F)[nH]2)n1
PVTHJAPFENJVNC-MHRBZPPQSA-N,,kasugamycin,C[C@H]1O[C@H](O[C@@H]2[C@@H](O)[C@@H](O)[C@H](O)[C@H](O)[C@H]2O)[C@@H](N)C[C@@H]1NC(=N)C(O)=O
UMJUNUMSJDTYTM-UHFFFAOYSA-N,4534086.0,KB-R7943,NC(=N)SCCc1ccc(OCc2ccc(cc2)[N+]([O-])=O)cc1
UHIZYQVRKSWIFO-UHFFFAOYSA-N,73349077.0,KB-SRC-4,Nc1ncnc2n(nc(-c3ccc(Cl)cc3)c12)-c1cccc(c1)-c1cnnn1Cc1cccc(c1)-c1ccccc1
FOLRUCXBTYDAQK-PTEOKISQSA-N,92461199.0,KBG,O[C@H]1O[C@@H]2CO[C@@H](O[C@H]2[C@H](O)[C@H]1O)c1ccccc1
CZRCFAOMWRAFIC-UHFFFAOYSA-N,115175.0,KD-023,CCCCCCCCCCCCCCOc1ccc(o1)C(O)=O
GKHIVNAUVKXIIY-UHFFFAOYSA-N,11950170.0,KD025,CC(C)NC(=O)COc1cccc(c1)-c1nc(Nc2ccc3n[nH]cc3c2)c2ccccc2n1
QQUXFYAWXPMDOE-UHFFFAOYSA-N,3820.0,kenpaullone,Brc1ccc2[nH]c-3c(CC(=O)Nc4ccccc-34)c2c1
FPCCSQOGAWCVBH-UHFFFAOYSA-N,3822.0,ketanserin,Fc1ccc(cc1)C(=O)C1CCN(CCn2c(=O)[nH]c3ccccc3c2=O)CC1
XMAYWYJOQHXEEK-ZEQKJWHPSA-N,47576.0,ketoconazole,CC(=O)N1CCN(CC1)c1ccc(OC[C@@H]2CO[C@](Cn3ccnc3)(O2)c2ccc(Cl)cc2Cl)cc1
MDUYWDNWFXSMJJ-XWLWVQCSSA-N,,ketohexokinase-inhibitor-1,[H][C@@]12CN(C[C@]1([H])[C@H]2CC(O)=O)c1cc(nc(n1)N1CC[C@@H]1C)C(F)(F)F
DKYWVDODHFEZIM-LLVKDONJSA-N,180540.0,ketoprofen,C[C@@H](C(O)=O)c1cccc(c1)C(=O)c1ccccc1
OZWKMVRBQXNZKK-NSHDSACASA-N,181817.0,ketorolac,OC(=O)[C@H]1CCn2c1ccc2C(=O)c1ccccc1
OVJRNFMIYGGLDL-UHFFFAOYSA-N,57392700.0,ketotifen,CN1CCC(CC1)=C1c2ccsc2C(O)=Cc2ccccc12
PRDJGNVQBVXXEO-UHFFFAOYSA-N,437740.0,kevetrin,NC(=N)SCCCC#N
NHFIAAAMCYVRIW-QGZVFWFLSA-N,135565372.0,KF-38789,COc1ccc([C@H]2CC(=NCCS2)c2c(O)cc(C)oc2=O)c(OC)c1
DXZRBHUCOHBAHP-UHFFFAOYSA-N,91899919.0,KH-CB19,CCOC(=O)c1c(C(C=N)C#N)c2ccc(Cl)c(Cl)c2n1C
HSMPDPBYAYSOBC-UHFFFAOYSA-N,3828.0,khellin,COc1c2ccoc2c(OC)c2oc(C)cc(=O)c12
HFLMLZKGLUEWBU-UHFFFAOYSA-N,53348216.0,KHK-IN-1,CSc1ccccc1Nc1nc(nc2c(NCC3CC3)ncnc12)N1CCNCC1
DGRJOOOHPBSAHD-UHFFFAOYSA-N,71304818.0,KHS-101,CC(C)CNc1ccnc(NCc2csc(n2)-c2ccccc2)n1
LLIFMNUXGDHTRO-OAHLLOKOSA-N,40467027.0,KI-16425,C[C@@H](OC(=O)Nc1c(C)noc1-c1ccc(CSCCC(O)=O)cc1)c1ccccc1Cl
SHPFDGWALWEPGS-AWEZNQCLSA-N,57881591.0,KI-20227,COc1cc(Oc2ccnc3cc(OC)c(OC)cc23)ccc1NC(=O)N[C@@H](C)c1nccs1
LFKQSJNCVRGFCC-UHFFFAOYSA-N,11317348.0,KI-8751,COc1cc2nccc(Oc3ccc(NC(=O)Nc4ccc(F)cc4F)c(F)c3)c2cc1OC
HHVJBROTJWPHHX-INIZCTEOSA-N,92461210.0,ki16198,COC(=O)CCSCc1ccc(cc1)-c1onc(C)c1NC(=O)O[C@@H](C)c1ccccc1Cl
OIURYJWYVIAOCW-PQMKYFCFSA-N,130611.0,kifunensine,OC[C@@H]1[C@@H](O)[C@H](O)[C@H](O)[C@H]2NC(=O)C(=O)N12
QANMHLXAZMSUEX-UHFFFAOYSA-N,3830.0,kinetin,C(Nc1ncnc2nc[nH]c12)c1ccco1
OQAFDLPAPSSOHY-MRXNPFEDSA-N,1367681.0,KL-001,CS(=O)(=O)N(C[C@@H](O)Cn1c2ccccc2c2ccccc12)Cc1ccco1
CQVAQQNDZCZBSU-UHFFFAOYSA-N,11953346.0,KM-0118,CN(C)CCNC(=O)COc1c2Cc3cccc(Cc4cccc(Cc5cccc(Cc1ccc2)c5OCC(=O)NCCN(C)C)c4OCC(=O)NCCN(C)C)c3OCC(=O)NCCN(C)C
DFPYHQJPGCODSB-UKTHLTGXSA-N,6438990.0,KME-4,CC(C)(C)c1cc(\C=C2/CCOC2=O)cc(c1O)C(C)(C)C
SXHQLPHDBLTFPM-UHFFFAOYSA-N,71656212.0,KML29,OC(C1CCN(CC1)C(=O)OC(C(F)(F)F)C(F)(F)F)(c1ccc2OCOc2c1)c1ccc2OCOc2c1
RJVLFQBBRSMWHX-DHUJRADRSA-N,5312126.0,KN-62,CN([C@@H](Cc1ccc(OS(=O)(=O)c2cccc3cnccc23)cc1)C(=O)N1CCN(CC1)c1ccccc1)S(=O)(=O)c1cccc2cnccc12
LLLQTDSSHZREGW-AATRIKPKSA-N,5312122.0,KN-93,COc1ccc(cc1)S(=O)(=O)N(CCO)c1ccccc1CN(C)C\C=C\c1ccc(Cl)cc1
NXNRAECHCJZNRF-JBACZVJFSA-N,10322450.0,Ko143,COc1ccc2c3C[C@@H]4N([C@@H](CC(C)C)c3[nH]c2c1)C(=O)[C@H](CCC(=O)OC(C)(C)C)NC4=O
LAOLDMMWVYDDID-HSUXUTPPSA-N,71167912.0,KP-1212,NC1=NC(=O)N(CN1)[C@H]1C[C@@H](O)[C@@H](CO)O1
NLNGWFLRRRYNIL-PLNGDYQASA-N,53495165.0,KPT-185,COc1cc(cc(c1)C(F)(F)F)-c1ncn(\C=C/C(=O)OC(C)C)n1
JCHAWRDHMUSLMM-UPHRSURJSA-N,71496742.0,KPT-276,FC(F)(F)c1cc(cc(c1)C(F)(F)F)-c1ncn(\C=C/C(=O)N2CC(F)(F)C2)n1
MRFOPLWJZULAQD-SWGQDTFXSA-N,117779453.0,KPT-9274,Nc1ccc(\C=C\C(=O)NCc2cc3cc(cc(-c4ccc(F)cc4)c3o2)-c2ccc(cc2)C(=O)N2CCC(F)(F)CC2)cn1
ZRLJEHIUGYTTSZ-UHFFFAOYSA-N,25009726.0,KR-33494,OC(=O)c1nn(CCc2ccccc2)cc1NC(=O)CSc1ccc(Br)cc1
TXDIRJCYNAWBOS-UHFFFAOYSA-N,72547474.0,KRCA-0008,COc1cc(ccc1Nc1ncc(Cl)c(Nc2ccc(cc2OC)N2CCN(CC2)C(C)=O)n1)N1CCN(CC1)C(C)=O
VPBYZLCHOKSGRX-UHFFFAOYSA-N,9549295.0,KRN-633,CCCNC(=O)Nc1ccc(Oc2ncnc3cc(OC)c(OC)cc23)cc1Cl
LTWQQWSXYYXVGA-UHFFFAOYSA-N,49779726.0,KS-176,OCCc1ccc(NC(=O)c2ccccc2NC(=O)c2ccc(cc2)[N+]([O-])=O)cc1
XSDFWTIKVXKOGJ-UHFFFAOYSA-N,3874929.0,KT-433,CCc1oc2ccccc2c1C(=O)c1ccc(OCC(O)=O)cc1
RFSMUFRPPYDYRD-CALCHBBNSA-N,16736978.0,KU-0063794,COc1ccc(cc1CO)-c1ccc2c(nc(nc2n1)N1C[C@H](C)O[C@H](C)C1)N1CCOCC1
XRKYMMUGXMWDAO-UHFFFAOYSA-N,5278396.0,KU-55933,O=c1cc(oc(c1)-c1cccc2Sc3ccccc3Sc12)N1CCOCC1
SCELLOWTHJGVIC-BGYRXZFFSA-N,15953870.0,KU-60019,C[C@H]1CN(CC(=O)Nc2ccc3Sc4c(Cc3c2)cccc4-c2cc(=O)cc(o2)N2CCOCC2)C[C@@H](C)O1
JCWVNNMJXQJVNC-ZDUSSCGKSA-N,92179136.0,KU14R,CC[C@]1(Cc2ccccc2O1)c1ncc[nH]1
RKWHWFONKJEUEF-GQUPQBGVSA-O,441667.0,kuromanin,OC[C@H]1O[C@@H](Oc2cc3c(O)cc(O)cc3[o+]c2-c2ccc(O)c(O)c2)[C@H](O)[C@@H](O)[C@@H]1O
YYLKKYCXAOBSRM-JXMROGBWSA-N,11427553.0,KW-2449,O=C(N1CCNCC1)c1ccc(\C=C\c2[nH]nc3ccccc23)cc1
VFUXSYAXEKYYMB-UHFFFAOYSA-N,23116322.0,KW-2478,CCc1c(O)cc(O)c(C(=O)c2ccc(OCCN3CCOCC3)c(OC)c2)c1CC(=O)N(CCOC)CCOC
PJBFVWGQFLYWCB-XEDLVCFGSA-N,,KW-3902,CCCn1c2nc([nH]c2c(=O)n(CCC)c1=O)C12C[C@@H]3C[C@H]1C[C@H](C2)C3
HUNGUWOZPQBXGX-UHFFFAOYSA-N,23635314.0,KX2-391,O=C(Cc1ccc(cn1)-c1ccc(OCCN2CCOCC2)cc1)NCc1ccccc1
LXFKEVQQSKQXPR-UHFFFAOYSA-N,8582409.0,KY02111,COc1ccc(CCC(=O)Nc2nc3ccc(Cl)cc3s2)cc1OC
HCZHHEIFKROPDY-UHFFFAOYSA-N,3845.0,kynurenic-acid,OC(=O)c1cc(=O)c2ccccc2[nH]1
SHZGCJCMOBCMKK-HGVZOGFYSA-N,439710.0,L-(+)-rhamnose-monohydrate,C[C@@H]1O[C@@H](O)[C@H](O)[C@H](O)[C@H]1O
XQDXIHYKAGHZRX-LJQANCHMSA-N,969478.0,L-152804,CC1(C)CC(=O)C([C@@H]2C3=C(CC(C)(C)CC3=O)Oc3ccccc23)C(=O)C1
MMDNKTXNUZFVKD-UHFFFAOYSA-N,9961192.0,L-161982,CCCCc1nn(-c2ccccc2C(F)(F)F)c(=O)n1Cc1ccc(cc1)-c1ccccc1S(=O)(=O)NC(=O)c1sccc1C
HBBVCKCCQCQCTJ-UHFFFAOYSA-N,6603901.0,L-165041,CCCc1c(O)c(ccc1OCCCOc1ccc(OCC(O)=O)cc1)C(C)=O
HHBOWXZOLYQFNY-UHFFFAOYSA-N,5311276.0,L-168049,CCCOc1ccc(Br)cc1-c1cc([nH]c1-c1ccncc1)-c1ccc(Cl)cc1
KDFQABSFVYLGPM-QFIPXVFZSA-N,5311201.0,L-365260,CN1c2ccccc2C(=N[C@@H](NC(=O)Nc2cccc(C)c2)C1=O)c1ccccc1
MWIASLNTAGRGGA-ZJPWWDJASA-N,9872389.0,L-368899,Cc1ccccc1N1CCN(CC1)S(=O)(=O)C[C@]12CC[C@H](C[C@@H]1NC(=O)[C@@H](N)CCS(C)(=O)=O)C2(C)C
YKYOQIXTECBVBB-AWEZNQCLSA-N,5311203.0,"L-655,708",CCOC(=O)c1ncn-2c1[C@@H]1CCCN1C(=O)c1cc(OC)ccc-21
JLPYLHLUHJOPNL-UHFFFAOYSA-N,122070.0,L-655240,Cc1c(CC(C)(C)C(O)=O)n(Cc2ccc(Cl)cc2)c2ccc(F)cc12
ODKSFYDXXFIFQN-BYPYZUCNSA-N,6322.0,L-arginine,N[C@@H](CCCNC(N)=N)C(O)=O
GMJWAIMJHBTYPD-CQSZACIVSA-N,86295146.0,L-670596,CS(=O)(=O)c1ccc(Cn2c3[C@@H](CC(O)=O)CCCc3c3cc(F)cc(F)c23)cc1
UCKHICKHGAOGAP-UONOGXRCSA-N,6604749.0,L-689560,OC(=O)[C@H]1C[C@H](NC(=O)Nc2ccccc2)c2c(Cl)cc(Cl)cc2N1
JKOCAAWWDVHWKB-UHFFFAOYSA-N,132449.0,L-690330,CC(Oc1ccc(O)cc1)(P(O)(O)=O)P(O)(O)=O
GSXJSGMDWKPVBY-UHFFFAOYSA-N,4687238.0,L-693403,C(N1CCC2(CCc3ccccc23)CC1)c1ccccc1
HKXMQLISPYELRD-UHFFFAOYSA-N,132059.0,L-694247,CS(=O)(=O)Nc1ccc(Cc2noc(n2)-c2ccc3[nH]cc(CCN)c3c2)cc1
MXEFWCFPCLDOOG-UHFFFAOYSA-N,54687453.0,L-701252,Oc1c(C(=O)C2CC2)c(=O)[nH]c2cc(Cl)ccc12
FLVRDMUHUXVRET-UHFFFAOYSA-N,54682505.0,L-701324,Oc1c(-c2cccc(Oc3ccccc3)c2)c(=O)[nH]c2cc(Cl)ccc12
BYYQYXVAWXAYQC-LJQANCHMSA-N,44396853.0,"L-732,138",CC(=O)N[C@H](Cc1c[nH]c2ccccc12)C(=O)OCc1cc(cc(c1)C(F)(F)F)C(F)(F)F
FCDRFVCGMLUYPG-ROUUACIJSA-N,132846.0,L-733060,FC(F)(F)c1cc(CO[C@H]2CCCN[C@H]2c2ccccc2)cc(c1)C(F)(F)F
QDMAKDIDFJTXEL-UHFFFAOYSA-N,133008.0,L-741742,Cc1c(noc1-c1ccc(Cl)cc1)C1CCN(CCc2ccccc2)CC1
OGJGQVFWEPNYSB-UHFFFAOYSA-N,5311200.0,L-745870,Clc1ccc(cc1)N1CCN(Cc2c[nH]c3ncccc23)CC1
NYYJKMXNVNFOFQ-MHZLTWQESA-N,9829836.0,L-755507,CCCCCCNC(=O)Nc1ccc(cc1)S(=O)(=O)Nc1ccc(CCNC[C@H](O)COc2ccc(O)cc2)cc1
USRYEHHMJIRICK-ZNZBMKLDSA-N,9809077.0,L-760735,C[C@@H](O[C@H]1OCCN(Cc2n[nH]nc2CN(C)C)[C@H]1c1ccc(F)cc1)c1cc(cc(c1)C(F)(F)F)C(F)(F)F
JNUGFGAVPBYSHF-UHFFFAOYSA-N,216454.0,L-778123,Clc1cccc(c1)N1CCN(Cc2cncn2Cc2ccc(cc2)C#N)CC1=O
ODTKFNUPVBULRJ-NTCAYCPXSA-N,15551229.0,L-798106,COc1ccc(Br)cc1S(=O)(=O)NC(=O)\C=C\c1ccccc1Cc1ccc2ccccc2c1
BQDUNOMMYOKHEP-UHFFFAOYSA-N,9908880.0,L-838417,Cn1ncnc1COc1nn2c(nnc2cc1C(C)(C)C)-c1cc(F)ccc1F
QNAYBMKLOCPYGJ-REOHCLBHSA-N,7311724.0,L-alanine,C[C@H](N)C(O)=O
CYJPUZLKFAUFHF-HFSMHLIXSA-N,,L-ascorbyl-6-palmitate,CCCCCCCCCCCCCCCC(=O)OC[C@H](O)[C@H]1OC(=O)C(=O)[C@@H]1O
DCXYFEDJOCDNAF-REOHCLBHSA-N,6992089.0,L-asparagine,N[C@@H](CC(N)=O)C(O)=O
ZBYVTTSIVDYQSO-REOHCLBHSA-N,97663.0,L-asparagine-N-hydroxy,N[C@@H](CC(=O)NO)C(O)=O
CKLJMWTZIZZHCS-REOHCLBHSA-N,5960.0,L-aspartic-acid,N[C@@H](CC(O)=O)C(O)=O
RHGKLRLOHDJJDR-BYPYZUCNSA-N,9750.0,L-citrulline,N[C@@H](CCCNC(N)=O)C(O)=O
XUJNEKJLAYXESH-REOHCLBHSA-N,6419722.0,L-cysteine,N[C@@H](CS)C(O)=O
ADVPTQAUNPRNPO-REOHCLBHSA-N,28167170.0,L-cysteinesulfinic-acid,N[C@@H](C[S@@](O)=O)C(O)=O
LEVWYRKDKASIDU-IMJSIDKUSA-N,6992103.0,L-cystine,N[C@@H](CSSC[C@H](N)C(O)=O)C(O)=O
SSISHJJTAXXQAX-ZETCQYMHSA-O,3037043.0,L-ergothioneine,C[N+](C)(C)[C@@H](Cc1c[nH]c(=S)[nH]1)C(O)=O
WHUUTDBJXJRKMK-VKHMYHEASA-N,88747398.0,L-glutamic-acid,N[C@@H](CCC(O)=O)C(O)=O
ZDXPYRJPNDTMRX-VKHMYHEASA-N,6992086.0,L-glutamine,N[C@@H](CCC(N)=O)C(O)=O
PMMYEEVYMWASQN-DMTCNVIQSA-N,6971053.0,L-hydroxyproline,O[C@H]1CN[C@@H](C1)C(O)=O
YGPSJZOEDVAXAB-QMMMGPOBSA-N,6971029.0,L-kynurenine,N[C@@H](CC(=O)c1ccccc1N)C(O)=O
KDXKERNSBIXSRK-YFKPBYRVSA-N,71774817.0,L-lysine,NCCCC[C@H](N)C(O)=O
FFEARJCKVFRZRR-BYPYZUCNSA-N,6992087.0,L-methionine,CSCC[C@H](N)C(O)=O
BLYDGIISUNWHLF-YFKPBYRVSA-N,129010056.0,L-mimosine,N[C@@H](CN1CC(=O)C(=O)C=C1)C(O)=O
NTWVQPHTOUKMDI-YFKPBYRVSA-N,73046.0,L-monomethylarginine,CN[C@@H](CCCNC(N)=N)C(O)=O
KCWZGJVSDFYRIX-YFKPBYRVSA-N,39836.0,L-NAME,COC(=O)[C@@H](N)CCCNC(N)=N[N+]([O-])=O
ONYFNWIHJBLQKE-ZETCQYMHSA-N,2733506.0,L-NIL,CC(=N)NCCCC[C@H](N)C(O)=O
RIRGCFBBHQEQQH-SSFGXONLSA-N,93205.0,L-phenylisopropyladenosine,C[C@H](Cc1ccccc1)Nc1ncnc2n(cnc12)[C@@H]1O[C@H](CO)[C@@H](O)[C@H]1O
ONIBWKKTOPOVIA-BYPYZUCNSA-N,6971047.0,L-proline,OC(=O)[C@@H]1CCCN1
ASNFTDCKZKHJSW-REOHCLBHSA-N,6971145.0,L-quisqualic-acid,N[C@@H](Cn1oc(=O)[nH]c1=O)C(O)=O
DATAGRPVKZEWHA-YFKPBYRVSA-N,439378.0,L-theanine,CCNC(=O)CC[C@H](N)C(O)=O
AYFVYJQAPQTCCC-GBXIJSLDSA-N,6971019.0,L-threonine,C[C@@H](O)[C@H](N)C(O)=O
KZSNJWFQEVHDMF-SCSAIBSYSA-N,71563.0,L-valine,CC(C)[C@@H](N)C(O)=O
SGUAFYQXFOLMHL-SCLBCKFNSA-N,134043.0,labetalol,C[C@@H](CCc1ccccc1)NC[C@@H](O)c1ccc(O)c(c1)C(N)=O
GKQPCPXONLDCMU-CCEZHUSRSA-N,5311217.0,lacidipine,CCOC(=O)C1=C(C)NC(C)=C(C1c1ccccc1\C=C\C(=O)OC(C)(C)C)C(=O)OCC
VQHSOMBJVWLPSR-JVCRWLNRSA-N,157355.0,lacitol,OC[C@H](O)[C@@H](O)[C@H](O[C@@H]1O[C@H](CO)[C@H](O)[C@H](O)[C@H]1O)[C@H](O)CO
JCQLYHFGKNRPGE-FCVZTGTOSA-N,11333.0,lactulose,OC[C@H]1O[C@](O)(CO)[C@@H](O)[C@@H]1O[C@@H]1O[C@H](CO)[C@H](O)[C@H](O)[C@H]1O
KMZQAVXSMUKBPD-FCRIZLRQSA-N,40490609.0,lafutidine,O=C(C[S@@](=O)Cc1ccco1)NC\C=C/COc1cc(CN2CCCCC2)ccn1
JTEGQNOMFQHVDC-NKWVEPMBSA-N,60825.0,lamivudine,Nc1ccn([C@@H]2CS[C@H](CO)O2)c(=O)n1
PYZRQGJRPPTADH-UHFFFAOYSA-N,3878.0,lamotrigine,Nc1nnc(c(N)n1)-c1cccc(Cl)c1Cl
WKDNQONLGXOZRG-HRNNMHKYSA-N,,lanabecestat,CO[C@H]1CC[C@@]2(Cc3ccc(cc3[C@@]22N=C(C)C(N)=N2)-c2cncc(c2)C#CC)CC1
JAYAGJDXJIDEKI-FUVOQQLASA-N,73707447.0,lanatoside-C,C[C@H]1O[C@H](C[C@H](O)[C@@H]1O[C@H]1C[C@H](O)[C@H](O[C@H]2C[C@H](OC(C)=O)[C@H](O[C@@H]3O[C@H](CO)[C@@H](O)[C@H](O)[C@H]3O)[C@@H](C)O2)[C@@H](C)O1)O[C@H]1CC[C@@]2(C)[C@@H](CC[C@H]3[C@@H]2C[C@@H](O)[C@]2(C)[C@H](CC[C@]32O)C2=CC(=O)OC2)C1
WMDSZGFJQKSLLH-RBBKRZOGSA-N,114905.0,landiolol,CC1(C)OC[C@@H](COC(=O)CCc2ccc(OC[C@@H](O)CNCCNC(=O)N3CCOCC3)cc2)O1
OQDQIFQRNZIEEJ-UHFFFAOYSA-N,68677842.0,lanifibranor,OC(=O)CCCc1cc2cc(Cl)ccc2n1S(=O)(=O)c1ccc2ncsc2c1
ZRTQSJFIDWNVJW-MNWMYKRDSA-N,40729546.0,lanoconazole,Clc1ccccc1[C@H]1CS\C(S1)=C(\C#N)n1ccnc1
MJIHNNLFOKEZEW-RUZDIDTESA-N,9578005.0,lansoprazole,Cc1c(OCC(F)(F)F)ccnc1C[S@@](=O)c1nc2ccccc2[nH]1
BCFGMOOMADDAQU-UHFFFAOYSA-N,208908.0,lapatinib,CS(=O)(=O)CCNCc1ccc(o1)-c1ccc2ncnc(Nc3ccc(OCc4cccc(F)c4)c(Cl)c3)c2c1
NWBWCXBPKTTZNQ-QOQRDJBUSA-N,90479327.0,lappaconite,CCN1C[C@@]2(CC[C@H](OC)[C@@]34[C@@H]5C[C@H]6[C@H](OC)[C@]5(O)[C@](O)(C[C@@H]6OC)[C@@H](C[C@H]23)[C@@H]14)OC(=O)c1ccccc1NC(C)=O
GKWPCEFFIHSJOE-UHFFFAOYSA-N,54677946.0,laquinimod,CCN(C(=O)c1c(O)c2c(Cl)cccc2n(C)c1=O)c1ccccc1
ORFLZNAGUTZRLQ-ZMBVWFSWSA-N,9810532.0,larazotide-acetate,CC(C)C[C@H](NC(=O)[C@@H](NC(=O)CNC(=O)CN)C(C)C)C(=O)N[C@@H](C(C)C)C(=O)N[C@@H](CCC(N)=O)C(=O)N1CCC[C@H]1C(=O)NCC(O)=O
NXFFJDQHYLNEJK-CYBMUJFWSA-N,9867642.0,laropiprant,CS(=O)(=O)c1cc(F)cc2c3CC[C@H](CC(O)=O)c3n(Cc3ccc(Cl)cc3)c12
NYNZQNWKBKUAII-KBXCAEBGSA-N,46188928.0,larotrectinib,O[C@H]1CCN(C1)C(=O)Nc1cnn2ccc(nc12)N1CCC[C@@H]1c1cc(F)ccc1F
BBMULGJBVDDDNI-OWKLGTHSSA-N,5360807.0,lasalocid,CC[C@H]([C@H]1O[C@@](CC)(C[C@@H]1C)[C@H]1CC[C@](O)(CC)[C@H](C)O1)C(=O)[C@@H](C)[C@@H](O)[C@H](C)CCc1ccc(C)c(O)c1C(O)=O
XEDHVZKDSYZQBF-UHFFFAOYSA-N,11610526.0,lasmiditan,CN1CCC(CC1)C(=O)c1cccc(NC(=O)c2c(F)cc(F)cc2F)n1
INEHJXCWEVNEDZ-LUDNRVPPSA-N,3081919.0,lasofoxifene,O[C@@H]([C@H](O)C(O)=O)C(O)=O.Oc1ccc2[C@H]([C@H](CCc2c1)c1ccccc1)c1ccc(OCCN2CCCC2)cc1
GGXICVAJURFBLW-CEYXHVGTSA-N,5311221.0,latanoprost,CC(C)OC(=O)CCC\C=C/C[C@H]1[C@@H](O)C[C@@H](O)[C@@H]1CC[C@@H](O)CCc1ccccc1
JNODQFNWMXFMEV-UHFFFAOYSA-N,197033.0,latrepirdine,CN1CCc2c(C1)c1cc(C)ccc1n2CCc1ccc(C)nc1
NSHPHXHGRHSMIK-JRIKCGFMSA-N,6436219.0,latrunculin-B,C[C@H]1CC[C@@H]2C[C@H](C[C@@](O)(O2)[C@@H]2CSC(=O)N2)OC(=O)\C=C(C)/CC\C=C/1
POULHZVOKOAJMA-UHFFFAOYSA-N,3893.0,lauric-acid,CCCCCCCCCCCC(O)=O
AOMUHOFOVNGZAN-UHFFFAOYSA-N,8430.0,lauric-diethanolamide,CCCCCCCCCCCC(=O)N(CCO)CCO
AXTGDCSMTYGJND-UHFFFAOYSA-N,42981.0,laurocapram,CCCCCCCCCCCCN1CCCCCC1=O
JZXRLKWWVNUZRB-UHFFFAOYSA-N,71307.0,lazabemide,NCCNC(=O)c1ccc(Cl)cn1
RRMJMHOQSALEJJ-UHFFFAOYSA-N,121269225.0,lazertinib,COc1cc(N2CCOCC2)c(NC(=O)C=C)cc1Nc1nccc(n1)-n1cc(CN(C)C)c(n1)-c1ccccc1
JUQMLSGOTNKJKI-YTWAJWBKSA-N,11923097.0,LB-100,CN1CCN(CC1)C(=O)[C@@H]1[C@H]2CC[C@H](O2)[C@@H]1C(O)=O
GUUIRIMAQGOLHT-UHFFFAOYSA-N,10099206.0,LB42708,Brc1ccc(Cn2cncc2Cn2cc(C(=O)N3CCOCC3)c(c2)-c2cccc3ccccc23)cc1
UFPFGVNKHCLJJO-SSKFGXFMSA-N,24737642.0,LCL-161,CN[C@@H](C)C(=O)N[C@@H](C1CCCCC1)C(=O)N1CCC[C@H]1c1nc(cs1)C(=O)c1ccc(F)cc1
GXALXAKNHIROPE-QAQDUYKDSA-N,,LCQ908,OC(=O)C[C@H]1CC[C@@H](CC1)c1ccc(cc1)-c1ccc(Nc2ccc(nc2)C(F)(F)F)cn1
ISPBCAXOSOLFME-UHFFFAOYSA-N,56847486.0,LDC1267,CCOc1cn(nc1C(=O)Nc1ccc(Oc2ccnc3cc(OC)c(OC)cc23)c(F)c1)-c1ccc(F)cc1C
XMMAOXMYUGQGJD-UHFFFAOYSA-N,46871867.0,LDN-209929,COc1ccc2nc3ccc(Cl)cc3c(SCCCN)c2c1
BBDGBGOVJPEFBT-UHFFFAOYSA-N,60182388.0,LDN-212854,C1CN(CCN1)c1ccc(cc1)-c1cnc2c(cnn2c1)-c1cccc2ncccc12
WLBUICQBNZXIDJ-UHFFFAOYSA-N,1150683.0,LDN-27219,NNC(=O)CSc1nc2scc(-c3ccccc3)c2c(=O)n1-c1ccccc1
OPQRFPHLZZPCCH-LTGZKZEYSA-N,51537051.0,LDN-57444,CC(=O)O\N=C1\C(=O)N(Cc2cc(Cl)ccc2Cl)c2ccc(Cl)cc12
CDOVNWNANFFLFJ-UHFFFAOYSA-N,25195294.0,LDN193189,C1CN(CCN1)c1ccc(cc1)-c1cnc2c(cnn2c1)-c1ccnc2ccccc12
YZZAIQOVMHVWBS-UHFFFAOYSA-N,10410894.0,LE-135,CN1c2cc3c(cc2N=C(c2ccc(cc2)C(O)=O)c2ccccc12)C(C)(C)CCC3(C)C
VRTWBAAJJOHBQU-KMWAZVGDSA-N,67505836.0,ledipasvir,COC(=O)N[C@@H](C(C)C)C(=O)N1CC2(CC2)C[C@H]1c1nc(c[nH]1)-c1ccc2-c3ccc(cc3C(F)(F)c2c1)-c1ccc2nc([nH]c2c1)[C@@H]1[C@H]2CC[C@H](C2)N1C(=O)[C@@H](NC(=O)OC)C(C)C
VHOGYURTWQBHIL-UHFFFAOYSA-N,3899.0,leflunomide,Cc1oncc1C(=O)Nc1ccc(cc1)C(F)(F)F
MUGXRYIUWFITCP-PGRDOPGGSA-N,56944144.0,lemborexant,Cc1ncc(OC[C@]2(C[C@H]2C(=O)Nc2ccc(F)cn2)c2cccc(F)c2)c(C)n1
GOTYRUGSSMKFNF-JTQLQIEISA-N,12044976.0,lenalidomide,Nc1cccc2C(=O)N(Cc12)[C@H]1CCC(=O)NC1=O
MWKYMZXCGYXLPL-ZDUSSCGKSA-N,57495353.0,leniolisib,CCC(=O)N1CC[C@@H](C1)Nc1ncnc2CCN(Cc12)c1cnc(OC)c(c1)C(F)(F)F
WOSKHXYHFSIKNG-UHFFFAOYSA-N,9823820.0,lenvatinib,COc1cc2nccc(Oc3ccc(NC(=O)NC4CC4)c(Cl)c3)c2cc1C(N)=O
WNGSUWLDMZFYNZ-UHFFFAOYSA-N,161464.0,leonurine,COc1cc(cc(OC)c1O)C(=O)OCCCCNC(N)=N
POERAARDVFVDLO-QGZVFWFLSA-N,45100669.0,LEQ506,C[C@@H]1CN(CCN1c1cnc(cn1)C(C)(C)O)c1nnc(Cc2ccccc2)c(C)c1C
ZDXUKAKRHYTAKV-MGBGTMOVSA-N,9809926.0,lercanidipine,COC(=O)C1=C(C)NC(C)=C([C@@H]1c1cccc(c1)[N+]([O-])=O)C(=O)OC(C)(C)CN(C)CCC(c1ccccc1)c1ccccc1
PWWDCRQZITYKDV-UHFFFAOYSA-N,65997.0,lerisetron,C(c1ccccc1)n1c(nc2ccccc12)N1CCNCC1
MCPUZZJBAHRIPO-UHFFFAOYSA-N,16739244.0,lersivirine,CCc1nn(CCO)c(CC)c1Oc1cc(cc(c1)C#N)C#N
FGQFOYHRJSUHMR-UHFFFAOYSA-N,53465279.0,lesinurad,OC(=O)CSc1nnc(Br)n1-c1ccc(C2CC2)c2ccccc12
UIARLYUEJFELEN-DMVVYWCZSA-N,9932888.0,lestaurtinib,C[C@]12O[C@@H](C[C@]1(O)CO)n1c3ccccc3c3c4C(=O)NCc4c4c5ccccc5n2c4c13
JMPOIZCOJJMTHI-UHFFFAOYSA-N,135409548.0,leteprinim,OC(=O)c1ccc(NC(=O)CCn2cnc3c2[nH]cnc3=O)cc1
FWYSMLBETOMXAG-QHCPKHFHSA-N,45138674.0,letermovir,COc1cccc(c1)N1CCN(CC1)C1=Nc2c(F)cccc2[C@H](CC(O)=O)N1c1cc(ccc1OC)C(F)(F)F
IKOCLISPVJZJEA-YUMQZZPRSA-N,76956360.0,letosteine,CCOC(=O)CSCC[C@H]1N[C@@H](CS1)C(O)=O
XQKYUBTUOHHNDV-GFCCVEGCSA-N,76959723.0,letrazuril,Fc1ccc(cc1)[C@@H](C#N)c1c(Cl)cc(cc1Cl)-n1ncc(=O)[nH]c1=O
HPJKCIUCZWXJDR-UHFFFAOYSA-N,3902.0,letrozole,N#Cc1ccc(cc1)C(c1ccc(cc1)C#N)n1cncn1
QTWZICCBKBYHDM-UHFFFAOYSA-N,164695.0,leucomethylene-blue,CN(C)c1ccc2Nc3ccc(cc3Sc2c1)N(C)C
VVIAGPKUTFNRDU-STQMWFEESA-N,135398559.0,leucovorin,Nc1nc(=O)c2N(C=O)[C@@H](CNc3ccc(cc3)C(=O)N[C@@H](CCC(O)=O)C(O)=O)CNc2[nH]1
AJMOLNFDYWTVQW-QWRGUYRKSA-N,7016877.0,leucylleucine-methyl-ester,COC(=O)[C@H](CC(C)C)NC(=O)[C@@H](N)CC(C)C
GFIJNRVAKGFPGQ-LIJARHBVSA-N,657181.0,leuprolide,CCNC(=O)[C@@H]1CCCN1C(=O)[C@H](CCCNC(N)=N)NC(=O)[C@H](CC(C)C)NC(=O)[C@@H](CC(C)C)NC(=O)[C@H](Cc1ccc(O)cc1)NC(=O)[C@H](CO)NC(=O)[C@H](Cc1c[nH]c2ccccc12)NC(=O)[C@H](Cc1cnc[nH]1)NC(=O)[C@@H]1CCC(=O)N1
NDAUXUAQIAJITI-LBPRGKRZSA-N,123600.0,levalbuterol,CC(C)(C)NC[C@H](O)c1ccc(O)c(CO)c1
OZYUPQUCAUTOBP-QXAKKESOSA-N,5359371.0,levallorphan,Oc1ccc2C[C@@H]3[C@@H]4CCCC[C@]4(CCN3CC=C)c2c1
HLFSDGLLUJUHTE-SNVBAGLBSA-N,26879.0,levamisole,C1CN2C[C@@H](N=C2S1)c1ccccc1
HTIQEAQVCYTUBX-KRWDZBQOSA-N,9822750.0,levamlodipine,CCOC(=O)C1=C(COCCN)NC(C)=C([C@@H]1c1ccccc1Cl)C(=O)OC
TVZCRIROJQEVOT-CABCVRRESA-N,93504.0,levcromakalim,CC1(C)Oc2ccc(cc2[C@H]([C@@H]1O)N1CCCC1=O)C#N
HPHUVLMMVZITSG-LURJTMIESA-N,5284583.0,levetiracetam,CC[C@H](N1CCCC1=O)C(N)=O
ROZOEEGFKDFEFP-AXRVMRSRSA-N,,levo-phencynonate,CN1C[C@@H]2CCC[C@H](C1)[C@H]2OC(=O)[C@@](O)(C1CCCC1)c1ccccc1
NWIUTZDMDHAVTP-KRWDZBQOSA-N,60657.0,levobetaxolol,CC(C)NC[C@H](O)COc1ccc(CCOCC2CC2)cc1
IXHBTMCLRNMKHZ-LBPRGKRZSA-N,39468.0,levobunolol,CC(C)(C)NC[C@H](O)COc1cccc2C(=O)CCCc12
IXHBTMCLRNMKHZ-GFCCVEGCSA-N,5460339.0,levobunolol-(+),CC(C)(C)NC[C@@H](O)COc1cccc2C(=O)CCCc12
IXHBTMCLRNMKHZ-GFCCVEGCSA-N,5460339.0,levobunolol-(+/-),CC(C)(C)NC[C@@H](O)COc1cccc2C(=O)CCCc12
ZCGOMHNNNFPNMX-KYTRFIICSA-N,,levocabastine,C[C@@H]1CN(CC[C@]1(C(O)=O)c1ccccc1)[C@H]1CC[C@](CC1)(C#N)c1ccc(F)cc1
PHIQHXFUZVPYII-ZCFIWIBFSA-O,10918.0,levocarnitine,C[N+](C)(C)C[C@H](O)CC(O)=O
UFAHZIUFPNSHSL-MRVPVSSYSA-O,157837.0,levocarnitine-propionate,CCC(=O)O[C@H](CC(O)=O)C[N+](C)(C)C
ZKLPARSLTMPFCP-OAQYLSRUSA-N,28145931.0,levocetirizine,OC(=O)COCCN1CCN(CC1)[C@H](c1ccccc1)c1ccc(Cl)cc1
WTDRDQBEARUVNC-LURJTMIESA-N,6971033.0,levodopa,N[C@@H](Cc1ccc(O)c(O)c1)C(O)=O
PTVWPYVOOKLBCG-ZDUSSCGKSA-N,65859.0,levodropropizine,OC[C@@H](O)CN1CCN(CC1)c1ccccc1
GSDSWSVVBLHKDQ-JTQLQIEISA-N,6956357.0,levofloxacin,C[C@H]1COc2c(N3CCN(C)CC3)c(F)cc3c2n1cc(C(O)=O)c3=O
RGZSQWQPBWRIAQ-CABCVRRESA-N,442343.0,levomenol,CC(C)=CCC[C@](C)(O)[C@H]1CCC(C)=CC1
NOOLISFMXDJSKH-KXUCPTDWSA-N,16666.0,levomenthol,CC(C)[C@@H]1CC[C@@H](C)C[C@H]1O
VRQVVMDWGGWHTJ-CQSZACIVSA-N,72287.0,levomepromazine,COc1ccc2Sc3ccccc3N(C[C@H](C)CN(C)C)c2c1
HOKDBMAJZXIPGC-MRXNPFEDSA-N,3246605.0,levomequitazine,C([C@H]1CN2CCC1CC2)N1c2ccccc2Sc2ccccc12
VRYZCEONIWEUAV-UHFFFAOYSA-N,71520717.0,LMK-235,Cc1cc(C)cc(c1)C(=O)NOCCCCCC(=O)NO
GEFQWZLICWMTKF-CDUCUWFYSA-N,164739.0,levonordefrin,C[C@H](N)[C@H](O)c1ccc(O)c(O)c1
WWYNJERNGUHSAO-XUDSTZEESA-N,13109.0,levonorgestrel,CC[C@]12CC[C@H]3[C@@H](CCC4=CC(=O)CC[C@H]34)[C@@H]1CC[C@@]2(O)C#C
XLMALTXPSGQGBX-HXBUSHRASA-N,133687039.0,levopropoxyphene,CCC(=O)OC(Cc1ccccc1)([C@@H](C)CN(C)C)c1ccccc1
WHXMKTBCFHIYNQ-SECBINFHSA-N,3033825.0,levosimendan,C[C@@H]1CC(=O)NN=C1c1ccc(NN=C(C#N)C#N)cc1
BGRJTUBHPOOWDU-NSHDSACASA-N,688272.0,levosulpiride,CCN1CCC[C@H]1CNC(=O)c1cc(ccc1OC)S(N)(=O)=O
XUIIKFGFIJCVMT-LBPRGKRZSA-N,5819.0,levothyroxine,N[C@@H](Cc1cc(I)c(Oc2cc(I)c(O)c(I)c2)c(I)c1)C(O)=O
BQLDGDMKDYAGNE-MRVPVSSYSA-N,,LFM-A13,CC(=O)[C@@H](C#N)C(=O)Nc1cc(Br)ccc1Br
HKJMCBYPVCGZFB-LDLOPFEMSA-N,44625560.0,LGD-6972,Cc1cc(C)c(c(C)c1)-c1ccc(NC(=O)[C@H](Cc2ccc(cc2)C(=O)NCCS(O)(=O)=O)c2ccc(cc2)-c2ccc(cc2)C(C)(C)C)cc1
XXYGTCZJJLTAGH-UHFFFAOYSA-N,46926973.0,LGK-974,Cc1cc(ccn1)-c1ncc(CC(=O)Nc2ccc(cn2)-c2cnccn2)cc1C
DYHAMRNAHTWYKY-UHFFFAOYSA-N,851474.0,LH846,Cc1cc2sc(NC(=O)Cc3ccccc3)nc2cc1Cl
UGFHIPBXIWJXNA-QGZVFWFLSA-N,76956376.0,liarozole,Clc1cccc(c1)[C@H](c1ccc2nc[nH]c2c1)n1ccnc1
BMPDWHIDQYTSHX-CQSZACIVSA-N,9816485.0,licarbazepine,NC(=O)N1c2ccccc2C[C@@H](O)c2ccccc12
KAZSKMJFUPEHHW-DHZHZOJOSA-N,5318998.0,licochalcone-A,COc1cc(O)c(cc1\C=C\C(=O)c1ccc(O)cc1)C(C)(C)C=C
UAWXGRJVZSAUSZ-UHFFFAOYSA-N,133021.0,licofelone,CC1(C)Cc2c(c(c(CC(O)=O)n2C1)-c1ccc(Cl)cc1)-c1ccccc1
XFJAMQQAAMJFGB-ZQGJOIPISA-N,52913524.0,licogliflozin,CCc1ccc(cc1Cc1ccc2OCCOc2c1)[C@@H]1O[C@H](CO)[C@@H](O)[C@H](O)[C@H]1O
CHFSOFHQIZKQCR-UHFFFAOYSA-N,5486198.0,licostinel,[O-][N+](=O)c1c(Cl)c(Cl)cc2[nH]c(=O)c(=O)[nH]c12
RRHJHSBDJDZUGL-UHFFFAOYSA-N,47510.0,lidamidine,CNC(=N)NC(=O)Nc1c(C)cccc1C
NNJVILVZKWQKPM-UHFFFAOYSA-N,3676.0,lidocaine,CCN(CC)CC(=O)Nc1c(C)cccc1C
ZBIAKUMOEKILTF-UHFFFAOYSA-N,3926.0,lidoflazine,Cc1cccc(C)c1NC(=O)CN1CCN(CCCC(c2ccc(F)cc2)c2ccc(F)cc2)CC1
NGFFVZQXSRKHBM-FKBYEOEOSA-N,89670174.0,lifirafenib,FC(F)(F)c1ccc2nc([nH]c2c1)[C@@H]1[C@H]2Oc3ccc(Oc4ccnc5NC(=O)CCc45)cc3[C@@H]12
JFOZKMSJYSPYLN-QHCPKHFHSA-N,11965427.0,lifitegrast,CS(=O)(=O)c1cccc(C[C@H](NC(=O)c2c(Cl)cc3CN(CCc3c2Cl)C(=O)c2ccc3ccoc3c2)C(O)=O)c1
IQVQXVFMNOFTMU-FLIBITNWSA-N,5319022.0,ligustilide,CCC\C=C1/OC(=O)C2=C1CCC=C2
OJZYRQPMEIEQFC-UAWLTFRCSA-N,6438378.0,limaprost-alfadex,CCCC[C@H](C)C[C@H](O)\C=C\[C@H]1[C@H](O)CC(=O)[C@@H]1CCCC\C=C\C(O)=O
IVUGBSGLHRJSSP-UHFFFAOYSA-N,56965901.0,LIMKi-3,CC(C)C(=O)Nc1ncc(s1)-c1cc(nn1-c1c(Cl)cccc1Cl)C(F)F
KBDSLGBFQAGHBE-MSGMIQHVSA-N,179651.0,limonin,CC1(C)O[C@H]2CC(=O)OC[C@@]22[C@H]1CC(=O)[C@]1(C)[C@@H]2CC[C@@]2(C)[C@@H](OC(=O)[C@H]3O[C@@]123)c1ccoc1
KXGCNMMJRFDFNR-WDRJZQOASA-N,16158208.0,linaclotide,[H][C@@]12CCCN1C(=O)[C@H](CC(N)=O)NC(=O)[C@]1([H])CSSC[C@H](N)C(=O)N[C@@]3([H])CSSC[C@]([H])(NC(=O)[C@H](C)NC2=O)C(=O)N[C@@H]([C@@H](C)O)C(=O)NCC(=O)N[C@@H](CSSC[C@]([H])(NC(=O)[C@H](Cc2ccc(O)cc2)NC(=O)[C@H](CCC(O)=O)NC3=O)C(=O)N1)C(=O)N[C@@H](Cc1ccc(O)cc1)C(O)=O
LTXREWYXXSTFRX-QGZVFWFLSA-N,10096344.0,linagliptin,CC#CCn1c(nc2n(C)c(=O)n(Cc3nc(C)c4ccccc4n3)c(=O)c12)N1CCC[C@@H](N)C1
CDOSHBSSFJOMGT-JTQLQIEISA-N,443158.0,linalool,CC(C)=CCC[C@@](C)(O)C=C
GHVIMBCFLRTFHI-UHFFFAOYSA-N,9951066.0,linaprazan,Cc1nc2c(NCc3c(C)cccc3C)cc(cn2c1C)C(=O)NCCO
OJMMVQQUTAEWLP-KIDUDLJLSA-N,3000540.0,lincomycin,CCC[C@@H]1C[C@H](N(C)C1)C(=O)N[C@H]([C@@H](C)O)[C@H]1O[C@H](SC)[C@H](O)[C@@H](O)[C@H]1O
JLYXXMFPNIAWKQ-GNIYUCBRSA-N,,lindane,Cl[C@H]1[C@H](Cl)[C@@H](Cl)[C@@H](Cl)[C@H](Cl)[C@H]1Cl
TYZROVQLWOKYKF-ZDUSSCGKSA-N,441401.0,linezolid,CC(=O)NC[C@H]1CN(C(=O)O1)c1ccc(N2CCOCC2)c(F)c1
MPVGZUGXCQEXTM-UHFFFAOYSA-N,11485656.0,linifanib,Cc1ccc(F)c(NC(=O)Nc2ccc(cc2)-c2cccc3n[nH]c(N)c23)c1
OYHQOLUKZRVURQ-HZJYTTRNSA-N,5280450.0,linoleic-acid,CCCCC\C=C/C\C=C/CCCCCCCC(O)=O
YEJCDKJIEMIWRQ-UHFFFAOYSA-N,3932.0,linopirdine,O=C1N(c2ccccc2C1(Cc1ccncc1)Cc1ccncc1)c1ccccc1
XZYRDNUZENBYFI-UHFFFAOYSA-N,65388.0,linsidomine,Nc1c[n+](no1)N1CCOCC1
PKCDDUHJAFVJJB-VLZXCDOPSA-N,,linsitinib,C[C@@]1(O)C[C@@H](C1)c1nc(-c2ccc3ccc(nc3c2)-c2ccccc2)c2c(N)nccn12
MJCKISCWHDATBN-UHFFFAOYSA-N,65900.0,lintopride,CCN1CCN=C1CNC(=O)c1cc(Cl)c(N)cc1OC
AUYYCJSJGJYCDS-LBPRGKRZSA-N,7048703.0,liothyronine,N[C@@H](Cc1cc(I)c(Oc2ccc(O)c(I)c2)c(I)c1)C(O)=O
AUYYCJSJGJYCDS-GFCCVEGCSA-N,71212.0,liothyronine-(isomer),N[C@H](Cc1cc(I)c(Oc2ccc(O)c(I)c2)c(I)c1)C(O)=O
FCCDDURTIIUXBY-ZETCQYMHSA-N,446116.0,lipoamide,NC(=O)CCCC[C@H]1CCSS1
DEMKZLAVQYISIA-ZRWXNEIDSA-N,503737.0,liquiritin,OC[C@H]1O[C@@H](Oc2ccc(cc2)[C@@H]2CC(=O)c3ccc(O)cc3O2)[C@H](O)[C@@H](O)[C@@H]1O
YSDQQAXHVYUZIW-QCIJIYAXSA-N,16153050.0,liraglutide,CCCCCCCCCCCCCCCC(=O)N[C@@H](CCC(=O)NCCCC[C@H](NC(=O)[C@H](C)NC(=O)[C@H](C)NC(=O)[C@H](CCC(N)=O)NC(=O)CNC(=O)[C@H](CCC(O)=O)NC(=O)[C@H](CC(C)C)NC(=O)[C@H](Cc1ccc(O)cc1)NC(=O)[C@H](CO)NC(=O)[C@H](CO)NC(=O)[C@@H](NC(=O)[C@H](CC(O)=O)NC(=O)[C@H](CO)NC(=O)[C@@H](NC(=O)[C@H](Cc1ccccc1)NC(=O)[C@@H](NC(=O)CNC(=O)[C@H](CCC(O)=O)NC(=O)[C@H](C)NC(=O)[C@@H](N)Cc1cnc[nH]1)[C@@H](C)O)[C@@H](C)O)C(C)C)C(=O)N[C@@H](CCC(O)=O)C(=O)N[C@@H](Cc1ccccc1)C(=O)N[C@@H]([C@@H](C)CC)C(=O)N[C@@H](C)C(=O)N[C@@H](Cc1c[nH]c2ccccc12)C(=O)N[C@@H](CC(C)C)C(=O)N[C@@H](C(C)C)C(=O)N[C@@H](CCCNC(N)=N)C(=O)NCC(=O)N[C@@H](CCCNC(N)=N)C(=O)NCC(O)=O)C(O)=O
VPHPQNGOVQYUMG-UHFFFAOYSA-N,3936.0,liranaftate,COc1cccc(n1)N(C)C(=S)Oc1ccc2CCCCc2c1
YPFLFUJKZDAXRA-UHFFFAOYSA-N,6433118.0,lirimilast,CS(=O)(=O)Oc1ccc2c(NC(N)=O)c(oc2c1)C(=O)c1ccc(Cl)cc1Cl
WHQOKFZWSDOTQP-VIFPVBQESA-N,25021707.0,lisadimate,Nc1ccc(cc1)C(=O)OC[C@@H](O)CO
RLAWWYSOJDYHDC-BZSNNMDCSA-N,5362119.0,lisinopril,NCCCC[C@H](N[C@@H](CCc1ccccc1)C(O)=O)C(=O)N1CCC[C@H]1C(O)=O
NSMXQKNUPPXBRG-SECBINFHSA-N,501254.0,lisofylline,C[C@@H](O)CCCCn1c(=O)n(C)c2ncn(C)c2c1=O
BKRGVLQUQGGVSM-KBXCAEBGSA-N,28864.0,lisuride,CCN(CC)C(=O)N[C@@H]1CN(C)[C@@H]2Cc3c[nH]c4cccc(C2=C1)c34
WDJHALXBUFZDSR-UHFFFAOYSA-N,96.0,lithium-acetoacetate,CC(=O)CC(O)=O
PTYJGLZVOMGTRG-UHFFFAOYSA-N,,lithium-citrate,[Li].[Li].[Li].OC(=O)CC(O)(CC(O)=O)C(O)=O
SMEROWZSTRWXGI-HVATVPOCSA-N,9903.0,lithocholic-acid,C[C@H](CCC(O)=O)[C@H]1CC[C@H]2[C@@H]3CC[C@@H]4C[C@H](O)CC[C@]4(C)[C@H]3CC[C@]12C
YVAFBXLHPINSIK-QHCPKHFHSA-N,25167017.0,litronesib,CCNCCS(=O)(=O)NC[C@]1(SC(NC(=O)C(C)(C)C)=NN1C(=O)C(C)(C)C)c1ccccc1
PPHTXRNHTVLQED-UHFFFAOYSA-N,172997.0,lixivaptan,Cc1ccc(F)cc1C(=O)Nc1ccc(C(=O)N2Cc3cccn3Cc3ccccc23)c(Cl)c1
RGWJKANXFYJKHN-UHFFFAOYSA-N,2054170.0,LM-22A4,OCCNC(=O)c1cc(cc(c1)C(=O)NCCO)C(=O)NCCO
YNMUTYLWSRFTPX-GHMZBOCLSA-N,28174760.0,LM11A-31,CC[C@@H](C)[C@@H](N)C(=O)NCCN1CCOCC1
STWTUEAWRAIWJG-UHFFFAOYSA-N,135565042.0,LMI070,CC1(C)CC(CC(C)(C)N1)Oc1ccc(nn1)-c1ccc(cc1O)-c1cn[nH]c1
MXYUKLILVYORSK-HBMCJLEFSA-N,101616.0,lobeline,CN1[C@H](C[C@H](O)c2ccccc2)CCC[C@@H]1CC(=O)c1ccccc1
OKOVSTKGUBOSTB-UHFFFAOYSA-N,22752.0,lobendazole,CCOC(=O)Nc1nc2ccccc2[nH]1
UGDPYGKWIHHBMB-UHFFFAOYSA-N,3946.0,lobenzarit,OC(=O)c1ccccc1Nc1cc(Cl)ccc1C(O)=O
KBEMFSMODRNJHE-JFWOZONXSA-N,72180.0,lodenosine,Nc1ncnc2n(cnc12)[C@@H]1O[C@H](CO)C[C@@H]1F
RVGLGHVJXCETIO-UHFFFAOYSA-N,44564.0,lodoxamide,OC(=O)C(=O)Nc1cc(cc(NC(=O)C(O)=O)c1Cl)C#N
MBKWNJVQSFBLQI-UHFFFAOYSA-N,71967.0,lofemizole,Cc1[nH]cnc1-c1ccc(Cl)cc1
SAPNXPWPAUFAJU-UHFFFAOYSA-N,3947.0,lofepramine,CN(CCCN1c2ccccc2CCc2ccccc12)CC(=O)c1ccc(Cl)cc1
KSMAGQUYOIHWFS-SSDOTTSWSA-N,3038503.0,lofexidine,C[C@@H](Oc1c(Cl)cccc1Cl)C1=NCCN1
ZEKZLJVOYLTDKK-VIFPVBQESA-N,6603903.0,lomefloxacin,CCn1cc(C(O)=O)c(=O)c2cc(F)c(N3CCN[C@@H](C)C3)c(F)c12
JUJPKFNFCWJBCX-UHFFFAOYSA-N,3025944.0,lomeguatrib,Nc1nc(OCc2cc(Br)cs2)c2[nH]cnc2n1
JQSAYKKFZOSZGJ-UHFFFAOYSA-N,3949.0,lomerizine,COc1ccc(CN2CCN(CC2)C(c2ccc(F)cc2)c2ccc(F)cc2)c(OC)c1OC
ZUQBAQVRAURMCL-DOMZBBRYSA-N,135413518.0,lometrexol,Nc1nc(=O)c2C[C@@H](CCc3ccc(cc3)C(=O)N[C@@H](CCC(O)=O)C(O)=O)CNc2[nH]1
MBBCVAKAJPKAKM-UHFFFAOYSA-N,9853053.0,lomitapide,FC(F)(F)CNC(=O)C1(CCCCN2CCC(CC2)NC(=O)c2ccccc2-c2ccc(cc2)C(F)(F)F)c2ccccc2-c2ccccc12
NEXPKUGJJKVILF-UHFFFAOYSA-N,129009938.0,lomustine,[O-][NH2+]N(CCCl)C(=O)NC1CCCCC1
DHMTURDWPRKSOA-RUZDIDTESA-N,148195.0,lonafarnib,NC(=O)N1CCC(CC(=O)N2CCC(CC2)[C@H]2c3ncc(Br)cc3CCc3cc(Cl)cc(Br)c23)CC1
WDRYRZXSPDWGEB-UHFFFAOYSA-N,39562.0,lonidamine,OC(=O)c1nn(Cc2ccc(Cl)cc2Cl)c2ccccc12
RDOIQAHITMMDAJ-UHFFFAOYSA-N,3955.0,loperamide,CN(C)C(=O)C(CCN1CCC(O)(CC1)c1ccc(Cl)cc1)(c1ccccc1)c1ccccc1
KJHKTHWMRKYKJE-SUGCFTRWSA-N,92727.0,lopinavir,CC(C)[C@H](N1CCCNC1=O)C(=O)N[C@H](C[C@H](O)[C@H](Cc1ccccc1)NC(=O)COc1c(C)cccc1C)Cc1ccccc1
JAPHQRWPEGVNBT-UTUOFQBUSA-N,5284585.0,loracarbef,N[C@@H](C(=O)N[C@H]1[C@H]2CCC(Cl)=C(N2C1=O)C(O)=O)c1ccccc1
JCCNYMKQOSZNPW-UHFFFAOYSA-N,3957.0,loratadine,CCOC(=O)N1CCC(CC1)=C1c2ccc(Cl)cc2CCc2cccnc12
XGLHZTBDUXXHOM-WMZJFQQLSA-N,3034012.0,loreclezole,Cl\C(=C/n1cncn1)c1ccc(Cl)cc1Cl
NQPOCLFSADOXBR-UHFFFAOYSA-N,12004146.0,lorediplon,CN(C(C)=O)c1cc(ccc1F)-c1ccnc2c(cnn12)C(=O)c1cccs1
IEKOTSCYBBDIJC-LJQANCHMSA-N,13605417.0,lorglumide,CCCCCN(CCCCC)C(=O)[C@@H](CCC(O)=O)NC(=O)c1ccc(Cl)c(Cl)c1
IIXWYSCJSQVBQM-UHFFFAOYSA-N,78162481.0,lorlatinib,C[C@H]1Oc2cc(cnc2N)-c2c(CN(C)C(=O)c3ccc(F)cc13)nn(C)c2C#N
WLHQHAUOOXYABV-UHFFFAOYSA-N,54690031.0,lornoxicam,CN1C(C(=O)Nc2ccccn2)=C(O)c2sc(Cl)cc2S1(=O)=O
PSIFNNKUMBGKDQ-UHFFFAOYSA-N,3961.0,losartan,CCCCc1nc(Cl)c(CO)n1Cc1ccc(cc1)-c1ccccc1-c1nn[nH]n1
KKYABQBFGDZVNQ-UHFFFAOYSA-N,11552706.0,losmapimod,Cc1c(F)cc(cc1-c1ccc(cn1)C(=O)NCC(C)(C)C)C(=O)NC1CC1
BBTFKAOFCSOZMB-UHFFFAOYSA-N,24864553.0,lotamilast,CNc1nc(-c2cccc(NC(=O)c3ccc(cc3)C(=O)OC)c2)c2cc(OC)c(OC)cc2n1
DMKSVUSAATWOCU-HROMYWEYSA-N,444025.0,loteprednol,CCOC(=O)O[C@@]1(CC[C@H]2[C@@H]3CCC4=CC(=O)C=C[C@]4(C)[C@H]3[C@@H](O)C[C@]12C)C(=O)OCCl
PCZOHLXUXFIOCF-BXMDZJJMSA-N,53232.0,lovastatin,CC[C@H](C)C(=O)O[C@H]1C[C@@H](C)C=C2C=C[C@H](C)[C@H](CC[C@@H]3C[C@@H](O)CC(=O)O3)[C@@H]12
XJGVXQDUIWGIRW-UHFFFAOYSA-N,3964.0,loxapine,CN1CCN(CC1)C1=Nc2ccccc2Oc2ccc(Cl)cc12
SCMSYZJDIQPSDI-SRVKXCTJSA-N,123664.0,loxistatin-acid,CC(C)CCNC(=O)[C@H](CC(C)C)NC(=O)[C@H]1O[C@@H]1C(O)=O
YMBXTVYHTMGZDW-ZWNOBZJWSA-N,13049027.0,loxoprofen,C[C@@H](C(O)=O)c1ccc(C[C@H]2CCCC2=O)cc1
JZWUKILTKYJLCN-URXFXBBRSA-N,124424929.0,LP-533401,N[C@@H](Cc1ccc(cc1)-c1cc(O[C@@H](c2ccc(cc2)-c2cccc(F)c2)C(F)(F)F)nc(N)n1)C(O)=O
BPRNMVDTWIHULJ-AWEZNQCLSA-N,24882686.0,LPA2-antagonist-1,C[C@@H](CN1CCN(CC1)S(=O)(=O)c1ccc(Cl)c(Cl)c1)Nc1ncnc2c(C)csc12
IWMCPJZTADUIFX-UHFFFAOYSA-N,46843906.0,LRRK2-IN-1,COc1cc(ccc1Nc1ncc2N(C)C(=O)c3ccccc3N(C)c2n1)C(=O)N1CCC(CC1)N1CCN(C)CC1
STAFRSGTRKNXHF-UHFFFAOYSA-N,72551298.0,LSN-2463359,CC(C)NC(=O)c1ccc(cn1)C#Cc1ccncc1
SJXNPGGVGZXKKI-NYYWCZLTSA-N,118574930.0,LSZ-102,CC(F)(F)c1cc(F)ccc1-c1sc2cc(O)ccc2c1Oc1ccc(\C=C\C(O)=O)cc1
RCORNHOUCUDCAC-UHFFFAOYSA-N,10219864.0,LTA,N=C(Nc1ccccc1)c1cccs1
VNYSSYRCGWBHLG-AMOLWHMGSA-N,5280492.0,LTB4,CCCCC\C=C/C[C@@H](O)\C=C\C=C\C=C/[C@@H](O)CCCC(O)=O
GGAKLYWEFZCVIT-TVEKFXMRSA-N,46200994.0,LTX-315,NCCCC[C@H](N)C(=O)N[C@@H](CCCCN)C(=O)N[C@@H](Cc1c[nH]c2ccccc12)C(=O)N[C@@H](Cc1c[nH]c2ccccc12)C(=O)N[C@@H](CCCCN)C(=O)N[C@@H](CCCCN)C(=O)N[C@@H](Cc1c[nH]c2ccccc12)C(=O)N[C@@H](C(c1ccccc1)c1ccccc1)C(=O)N[C@@H](CCCCN)C(N)=O
MSWIQSFUBYCFJE-PGMHBOJBSA-N,,Lu-AA-47070,CC(C)(C)CC(=O)Nc1c(F)cc(cc1F)C(=O)\N=c1/sccn1COP(O)(O)=O
DBVFKLAGQHYVGQ-BFYDXBDKSA-N,9800568.0,lubiprostone,CCCCC(F)(F)C(=O)CC[C@H]1[C@H](O)CC(=O)[C@@H]1CCCCCCC(O)=O
FBQPGGIHOFZRGH-UHFFFAOYSA-N,10180.0,lucanthone,CCN(CC)CCNc1ccc(C)c2sc3ccccc3c(=O)c12
CUDVHEFYRIWYQD-UHFFFAOYSA-N,25031915.0,lucitanib,CNC(=O)c1cccc2cc(Oc3ccnc4cc(OCC5(N)CC5)c(OC)cc34)ccc12
OFHKDLYFKPBXER-UHFFFAOYSA-N,135543624.0,LUF-5834,Nc1nc(SCc2ncc[nH]2)c(C#N)c(-c2ccc(O)cc2)c1C#N
PWPJGUXAGUPAHP-AWEZNQCLSA-N,51574136.0,lufenuron,F[C@@H](C(F)(F)F)C(F)(F)Oc1cc(Cl)c(NC(=O)NC(=O)c2c(F)cccc2F)cc1Cl
YTAOBBFIOAEMLL-REQDGWNSSA-N,3003141.0,luliconazole,Clc1ccc([C@@H]2CS\C(S2)=C(\C#N)n2ccnc2)c(Cl)c1
UFSKUSARDNFIRC-UHFFFAOYSA-N,16678941.0,lumacaftor,Cc1ccc(NC(=O)C2(CC2)c2ccc3OC(F)(F)Oc3c2)nc1-c1cccc(c1)C(O)=O
HOIIHACBCFLJET-SFTDATJTSA-N,21302490.0,lumateperone,CN1CCN2[C@H]3CCN(CCCC(=O)c4ccc(F)cc4)C[C@H]3c3cccc1c23
DYLGFOYVTXJFJP-OXTLUBNBSA-N,73416445.0,lumefantrine,CCCCN(CCCC)C[C@@H](O)c1cc(Cl)cc2\C(=C/c3ccc(Cl)cc3)c3cc(Cl)ccc3-c12
KHPKQFYUPIUARC-UHFFFAOYSA-N,151166.0,lumiracoxib,Cc1ccc(Nc2c(F)cccc2Cl)c(CC(O)=O)c1
JYIJIIVLEOETIQ-XDQVBPFNSA-N,91471.0,lupanine,[H][C@@]12CCCCN1C[C@@H]1C[C@H]2CN2C(=O)CCC[C@]12[H]
PQXKDMSYBGKCJA-CVTJIBDQSA-N,213046.0,lurasidone,O=C1[C@H]2[C@@H]3CC[C@@H](C3)[C@H]2C(=O)N1C[C@@H]1CCCC[C@H]1CN1CCN(CC1)c1nsc2ccccc12
YDDMIZRDDREKEP-HWTBNCOESA-N,57327016.0,lurbinectedin,[H][C@@]12Cc3cc(C)c(OC)c(O)c3[C@@]([H])(N1C)[C@@]1([H])N([C@H]2O)[C@@]2([H])COC(=O)[C@]3(CS[C@]1([H])c1c(OC(C)=O)c(C)c4OCOc4c21)NCCc1c3[nH]c2ccc(OC)cc12
ZYXHQIPQIKTEDI-UHFFFAOYSA-N,3045401.0,lusaperidone,Cc1nc2ccccn2c(=O)c1CCN1CCc2oc3ccccc3c2C1
NOZIJMHMKORZBA-KJCUYJGMSA-N,49843517.0,lusutrombopag,CCCCCCO[C@@H](C)c1cccc(-c2csc(NC(=O)c3cc(Cl)c(\C=C(/C)C(O)=O)c(Cl)c3)n2)c1OC
KBPHJBAIARWVSC-RGZFRNHPSA-N,5281243.0,lutein,C\C(\C=C\C=C(/C)\C=C\[C@H]1C(C)=C[C@H](O)CC1(C)C)=C/C=C/C=C(\C)/C=C/C=C(\C)/C=C/C1=C(C)C[C@@H](O)CC1(C)C
IQPNAANSBPBGFQ-UHFFFAOYSA-N,5280445.0,luteolin,Oc1cc(O)c2c(c1)oc(cc2=O)-c1ccc(O)c(O)c1
WVVXBPKOIZGVNS-UHFFFAOYSA-N,122162.0,luzindole,CC(=O)NCCc1c(Cc2ccccc2)[nH]c2ccccc12
XNMUICFMGGQSMZ-WIOPSUGQSA-N,23633604.0,LX1031,COc1cccc(c1)-c1ccc(cc1)[C@@H](Oc1cc(nc(N)n1)-c1ccc(C[C@H](N)C(O)=O)cc1)C(F)(F)F
PWPNYABQEOGNNC-UHFFFAOYSA-N,56962369.0,LX7101,CN(C)C(=O)Oc1cccc(NC(=O)C2(CN)CCN(CC2)c2ncnc3[nH]cc(C)c23)c1
UEPXBTCUIIGYCY-UHFFFAOYSA-N,90456533.0,LXH254,Cc1ccc(NC(=O)c2ccnc(c2)C(F)(F)F)cc1-c1cc(OCCO)nc(c1)N1CCOCC1
KYWWJENKIMRJBI-UHFFFAOYSA-N,16734800.0,LXR-623,Fc1ccc(cc1)-c1n(Cc2ccc(F)cc2Cl)nc2c(cccc12)C(F)(F)F
XXJXHXJWQSCNPX-UHFFFAOYSA-N,118873253.0,LXS196,CC1(N)CCN(CC1)c1cccnc1NC(=O)c1nc(cnc1N)-c1ncccc1C(F)(F)F
HRJWTAWVFDCTGO-UHFFFAOYSA-N,10029385.0,LY2090314,Fc1cc2CN(CCn3cc(C4=C(C(=O)NC4=O)c4cnc5ccccn45)c(c1)c23)C(=O)N1CCCCC1
IHLVSLOZUHKNMQ-UHFFFAOYSA-N,11655119.0,LY2109761,C(CN1CCOCC1)Oc1ccc2c(ccnc2c1)-c1c2CCCn2nc1-c1ccccn1
AVDUGNCTZRCAHH-MDASVERJSA-N,9834591.0,LY2140023,N[C@]1(CS(=O)(=O)[C@H]2[C@@H]([C@@H]12)C(O)=O)C(O)=O
ZXFRFPSZAKNPQQ-YTWAJWBKSA-N,127894.0,LY215490,OC(=O)[C@@H]1C[C@H]2C[C@@H](CCc3nn[nH]n3)CC[C@H]2CN1
IVRXNBXKWIJUQB-UHFFFAOYSA-N,10090485.0,LY2157299,Cc1cccc(n1)-c1nn2CCCc2c1-c1ccnc2ccc(cc12)C(N)=O
GZNIYOXWFCDBBJ-UHFFFAOYSA-N,11507802.0,LY2183240,CN(C)C(=O)n1nnnc1Cc1ccc(cc1)-c1ccccc1
XPPBBJCBDOEXDN-UHFFFAOYSA-N,11539025.0,LY2228820,CC(C)(C)Cn1c(N)nc2ccc(nc12)-c1nc([nH]c1-c1ccc(F)cc1)C(C)(C)C
SYZSSLLFRVDRHL-QPJJXVBHSA-N,6444688.0,LY223982,COc1ccc(\C=C\CCCCOc2ccc(cc2CCC(O)=O)C(=O)c2cccc(c2)C(O)=O)cc1
KUECXUACQOYKNB-UHFFFAOYSA-N,4355450.0,LY225910,CC(C)Oc1cccc(c1)-n1c(CCc2c[nH]c3ccc(Br)cc23)nc2ccccc2c1=O
WQNYIWJBDGLKEB-UHFFFAOYSA-N,3968.0,LY231617,CCNCc1cc(c(O)c(c1)C(C)(C)C)C(C)(C)C
MEOYFIHNRBNEPI-UXIGCNINSA-N,11646777.0,LY2334737,CCCC(CCC)C(=O)Nc1ccn([C@@H]2O[C@H](CO)[C@@H](O)C2(F)F)c(=O)n1
FKPLJWGRBCQLTL-UHFFFAOYSA-N,11552757.0,LY2365109,CN(CCOc1ccc(cc1C(C)(C)C)-c1ccc2OCOc2c1)CC(O)=O
IHIWYQYVBNODSV-KRWDZBQOSA-N,24963749.0,LY2452473,CC(C)OC(=O)N[C@@H]1Cc2c(C1)c1cc(ccc1n2Cc1ccccn1)C#N
IJHWVENTEFSNBC-FHYZPQNHSA-N,,LY2510924,[H][C@]1(CCCN=C(N)N)NC(=O)[C@H](CCCCNC(C)C)NC(=O)[C@@H](Cc2ccc(O)cc2)NC(=O)[C@H](Cc2ccccc2)NC(=O)CC[C@@H](NC(=O)CNC(=O)[C@H](Cc2ccc3ccccc3c2)NC1=O)C(=O)N[C@@H](CCCCNC(C)C)C(N)=O
WCGXJPFHTHQNJL-UHFFFAOYSA-N,122023.0,LY255283,CCc1cc(C(C)=O)c(O)cc1OCCCCCC(C)(C)c1nn[nH]n1
FYXRSVDHGLUMHB-UHFFFAOYSA-N,25118925.0,LY2584702,Cn1cc(nc1C1CCN(CC1)c1ncnc2n[nH]cc12)-c1ccc(F)c(c1)C(F)(F)F
SQSZANZGUXWJEA-UHFFFAOYSA-N,46213929.0,LY2784544,Cc1cc(Nc2cc(CN3CCOCC3)c3nc(C)c(Cc4ccc(Cl)cc4F)n3n2)[nH]n1
SYYBDNPGDKKJDU-ZDUSSCGKSA-N,11955855.0,LY2603618,Cc1cnc(NC(=O)Nc2cc(Br)c(C)cc2OC[C@@H]2CNCCO2)cn1
DOTGPNHGTYJDEP-UHFFFAOYSA-N,46700756.0,LY2606368,COc1cccc(OCCCN)c1-c1cc(Nc2cnc(cn2)C#N)[nH]n1
QIIVJLHCZUTGSD-CUBQBAPOSA-N,46832368.0,LY2608204,O=C(Nc1ncc(SCCN2CCCC2)s1)[C@@]1(C[C@H]1C1CCCCC1)c1ccc(cc1)S(=O)(=O)C1CC1
NJLHHCITDFZZSE-QGZVFWFLSA-N,92845961.0,LY266097,COc1ccc(C[C@H]2NCCc3c2[nH]c2ccc(C)cc32)c(Cl)c1OC
LOOCZNLSXJHWTG-NRFANRHFSA-N,56851583.0,LY2795050,NC(=O)c1ccc(Oc2ccc(CN3CCC[C@H]3c3cccnc3)cc2)c(Cl)c1
QHADVLVFMKEIIP-UHFFFAOYSA-N,44603533.0,LY2801653,Cc1ccc(C(=O)Nc2ccc(Oc3cc4cnn(C)c4cc3-c3cn[nH]c3)c(F)c2)c(=O)n1-c1ccc(F)cc1
MJQMRGWYPNIERM-HNNXBMFYSA-N,44251605.0,LY2811376,C[C@]1(CCSC(N)=N1)c1cc(c(F)cc1F)-c1cncnc1
UCMNDPDJRSEZPL-UHFFFAOYSA-N,46833780.0,LY2828360,CN1CCN(CC1)c1nc(C)nc2n(C3CCOCC3)c(nc12)-c1ccccc1Cl
LHIUZPIDLZYPRL-MXVIHJGJSA-N,,LY2857785,CC(C)c1n(C)nc2ccc(cc12)-c1ccnc(N[C@H]2CC[C@@H](CC2)NC2CCOCC2)n1
GKJCVYLDJWTWQU-CXLRFSCWSA-N,46944259.0,LY2874455,C[C@@H](Oc1ccc2n[nH]c(\C=C\c3cnn(CCO)c3)c2c1)c1c(Cl)cncc1Cl
LMUQHXHWJWQXSD-PMACEKPBSA-N,2802894.0,LY288513,Brc1ccc(NC(=O)N2NC(=O)[C@H]([C@@H]2c2ccccc2)c2ccccc2)cc1
NIDRNVHMMDAAIK-YPMLDQLKSA-N,49837968.0,LY2886721,NC1=N[C@]2(COC[C@H]2CS1)c1cc(NC(=O)c2ccc(F)cn2)ccc1F
CZQHHVNHHHRRDU-UHFFFAOYSA-N,3973.0,LY294002,O=c1cc(oc2c(cccc12)-c1ccccc1)N1CCOCC1
BBGHHIUQOKQCBW-LDZWZCGGSA-N,53246986.0,LY2979165,C[C@H](N)C(=O)N[C@]1(C[C@@H](Sc2nnc[nH]2)[C@H]2[C@@H]([C@@H]12)C(O)=O)C(O)=O
NDEBZCZEAVMSQF-GOTSBHOMSA-N,67475270.0,LY3000328,CNC(=O)O[C@H]1COc2ccc(cc2[C@@H]1NC(=O)c1ccc(F)cc1)N1CCN(CC1)C1COC1
HHCBMISMPSAZBF-UHFFFAOYSA-N,71721540.0,LY3009120,CNc1ncc2cc(c(C)nc2n1)-c1cc(NC(=O)NCCC(C)(C)C)c(F)cc1C
ACCFLVVUVBJNGT-AWEZNQCLSA-N,57519748.0,LY3023414,CO[C@@H](C)Cn1c2c(cnc3ccc(cc23)-c2cncc(c2)C(C)(C)O)n(C)c1=O
NGAGMBNBKCDCDJ-UHFFFAOYSA-N,3971.0,LY303511,O=c1cc(oc2c(cccc12)-c1ccccc1)N1CCNCC1
KDXISMANFPJVJY-UHFFFAOYSA-N,4282258.0,LY310762,CC1(C)C(=O)N(CCN2CCC(CC2)C(=O)c2ccc(F)cc2)c2ccccc12
OPWQYOUZRHDKBR-UHFFFAOYSA-N,155922.0,LY311727,CCc1c(CC(N)=O)c2cc(OCCCP(O)(O)=O)ccc2n1Cc1ccccc1
PNPFMWIDAKQFPY-UHFFFAOYSA-N,121249291.0,LY3200882,CC(C)(O)c1cc(Nc2cc(Oc3cn(nc3C3CCOCC3)C3CC3)ccn2)ccn1
RYNSGDFWBJWWSZ-UHFFFAOYSA-N,5311257.0,LY320135,COc1ccc(cc1)-c1oc2cc(OC)ccc2c1C(=O)c1ccc(cc1)C#N
JNPRPMBJODOFEC-UHFFFAOYSA-N,121408882.0,LY3214996,Cn1nccc1Nc1nccc(n1)-c1cc2C(=O)N(CCN3CCOCC3)C(C)(C)c2s1
YQQZZYYQTCPEAS-OYLFLEFRSA-N,121333423.0,LY3295668,C[C@@H]1C[C@@](Cc2nc(Nc3cc(C)[nH]n3)ccc2F)(CCN1Cc1cccc(Cl)c1F)C(O)=O
MDMJLMDBRQXOOI-UHFFFAOYSA-N,5311258.0,LY334370,CN1CCC(CC1)c1c[nH]c2ccc(NC(=O)c3ccc(F)cc3)cc12
GKWHICIUSVVNGX-MRXNPFEDSA-N,5311097.0,LY344864,CN(C)[C@@H]1CCc2[nH]c3ccc(NC(=O)c4ccc(F)cc4)cc3c2C1
MJVAVZPDRWSRRC-UHFFFAOYSA-N,4055.0,menadione,CC1=CC(=O)c2ccccc2C1=O
IBCXZJCWDGCXQT-UHFFFAOYSA-N,447966.0,LY364947,c1[nH]nc(c1-c1ccnc2ccccc12)-c1ccccn1
QUSLYAPLTMMCFE-UHFFFAOYSA-N,10347428.0,LY393558,CC(C)N1Cc2cc(ccc2N(CCN2CCC(=CC2)c2c[nH]c3cc(F)ccc23)S1(=O)=O)S(C)(=O)=O
HOQAVGZLYRYHSO-HNNXBMFYSA-N,66857735.0,LY404187,CC(C)S(=O)(=O)NC[C@H](C)c1ccc(cc1)-c1ccc(cc1)C#N
ULSSJYNJIZWPSB-CVRXJBIPSA-N,10435235.0,LY411575,C[C@H](NC(=O)[C@@H](O)c1cc(F)cc(F)c1)C(=O)N[C@H]1c2ccccc2-c2ccccc2N(C)C1=O
ACOXQYLJOQAHST-ZDUSSCGKSA-N,9843690.0,LY450108,CC(C)S(=O)(=O)NC[C@H](C)c1ccc(NC(=O)c2cc(F)cc(F)c2)cc1
XPJOMFBGKIABQW-UHFFFAOYSA-N,9926999.0,LY456236,COc1ccc(Nc2ncnc3ccc(OC)cc23)cc1
OAIJSZIZWZSQBC-GYZMGTAESA-N,446925.0,lycopene,CC(C)=CCC\C(C)=C\C=C\C(\C)=C\C=C\C(\C)=C\C=C\C=C(/C)\C=C\C=C(/C)\C=C\C=C(/C)CCC=C(C)C
JVVXZOOGOGPDRZ-SLFFLAALSA-N,62034.0,lylamine,CC(C)c1ccc2c(CC[C@H]3[C@](C)(CN)CCC[C@]23C)c1
DZTKAWPWXGIREW-KKSKXDPKSA-N,,lymecycline,CN(C)[C@H]1[C@@H]2C[C@H]3[C@@H](C(=O)c4c(O)cccc4[C@@]3(C)O)C(=O)[C@]2(O)C(=O)[C@H](C(=O)NCNCCCC[C@H](N)C(O)=O)C1=O
RFKMCNOHBTXSMU-UHFFFAOYSA-N,4116.0,methoxyflurane,COC(F)(F)C(Cl)Cl
YNVGQYHLRCDXFQ-XGXHKTLJSA-N,5857.0,lynestrenol,C[C@]12CC[C@H]3[C@@H](CCC4=CCCC[C@H]34)[C@@H]1CC[C@@]2(O)C#C
BJFIDCADFRDPIO-KKSWSVFASA-N,133588927.0,lypressin,NCCCC[C@H](NC(=O)[C@@H]1CCCN1C(=O)[C@@H]1CSSC[C@H](N)C(=O)N[C@@H](Cc2ccc(O)cc2)C(=O)N[C@@H](Cc2ccccc2)C(=O)N[C@@H](CCC(N)=O)C(=O)N[C@@H](CC(N)=O)C(=O)N1)C(=O)NCC(N)=O
LMHJFKYQYDSOQO-UHFFFAOYSA-N,1825.0,M-14157,CCCCCC(O)CCCC(O)=O
WATNXVHKRRTUFK-UHFFFAOYSA-N,44250034.0,M-25,CCCC(CCC)C(=O)NCc1ccc2n(ncc2c1)-c1ccccc1OC
MXWDSZWTBOCWBK-UHFFFAOYSA-N,3994.0,M-344,CN(C)c1ccc(cc1)C(=O)NCCCCCCC(=O)NO
ZIIUUSVHCHPIQD-UHFFFAOYSA-N,761523.0,m-3M3FBS,Cc1cc(C)c(c(C)c1)S(=O)(=O)Nc1cccc(c1)C(F)(F)F
DIHXJZHAIHGSAW-UHFFFAOYSA-N,1354.0,m-chlorophenylbiguanide,NC(N)=NC(=N)Nc1cccc(Cl)c1
XAEPFBXVLMACNN-LWQDQPMZSA-N,,m-THP,Oc1cccc(c1)-c1c2ccc(n2)c(-c2cccc(O)c2)c2ccc([nH]2)c(-c2cccc(O)c2)c2ccc([nH]2)c(-c2cccc(O)c2)c2ccc1n2
UOGGWHBYFVBUIY-UHFFFAOYSA-N,11675630.0,M8-B,COc1cc(CN(CCN)C(=O)c2cccs2)ccc1OCc1ccccc1
JVGUNCHERKJFCM-GFCCVEGCSA-N,11391028.0,mabuprofen,CC(C)Cc1ccc(cc1)[C@@H](C)C(=O)NCCO
JSJCTEKTBOKRST-SNVBAGLBSA-N,11551355.0,mabuterol,CC(C)(C)NC[C@@H](O)c1cc(Cl)c(N)c(c1)C(F)(F)F
QDDILOVMGWUNGD-UONOGXRCSA-N,10404245.0,macelignan,COc1cc(C[C@H](C)[C@H](C)Cc2ccc3OCOc3c2)ccc1O
JGCMEBMXRHSZKX-UHFFFAOYSA-N,16004692.0,macitentan,CCCNS(=O)(=O)Nc1ncnc(OCCOc2ncc(Br)cn2)c1-c1ccc(Br)cc1
OZBDTKLWBSATSN-UHFFFAOYSA-N,71449713.0,macitentan-n-butyl-analogue,CCCCS(=O)(=O)Nc1ncnc(OCCOc2ncc(Br)cn2)c1-c1ccc(Br)cc1
BJDZBXGJNBMCAV-UHFFFAOYSA-N,57331386.0,macozinone,[O-][N+](=O)c1cc(cc2c1sc(nc2=O)N1CCN(CC2CCCCC2)CC1)C(F)(F)F
BNMGUJRJUUDLHW-HCZMHFOYSA-N,24825675.0,madecassoside,[H][C@]12CC=C3[C@]4([H])[C@@H](C)[C@H](C)CC[C@@]4(CC[C@@]3(C)[C@]1(C)C[C@@H](O)[C@@]1([H])[C@](C)(CO)[C@@H](O)[C@H](O)C[C@]21C)C(=O)O[C@@H]1O[C@H](CO[C@@H]2O[C@H](CO)[C@@H](O[C@@H]3O[C@@H](C)[C@H](O)[C@@H](O)[C@H]3O)[C@H](O)[C@H]2O)[C@@H](O)[C@H](O)[C@H]1O
QQJIYKXTEMDJFM-UHFFFAOYSA-N,135444382.0,madrasin,COc1ccc2c(C)nc(Nc3nc(=O)c(C)c(C)[nH]3)nc2c1
TYMRLRRVMHJFTF-UHFFFAOYSA-N,3998.0,mafenide,NCc1ccc(cc1)S(N)(=O)=O
VVOAZFWZEDHOOU-UHFFFAOYSA-N,72300.0,magnolol,Oc1ccc(CC=C)cc1-c1cc(CC=C)ccc1O
JXSJBGJIGXNWCI-MRVPVSSYSA-N,12358970.0,malathion,CCOC(=O)C[C@@H](SP(=S)(OC)OC)C(=O)OCC
BJEPYKJPYRNKOW-REOHCLBHSA-N,222656.0,malic-acid,O[C@@H](CC(O)=O)C(O)=O
YPIQVCUJEKAZCP-UHFFFAOYSA-N,4006.0,malotilate,CC(C)OC(=O)C(C(=O)OC(C)C)=C1SC=CS1
JYTUSYBCFIZPBE-AMTLMPIISA-N,7314.0,maltobionic-acid,OC[C@@H](O)[C@@H](O[C@@H]1O[C@H](CO)[C@H](O)[C@H](O)[C@H]1O)[C@H](O)[C@@H](O)C(O)=O
IWYDHOAUDWTVEP-SSDOTTSWSA-N,11914.0,mandelic-acid,O[C@@H](C(O)=O)c1ccccc1
CXFKOLCMCRBYPL-UHFFFAOYSA-L,76967443.0,mangafodipir,Cc1nc(COP(O)(O)=O)cc2CN(CC(O)=O)CCN(CC(O)=O)Cc3cc(COP(O)(O)=O)nc(C)c3O[Mn]Oc12
ANEBWFXPVPTEET-JGCGQSQUSA-N,13632719.0,manidipine,COC(=O)C1=C(C)NC(C)=C([C@@H]1c1cccc(c1)[N+]([O-])=O)C(=O)OCCN1CCN(CC1)C(c1ccccc1)c1ccccc1
MYMWDZLPEPMSCN-GFCCVEGCSA-N,,manitimus,FC(F)(F)c1ccc(NC(=O)[C@H](C#N)C(=O)CCC#C)cc1
FBPFZTCFMRRESA-KVTDHHQDSA-N,6251.0,mannitol-D,OC[C@@H](O)[C@@H](O)[C@H](O)[C@H](O)CO
QSLMDECMDJKHMQ-GSXCWMCISA-N,,maprotiline,CNCCC[C@@]12CC[C@@H](c3ccccc13)c1ccccc21
GSNHKUDZZFZSJB-QYOOZWMWSA-N,,maraviroc,CC(C)c1nnc(C)n1[C@H]1C[C@@H]2CC[C@H](C1)N2CC[C@H](NC(=O)C1CCC(F)(F)CC1)c1ccccc1
BPFYOAJNDMUVBL-UHFFFAOYSA-N,60651.0,marbofloxacin,CN1CCN(CC1)c1c(F)cc2c3c1OCN(C)n3cc(C(O)=O)c2=O
KJFBVJALEQWJBS-XUXIUFHCSA-N,471161.0,maribavir,CC(C)Nc1nc2cc(Cl)c(Cl)cc2n1[C@H]1O[C@@H](CO)[C@H](O)[C@@H]1O
OCSMOTCMPXTDND-OUAUKWLOSA-N,119031.0,marimastat,CNC(=O)[C@@H](NC(=O)[C@H](CC(C)C)[C@H](O)C(=O)NO)C(C)(C)C
OMPCVMLFFSQFIX-CONSDPRKSA-N,204108.0,maropitant,COc1ccc(cc1CN[C@H]1C2CCN(CC2)[C@H]1C(c1ccccc1)c1ccccc1)C(C)(C)C
WJEOLQLKVOPQFV-UHFFFAOYSA-N,10074640.0,masitinib,CN1CCN(Cc2ccc(cc2)C(=O)Nc2ccc(C)c(Nc3nc(cs3)-c3cccnc3)c2)CC1
HCZKYJDFEPMADG-RYUDHWBXSA-N,688035.0,masoprocol,C[C@@H](Cc1ccc(O)c(O)c1)[C@@H](C)Cc1ccc(O)c(O)c1
ZSBXGIUJOOQZMP-JLNYLFASSA-N,91466.0,matrine,O=C1CCC[C@@H]2[C@H]3CCCN4CCC[C@@H](CN12)[C@@H]34
RLCLASQCAPXVLM-NSHDSACASA-N,117761397.0,mavacamten,CC(C)n1c(=O)cc(N[C@@H](C)c2ccccc2)[nH]c1=O
ORDHXXHTBUZRCN-NTEUORMPSA-N,17751090.0,mavatrep,CC(C)(O)c1ccccc1-c1ccc2nc(\C=C\c3ccc(cc3)C(F)(F)F)[nH]c2c1
ZFPZEYHRWGMJCV-ZHALLVOQSA-N,9926832.0,mavoglurant,COC(=O)N1CC[C@@H]2[C@H]1CCC[C@@]2(O)C#Cc1cccc(C)c1
DTXXSJZBSTYZKE-ZDQKKZTESA-N,6398761.0,maxacalcitol,C[C@H](OCCC(C)(C)O)[C@H]1CC[C@H]2\C(CCC[C@]12C)=C\C=C1\C[C@@H](O)C[C@H](O)C1=C
OPQNCARIZFLNLF-HSBZPDDFSA-N,131857169.0,maytansinol-isobutyrate,CO[C@@H]1\C=C\C=C(C)\Cc2cc(OC)c(Cl)c(c2)N(C)C(=O)C[C@H](OC(=O)C(C)C)[C@]2(C)O[C@H]2[C@H](C)[C@@H]2C[C@@]1(O)NC(=O)O2
NFTMKHWBOINJGM-UHFFFAOYSA-N,25025505.0,MBX-2982,CCc1cnc(nc1)N1CCC(CC1)c1nc(COc2ccc(cc2)-n2cnnn2)cs1
NGVDGCNFYWLIFO-UHFFFAOYSA-N,1051.0,MC-1,Cc1ncc(COP(O)(O)=O)c(C=O)c1O
QQDIFLSJMFDTCQ-FIFLTTCUSA-N,71311876.0,MC1568,Cn1c(\C=C\C(=O)NO)ccc1\C=C\C(=O)c1cccc(F)c1
HUUSXLKCTQDPGL-UHFFFAOYSA-N,9910393.0,MCC950,CC(C)(O)c1coc(c1)S(=O)(=O)NC(=O)Nc1c2CCCc2cc2CCCc12
YVKDUIAAPBKHMJ-MOPGFXCFSA-N,6336338.0,McN-5652-(+/-),CSc1ccc(cc1)[C@H]1CN2CCC[C@H]2c2ccccc12
CYYNMPPFEJPBJD-OAQYLSRUSA-N,24800108.0,MCOPPB,CC1(CCCCCCC1)N1CCC(CC1)n1c(nc2ccccc12)[C@@H]1CCCNC1
VHFVKMTVMIZMIK-UHFFFAOYSA-N,1355.0,mCPP,Clc1cccc(c1)N1CCNCC1
IXORZMNAPKEEDV-OBDJNFEBSA-N,6466.0,MD-920,C[C@@]12[C@H]3[C@H](C(O)=O)[C@@]45CC(=C)[C@@](O)(C4)CC[C@H]5[C@]3(OC1=O)C=C[C@@H]2O
NZJKEVWTYMOYOR-UHFFFAOYSA-N,3825829.0,mdivi-1,COc1cc(c(Cl)cc1Cl)-n1c(=S)[nH]c2ccccc2c1=O
AXNGJCOYCMDPQG-HXUWFJFHSA-N,76958673.0,MDL-11939,O[C@@H](C1CCN(CCc2ccccc2)CC1)c1ccccc1
DPGDRICHXKQXEN-UHFFFAOYSA-N,164013.0,MDL-27531,Cn1c(nnc1S(C)(=O)=O)-c1ccccc1
KNBSYZNKEAWABY-UHFFFAOYSA-N,446916.0,MDL-29951,OC(=O)CCc1c([nH]c2cc(Cl)cc(Cl)c12)C(O)=O
HCVRCHQFYYZPHT-KRWDZBQOSA-N,6604720.0,MDL-72832,O=C1CC2(CCCC2)CC(=O)N1CCCCNC[C@H]1COc2ccccc2O1
BVMYCHKQPGEOSI-HNNXBMFYSA-N,6604719.0,MDL-73005EF,O=C1CC2(CCCC2)CC(=O)N1CCNC[C@H]1COc2ccccc2O1
IQLZWWDXNXZGPK-UHFFFAOYSA-N,9083.0,MDMS,CS(=O)(=O)OCOS(C)(=O)=O
QIHBWVVVRYYYRO-ZDUSSCGKSA-N,135566764.0,ME-0328,C[C@H](NC(=O)CCc1nc(=O)c2ccccc2[nH]1)c1ccccc1
QIHBWVVVRYYYRO-CYBMUJFWSA-N,136229577.0,ME0328,C[C@@H](NC(=O)CCc1nc(=O)c2ccccc2[nH]1)c1ccccc1
OPXLLQIJSORQAM-UHFFFAOYSA-N,4030.0,mebendazole,COC(=O)Nc1nc2ccc(cc2[nH]1)C(=O)c1ccccc1
VYVKHNNGDFVQGA-IBGZPJMESA-N,6604311.0,mebeverine,CCN(CCCCOC(=O)c1ccc(OC)c(OC)c1)[C@@H](C)Cc1ccc(OC)cc1
FQQIIPAOSKSOJM-UHFFFAOYSA-N,22530.0,mebhydrolin,CN1CCc2c(C1)c1ccccc1n2Cc1ccccc1
XIUUSFJTJXFNGH-UHFFFAOYSA-N,122282.0,mebicar,CN1C2C(N(C)C1=O)N(C)C(=O)N2C
MHPZZZZLAQGTHT-UHFFFAOYSA-N,54158.0,mebrofenin,Cc1cc(C)c(NC(=O)CN(CC(O)=O)CC(O)=O)c(C)c1Br
IMYZQPCYWPFTAG-UHFFFAOYSA-N,46912050.0,mecamylamine,CNC1(C)C2CCC(C2)C1(C)C
YTBNTDMBGXAOCG-UHFFFAOYSA-N,616236.0,mecarbinate,CCOC(=O)c1c(C)n(C)c2ccc(O)cc12
DYLJVOXRWLXDIG-UHFFFAOYSA-N,119192.0,meclinertant,COc1cccc(OC)c1-c1cc(nn1-c1ccnc2cc(Cl)ccc12)C(=O)NC1(C2CC3CC(C2)CC1C3)C(O)=O
OCJYIGYOJCODJL-VWLOTQADSA-N,6604289.0,meclizine,Cc1cccc(CN2CCN(CC2)[C@@H](c2ccccc2)c2ccc(Cl)cc2)c1
MEFKOOXNVFALTA-IWVLMIASSA-N,,meclocycline-sulfosalicylate,CN(C)[C@H]1[C@@H]2[C@@H](O)[C@@H]3C(=C)c4c(Cl)ccc(O)c4C(=O)C3=C(O)[C@]2(O)C(O)=C(C(N)=O)C1=O
SBDNJUWAMKYJOX-UHFFFAOYSA-N,4037.0,meclofenamic-acid,Cc1ccc(Cl)c(Nc2ccccc2C(O)=O)c1Cl
XZTYGFHCIAKPGJ-UHFFFAOYSA-N,4039.0,meclofenoxate,CN(C)CCOC(=O)COc1ccc(Cl)cc1
MCYHPZGUONZRGO-VKHMYHEASA-N,29145.0,mecysteine,COC(=O)[C@@H](N)CS
CUHVIMMYOGQXCV-LLVKDONJSA-N,60612.0,medetomidine,C[C@@H](c1cnc[nH]1)c1cccc(C)c1C
HYSMCRNFENOHJH-UHFFFAOYSA-N,121871.0,medica-16,CC(C)(CCCCCCCCCCC(C)(C)CC(O)=O)CC(O)=O
OCCZJXAHSUCJSA-UHFFFAOYSA-N,5362132.0,medorinone,Cc1nccc2[nH]c(=O)ccc12
MBKDYNNUVRNNRF-UHFFFAOYSA-N,16124.0,medronic-acid,OP(O)(=O)CP(O)(O)=O
FRQMUZJSZHZSGN-HBNHAYAOSA-N,10631.0,medroxyprogesterone,C[C@H]1C[C@H]2[C@@H]3CC[C@](O)(C(C)=O)[C@@]3(C)CC[C@@H]2[C@@]2(C)CCC(=O)C=C12
PSGAAPLEWMOORI-PEINSRQWSA-N,6279.0,medroxyprogesterone-acetate,C[C@H]1C[C@H]2[C@@H]3CC[C@](OC(C)=O)(C(C)=O)[C@@]3(C)CC[C@@H]2[C@@]2(C)CCC(=O)C=C12
GZENKSODFLBBHQ-ILSZZQPISA-N,247839.0,medrysone,C[C@H]1C[C@H]2[C@@H]3CC[C@H](C(C)=O)[C@@]3(C)C[C@H](O)[C@@H]2[C@@]2(C)CCC(=O)C=C12
HYYBABOKPJLUIN-UHFFFAOYSA-N,4044.0,mefenamic-acid,Cc1cccc(Nc2ccccc2C(O)=O)c1C
HUNIPYLVUPMFCZ-UHFFFAOYSA-N,4045.0,mefexamide,CCN(CC)CCNC(=O)COc1ccc(OC)cc1
XEEQGYMUWCZPDN-DOMZBBRYSA-N,40692.0,mefloquine,O[C@H]([C@H]1CCCCN1)c1cc(nc2c(cccc12)C(F)(F)F)C(F)(F)F
VXIMPSPISRVBPZ-NWUMPJBXSA-N,19090.0,megestrol,CC(=O)[C@@]1(O)CC[C@H]2[C@@H]3C=C(C)C4=CC(=O)CC[C@]4(C)[C@H]3CC[C@]12C
RQZAXGRLVPAYTJ-GQFGMJRRSA-N,11683.0,megestrol-acetate,CC(=O)O[C@@]1(CC[C@H]2[C@@H]3C=C(C)C4=CC(=O)CC[C@]4(C)[C@H]3CC[C@]12C)C(C)=O
SWLAMJPTOQZTAE-UHFFFAOYSA-N,41214.0,meglitinide,COc1ccc(Cl)cc1C(=O)NCCc1ccc(cc1)C(O)=O
MBBZMMPHUWSWHV-BDVNFPICSA-N,8567.0,meglumine,CNC[C@H](O)[C@@H](O)[C@H](O)[C@H](O)CO
NPOAOTPXWNWTSH-UHFFFAOYSA-N,1662.0,meglutol,CC(O)(CC(O)=O)CC(O)=O
QNOCRUSVMMAKSC-CCEZHUSRSA-N,,meisoindigo,CN1C(=O)\C(=C2\C(=O)Nc3ccccc23)c2ccccc12
XQRVCODIGHFXKQ-UHFFFAOYSA-N,54483521.0,MEK1-2-inhibitor,Nc1ccc(SC(=N)C(C#N)c2ccccc2C(F)(F)F)cc1
JDKLPDJLXHXHNV-VEUPWBLKSA-N,134812787.0,melanotan-ii,CCCC[C@H](NC(C)=O)C(=O)N[C@H]1CC(=O)NCCCC[C@H](NC(=O)[C@H](Cc2c[nH]c3ccccc23)NC(=O)[C@H](CCCNC(N)=N)NC(=O)[C@@H](Cc2ccccc2)NC(=O)[C@H](Cc2cnc[nH]2)NC1=O)C(N)=O
DRLFMBDRBRZALE-UHFFFAOYSA-N,896.0,melatonin,COc1ccc2[nH]cc(CCNC(C)=O)c2c1
PVBQYTCFVWZSJK-UHFFFAOYSA-O,123869.0,meldonium,C[N+](C)(C)NCCC(O)=O
UDKABVSQKJNZBH-AKZSSJSASA-N,,melengestrol-acetate,CC(=O)O[C@]1(C(C)=O)C(=C)C[C@H]2[C@H]3C=C(C)C4=CC(=O)CC[C@]4(C)[C@@H]3CC[C@]12C
XBBDACCLCFWBSI-ZETCQYMHSA-N,23497.0,melevodopa,COC(=O)[C@@H](N)Cc1ccc(O)c(O)c1
ZRVUJXDFFKFLMG-UHFFFAOYSA-N,54677470.0,meloxicam,CN1C(C(=O)Nc2ncc(C)s2)=C(O)c2ccccc2S1(=O)=O
DKMFBWQBDIGMHM-UHFFFAOYSA-N,15387.0,melperone,CC1CCN(CCCC(=O)c2ccc(F)cc2)CC1
SGDBTWWWUNNDEQ-LBPRGKRZSA-N,6918992.0,melphalan,N[C@@H](Cc1ccc(cc1)N(CCCl)CCCl)C(O)=O
GSKQMLGAUOTSKT-LBPRGKRZSA-N,11234795.0,melphalan-n-oxide,N[C@@H](Cc1ccc(cc1)[N+]([O-])(CCCl)CCCl)C(O)=O
LIXBJWRFCNRAPA-LLVKDONJSA-N,92261245.0,meluadrine,CC(C)(C)NC[C@@H](O)c1ccc(O)cc1Cl
BUGYDGFZZOZRHP-CDECOKDKSA-N,,memantine,C[C@@]12C[C@H]3C[C@@](C)(C1)C[C@](N)(C3)C2
WIXFIQKTHUVFDI-LLVKDONJSA-N,1711949.0,menadione-bisulfite,C[C@]1(CC(=O)c2ccccc2C1=O)S(O)(=O)=O
DKHGMERMDICWDU-GHDNBGIDSA-N,5282367.0,menatetrenone,CC(C)=CCC\C(C)=C\CC\C(C)=C\CC\C(C)=C\CC1=C(C)C(=O)c2ccccc2C1=O
FHGJSJFIQNQBCK-UHFFFAOYSA-N,71818.0,menbutone,COc1ccc(C(=O)CCC(O)=O)c2ccccc12
GPKJTRJOBQGKQK-MRXNPFEDSA-N,446536.0,mepacrine,CCN(CC)CCC[C@@H](C)Nc1c2ccc(Cl)cc2nc2ccc(OC)cc12
QXLPXWSKPNOQLE-UHFFFAOYSA-N,6494.0,meparfylon,CCC(C)(O)C#C
CBHCDHNUZWWAPP-OAHLLOKOSA-N,7047378.0,mepazine,CN1CCC[C@@H](CN2c3ccccc3Sc3ccccc23)C1
GKNPSSNBBWDAGH-IBGZPJMESA-N,13981865.0,mepenzolate,C[N+]1(C)CCC[C@@H](C1)OC(=O)C(O)(c1ccccc1)c1ccccc1
JWDYCNIAQWPBHD-VIFPVBQESA-N,6931199.0,mephenesin,Cc1ccccc1OC[C@@H](O)CO
RXQCGGRTAILOIN-UHFFFAOYSA-N,3677.0,mephentermine,CNC(C)(C)Cc1ccccc1
GMHKMTDVRCWUDX-LBPRGKRZSA-N,107921.0,mephenytoin,CC[C@]1(NC(=O)N(C)C1=O)c1ccccc1
LQYJAVWWKTWWKN-UHFFFAOYSA-N,71668.0,mepiroxol,OCc1ccc[n+]([O-])c1
INWLQCZOYSRPNW-CYBMUJFWSA-N,6918904.0,mepivacaine,CN1CCCC[C@@H]1C(=O)Nc1c(C)cccc1C
PIDANAQULIKBQS-RNUIGHNZSA-N,5284587.0,meprednisone,C[C@H]1C[C@H]2[C@@H]3CCC4=CC(=O)C=C[C@]4(C)[C@H]3C(=O)C[C@]2(C)[C@@]1(O)C(=O)CO
VXJABHHJLXLNMP-UHFFFAOYSA-N,4065.0,meprylcaine,CCCNC(C)(C)COC(=O)c1ccccc1
JLICHNCFTLFZJN-OAHLLOKOSA-N,25271754.0,meptazinol,CC[C@]1(CCCCN(C)C1)c1cccc(O)c1
YECBIJXISLIIDS-UHFFFAOYSA-N,4992.0,mepyramine,COc1ccc(CN(CCN(C)C)c2ccccn2)cc1
NWVVVBRKAWDGAB-UHFFFAOYSA-N,9015.0,mequinol,COc1ccc(O)cc1
GFYRZTLCYQQVHZ-UHFFFAOYSA-N,3000671.0,merbarone,Oc1[nH]c(=S)[nH]c(=O)c1C(=O)Nc1ccccc1
OHCFGBLQZMYRTR-UHFFFAOYSA-M,,merbromin,O[Hg]c1c(O)c(Br)cc2c(-c3ccccc3C(O)=O)c3cc(Br)c(=O)cc3oc12
GLVAUDGFNGKCSF-UHFFFAOYSA-N,667490.0,mercaptopurine,S=c1nc[nH]c2nc[nH]c12
NJRXVEJTAYWCQJ-UWTATZPHSA-N,638130.0,mercaptosuccinic-acid,OC(=O)C[C@@H](S)C(O)=O
MLESJYFEMSJZLZ-MAAOGQSESA-N,16122663.0,mericitabine,CC(C)C(=O)OC[C@H]1O[C@@H](n2ccc(N)nc2=O)[C@](C)(F)[C@@H]1OC(=O)C(C)C
JBPUGFODGPKTDW-SFHVURJKSA-N,153241.0,merimepodib,COc1cc(NC(=O)Nc2cccc(CNC(=O)O[C@H]3CCOC3)c2)ccc1-c1cnco1
DMJNNHOOLUXYBV-PQTSNVLCSA-N,441130.0,meropenem,C[C@@H](O)[C@@H]1[C@H]2[C@@H](C)C(S[C@@H]3CN[C@@H](C3)C(=O)N(C)C)=C(N2C1=O)C(O)=O
ANZJBCHSOXCCRQ-UTOUECMYSA-N,131847656.0,mertansine,[H][C@@]12C[C@@](O)(NC(=O)O1)[C@]([H])(OC)\C=C\C=C(C)\Cc1cc(OC)c(Cl)c(c1)N(C)C(=O)C[C@]([H])(OC(=O)[C@H](C)N(C)C(=O)CCS)[C@]1(C)O[C@H]1[C@@H]2C
KBOPZPXVLCULAV-UHFFFAOYSA-N,4075.0,mesalazine,Nc1ccc(O)c(c1)C(O)=O
ZNEWHQLOPFWXOF-UHFFFAOYSA-N,598.0,mesna,OS(=O)(=O)CCS
SLVMESMUVMCQIY-AKJBCIBTSA-N,57146948.0,mesoridazine,CN1CCCC[C@@H]1CCN1c2ccccc2Sc2ccc(cc12)[S@@](C)=O
RVOLLAQWKVFTGE-UHFFFAOYSA-N,4991.0,mestinon,CN(C)C(=O)Oc1ccc[n+](C)c1
IMSSROKUHAOUJS-MJCUULBUSA-N,6291.0,mestranol,COc1ccc2[C@H]3CC[C@@]4(C)[C@@H](CC[C@@]4(O)C#C)[C@@H]3CCc2c1
JLVHTNZNKOSCNB-YSVLISHTSA-N,68848.0,mesulergine,CN(C)S(=O)(=O)N[C@H]1C[C@H]2[C@@H](Cc3cn(C)c4cccc2c34)N(C)C1
OTGAHJPFNKQGAE-UHFFFAOYSA-N,67406.0,meta-cresyl-acetate,CC(=O)Oc1cccc(C)c1
QLNWXBAGRTUKKI-UHFFFAOYSA-N,12124.0,metacetamol,CC(=O)Nc1cccc(O)c1
RLSSMJSEOOYNOY-UHFFFAOYSA-N,342.0,metacresol,Cc1cccc(O)c1
ZNOVTXRBGFNYRX-STQMWFEESA-N,135398561.0,metafolin,CN1[C@@H](CNc2ccc(cc2)C(=O)N[C@@H](CCC(O)=O)C(O)=O)CNc2[nH]c(N)nc(=O)c12
LVWZTYCIRDMTEY-UHFFFAOYSA-N,3111.0,metamizole,CN(CS(O)(=O)=O)c1c(C)n(C)n(-c2ccccc2)c1=O
FGSGBQAQSPSRJK-UHFFFAOYSA-N,114745.0,metaphit,S=C=Nc1cccc(c1)C1(CCCCC1)N1CCCCC1
LMOINURANNBYCM-LLVKDONJSA-N,25271693.0,metaproterenol,CC(C)NC[C@@H](O)c1cc(O)cc(O)c1
WXFIGDLSSYIKKV-RCOVLWMOSA-N,5906.0,metaraminol,C[C@H](N)[C@H](O)c1cccc(O)c1
PDYXPCKITKHFOZ-UHFFFAOYSA-N,44155856.0,metatinib,Nc1nccc(Oc2ccc(NC(=O)c3c[nH]cc(-c4ccc(F)cc4)c3=O)cc2F)c1Cl
IMWZZHHPURKASS-LLVKDONJSA-N,25271694.0,metaxalone,Cc1cc(C)cc(OC[C@H]2CNC(=O)O2)c1
YEOTYALSMRNXLJ-NSHDSACASA-N,51057264.0,metazosin,CO[C@@H](C)C(=O)N1CCN(CC1)c1nc(N)c2cc(OC)c(OC)cc2n1
YFGBQHOOROIVKG-BHDDXSALSA-N,73265283.0,metenkephalin,CSCC[C@@H](NC(=O)[C@@H](Cc1ccccc1)NC(=O)CNC(=O)CNC(=O)[C@@H](N)Cc1ccc(O)cc1)C(O)=O
WZHJKEUHNJHDLS-QTGUNEKASA-N,28693.0,metergoline,CN1C[C@H](CNC(=O)OCc2ccccc2)C[C@H]2[C@H]1Cc1cn(C)c3cccc2c13
XZWYZXLIPXDOLR-UHFFFAOYSA-N,4091.0,metformin,CN(C)C(=N)N=C(N)N
NZWOPGCLSHLLPA-ZETCQYMHSA-N,6603706.0,methacholine,C[C@@H](C[N+](C)(C)C)OC(C)=O
QNJKSUYWBCNWFI-IKHBEOKZSA-N,,methacycline,[H][C@]12[C@H](O)[C@@]3([H])[C@H](N(C)C)C(=O)[C@H](C(N)=O)C(=O)[C@@]3(O)C(=O)[C@H]1C(=O)c1c(O)cccc1C2=C
KNWQLFOXPQZGPX-UHFFFAOYSA-N,11207.0,methanesulfonyl-fluoride,CS(F)(=O)=O
GZHFODJQISUKAY-UHFFFAOYSA-N,4097.0,methantheline,CC[N+](C)(CC)CCOC(=O)C1c2ccccc2Oc2ccccc12
HNJJXZKZRAWDPF-UHFFFAOYSA-N,4098.0,methapyrilene,CN(C)CCN(Cc1cccs1)c1ccccn1
FWJKNZONDWOGMI-UHFFFAOYSA-N,4099.0,metharbital,CCC1(CC)C(=O)NC(=O)N(C)C1=O
FLOSMHQXBMRNHR-UHFFFAOYSA-N,4100.0,methazolamide,CC(=O)N=c1sc(nn1C)S(N)(=O)=O
VKYKSIONXSXAKP-UHFFFAOYSA-N,4101.0,methenamine,C1N2CN3CN1CN(C2)C3
SXJIZQPZESTWLD-UHFFFAOYSA-N,6604471.0,methiazole,COC(=O)Nc1nc2ccc(SC(C)C)cc2[nH]1
RJQXTJLFIWVMTO-TYNCELHUSA-N,6087.0,methicillin,COc1cccc(OC)c1C(=O)N[C@H]1[C@H]2SC(C)(C)[C@@H](N2C1=O)C(O)=O
PMRYVIKBURPHAH-UHFFFAOYSA-N,1349907.0,methimazole,Cn1cc[nH]c1=S
FFEARJCKVFRZRR-SCSAIBSYSA-N,84815.0,methionine,CSCC[C@@H](N)C(O)=O
JHFOAISYWJRTIM-PSASIEDQSA-N,667560.0,methiopril,C[C@@H]1CCC[C@@H](N1C(=O)CCSC(C)=O)C(O)=O
GNXFOGHNGIVQEH-MRVPVSSYSA-N,688484.0,methocarbamol,COc1ccccc1OC[C@@H](O)COC(N)=O
NFGXHKASABOEEW-GYMWBFJFSA-N,1711973.0,methoprene-(s),COC(C)(C)CCC[C@H](C)C\C=C\C(\C)=C\C(=O)OC(C)C
FBOZXECLQNJBKD-ZDUSSCGKSA-N,126941.0,methotrexate,CN(Cc1cnc2nc(N)nc(N)c2n1)c1ccc(cc1)C(=O)N[C@@H](CCC(O)=O)C(O)=O
WJAJPNHVVFWKKL-UHFFFAOYSA-N,657286.0,methoxamine,COc1ccc(OC)c(c1)C(O)C(C)N
QXKHYNVANLEOEG-UHFFFAOYSA-N,4114.0,methoxsalen,COc1c2occc2cc2ccc(=O)oc12
GMPKIPWJBDOURN-UHFFFAOYSA-N,4113.0,methoxyamine,CON
OEHAYUOVELTAPG-VIFPVBQESA-N,6918906.0,methoxyphenamine,CN[C@@H](C)Cc1ccccc1OC
LZCOQTDXKCNBEE-IKIFYQGPSA-N,,methscopolamine,C[N+]1(C)[C@H]2C[C@@H](C[C@@H]1[C@H]1O[C@@H]21)OC(=O)[C@H](CO)c1ccccc1
AJXPJJZHWIXJCJ-GFCCVEGCSA-N,25271978.0,methsuximide,CN1C(=O)C[C@@](C)(C1=O)c1ccccc1
CESYKOGBSMNBPD-VIFPVBQESA-N,12309469.0,methyclothiazide,CN1[C@@H](CCl)Nc2cc(Cl)c(cc2S1(=O)=O)S(N)(=O)=O
LYPCGXKCQDYTFV-SSDOTTSWSA-N,14083218.0,methyl-5-hydroxytryptamine,C[C@@H](N)Cc1c[nH]c2ccc(O)cc12
YUUAYBAIHCDHHD-UHFFFAOYSA-N,157922.0,methyl-aminolevulinate,COC(=O)CCC(=O)CN
YNBADRVTZLEFNH-UHFFFAOYSA-N,7151.0,methyl-nicotinate,COC(=O)c1cccnc1
OSWPMRLSEDHDFF-UHFFFAOYSA-N,4133.0,methyl-salicylate,COC(=O)c1ccccc1O
PIPAJLPNWZMYQA-HZMVEIRTSA-N,,methylatropine-nitrate,C[N+]1(C)[C@H]2CC[C@@H]1C[C@@H](C2)OC(=O)[C@@H](CO)c1ccccc1
HDAMOICMOAXFLJ-UHFFFAOYSA-N,4134.0,methylbenactyzium-bromide,CC[N+](C)(CC)CCOC(=O)C(O)(c1ccccc1)c1ccccc1
UQOOPIMXBSPVJI-UHFFFAOYSA-N,4135.0,methylbenzethonium-chloride,Cc1cc(ccc1OCCOCC[N+](C)(C)Cc1ccccc1)C(C)(C)CC(C)(C)C
JEWJRMKHSMTXPP-WDJKBINPSA-M,,methylcobalamin,[H][C@]1(CO)O[C@]([H])(n2cnc3cc(C)c(C)cc23)[C@]([H])(O)[C@]1([H])OP(O)(=O)O[C@H](C)CNC(=O)CC[C@@]1(C)\C2=C(C)\C3=N\C(=C\C4=N\C(=C(C)/C5=N[C@@](C)([C@@]([H])(N2[Co+]C)[C@]1([H])CC(N)=O)[C@@](C)(CC(N)=O)[C@]5([H])CCC(N)=O)\[C@@](C)(CC(N)=O)[C@]4([H])CCC(N)=O)\C(C)(C)[C@]3([H])CCC(N)=O
CJCSPKMFHVPWAR-JTQLQIEISA-N,6919173.0,methyldopa,C[C@](N)(Cc1ccc(O)c(O)c1)C(O)=O
SVEBYYWCXTVYCR-LBPRGKRZSA-N,17277.0,methyldopate,CCOC(=O)[C@@](C)(N)Cc1ccc(O)c(O)c1
RBTBFTRPCNLSDE-UHFFFAOYSA-N,4139.0,methylene-blue,CN(C)c1ccc2nc3ccc(cc3sc2c1)=[N+](C)C
UNBRKDKAWYKMIV-QWQRMKEZSA-N,8226.0,methylergometrine,CC[C@@H](CO)NC(=O)[C@H]1CN(C)[C@@H]2Cc3c[nH]c4cccc(C2=C1)c34
XLTANAWLDBYGFU-VTLKBQQISA-N,5288811.0,methyllycaconitine,CCN1C[C@]2(COC(=O)c3ccccc3N3C(=O)C[C@H](C)C3=O)CC[C@H](OC)[C@@]34[C@@H]5C[C@H]6[C@H](OC)[C@@H]5[C@](O)(C[C@@H]6OC)[C@@](O)([C@@H](OC)[C@H]23)[C@@H]14
JVLBPIPGETUEET-WIXLDOGYSA-O,16089915.0,methylnaltrexone,[H][C@]12Oc3c4c(C[C@]5([H])[C@](O)(CCC1=O)[C@]24CC[N@+]5(C)CC1CC1)ccc3O
LXCFILQKKLGQFO-UHFFFAOYSA-N,7456.0,methylparaben,COC(=O)c1ccc(O)cc1
VHRSUDSXCMQTMA-PJHHCJLFSA-N,6741.0,methylprednisolone,C[C@H]1C[C@H]2[C@@H]3CC[C@](O)(C(=O)CO)[C@@]3(C)C[C@H](O)[C@@H]2[C@@]2(C)C=CC(=O)C=C12
DALKLAYLIPSCQL-YPYQNWSCSA-N,63019.0,methylprednisolone-aceponate,CCC(=O)O[C@@]1(CC[C@H]2[C@@H]3C[C@H](C)C4=CC(=O)C=C[C@]4(C)[C@H]3[C@@H](O)C[C@]12C)C(=O)COC(C)=O
IMBXEJJVJRTNOW-XYMSELFBSA-N,16923.0,methylprednisolone-sodium-succinate,[H][C@@]12CC[C@](O)(C(=O)COC(=O)CCC(O)=O)[C@@]1(C)C[C@H](O)[C@@]1([H])[C@@]2([H])C[C@H](C)C2=CC(=O)C=C[C@]12C
HWGBHCRJGXAGEU-UHFFFAOYSA-N,667493.0,methylthiouracil,Cc1cc(=O)[nH]c(=S)[nH]1
KPJZHOPZRAFDTN-ZRGWGRIASA-N,9681.0,methysergide,CC[C@@H](CO)NC(=O)[C@H]1CN(C)[C@@H]2Cc3cn(C)c4cccc(C2=C1)c34
FNQQBFNIYODEMB-UHFFFAOYSA-N,4165.0,meticrane,Cc1cc2CCCS(=O)(=O)c2cc1S(N)(=O)=O
BQIPXWYNLPYNHW-OAHLLOKOSA-N,57185490.0,metipranolol,CC(C)NC[C@@H](O)COc1cc(C)c(OC(C)=O)c(C)c1C
NHTGHBARYWONDQ-JTQLQIEISA-N,6918925.0,metirosine,C[C@](N)(Cc1ccc(O)cc1)C(O)=O
RLJFTICUTYVZDG-GOSISDBHSA-N,969502.0,metitepine,CSc1ccc2Sc3ccccc3C[C@@H](N3CCN(C)CC3)c2c1
MJFJKKXQDNNUJF-HNNXBMFYSA-N,6604302.0,metixene,CN1CCC[C@@H](CC2c3ccccc3Sc3ccccc23)C1
TTWJBBZEZQICBI-UHFFFAOYSA-N,4168.0,metoclopramide,CCN(CC)CCNC(=O)c1cc(Cl)c(N)cc1OC
JFXBEKISTKFVAB-AJQTZOPKSA-N,21233.0,metocurine,COc1ccc2C[C@@H]3c4c(CC[N+]3(C)C)cc(OC)c(OC)c4Oc3ccc(C[C@H]4c5cc(Oc1c2)c(OC)cc5CC[N+]4(C)C)cc3
AQCHWTWZEMGIFD-JTQLQIEISA-N,28125490.0,metolazone,C[C@H]1Nc2cc(Cl)c(cc2C(=O)N1c1ccccc1C)S(N)(=O)=O
IUBSYMUCCVWXPE-AWEZNQCLSA-N,157716.0,metoprolol,COCCc1ccc(OC[C@@H](O)CNC(C)C)cc1
FVRWRGBTEHAPDI-HNNXBMFYSA-N,836891.0,metoxibutropate,COc1ccccc1OC(=O)[C@@H](C)c1ccc(CC(C)C)cc1
NFACJZMKEDPNKN-GSVOUGTGSA-N,6604183.0,metrifonate,COP(=O)(OC)[C@@H](O)C(Cl)(Cl)Cl
BAQCROVBDNBEEB-KSDLJXBFSA-N,49800036.0,metrizamide,CN(C(C)=O)c1c(I)c(NC(C)=O)c(I)c(C(=O)N[C@H]2[C@@H](O)O[C@H](CO)[C@@H](O)[C@@H]2O)c1I
GGGDNPWHMNJRFN-UHFFFAOYSA-N,2528.0,metrizoic-acid,CN(C(C)=O)c1c(I)c(NC(C)=O)c(I)c(C(O)=O)c1I
VAOCPAMSLUNLGC-UHFFFAOYSA-N,4173.0,metronidazole,Cc1ncc(n1CCO)[N+]([O-])=O
FJLBFSROUSIWMA-UHFFFAOYSA-N,4174.0,metyrapone,CC(C)(C(=O)c1cccnc1)c1cccnc1
AJLFOPYRIVGYMJ-INTXDZFKSA-N,64715.0,mevastatin,CC[C@H](C)C(=O)O[C@H]1CCC=C2C=C[C@H](C)[C@H](CC[C@@H]3C[C@@H](O)CC(=O)O3)[C@@H]12
MJVGBKJNTFCUJM-UHFFFAOYSA-N,71645.0,mexeneone,COc1ccc(C(=O)c2ccc(C)cc2)c(O)c1
VLPIATFUUWWMKC-SNVBAGLBSA-N,180621.0,mexiletine,C[C@@H](N)COc1c(C)cccc1C
YPBATNHYBCGSSN-ZJOBFFGXSA-N,71729966.0,mezlocillin,CC1(C)S[C@H]2[C@@H](NC(=O)[C@@H](NC(=O)N3CCN(C3=O)S(C)(=O)=O)c3ccccc3)C(=O)N2[C@@H]1C(O)=O
FURUXTVZLHCCNA-AWEZNQCLSA-N,114829.0,MF-101,Oc1ccc(cc1)[C@@H]1CC(=O)c2ccc(O)cc2O1
TZYWCYJVHRLUCT-VABKMULXSA-N,462382.0,MG-132,CC(C)C[C@H](NC(=O)[C@H](CC(C)C)NC(=O)[C@H](CC(C)C)NC(=O)OCc1ccccc1)C=O
YIMFXBPXUPTIEJ-OUKQBFOZSA-N,5824382.0,MG-624,CC[N+](CC)(CC)CCOc1ccc(\C=C\c2ccccc2)cc1
UFICVEHDQUKCEA-UHFFFAOYSA-N,24901704.0,MGCD-265,Cn1cnc(c1)-c1cc2nccc(Oc3ccc(NC(=S)NC(=O)Cc4ccccc4)cc3F)c2s1
PSTAJIONBVMKLA-UHFFFAOYSA-N,91758319.0,MI-14,CN(C)S(=O)(=O)c1cccc(c1)-c1c(C)nc2c(NCCNC(C)=O)cc(Cl)nn12
UEQUQVLFIPOEMF-UHFFFAOYSA-N,68551.0,mianserin,CN1CCN2C(C1)c1ccccc1Cc1ccccc21
ULRDYYKSPCRXAJ-KRWDZBQOSA-N,9889366.0,mibampator,CC(C)S(=O)(=O)NC[C@H](C)c1ccc(cc1)-c1ccc(CCNS(C)(=O)=O)cc1
HBNPJJILLOYFJU-VMPREFPWSA-N,60663.0,mibefradil,COCC(=O)O[C@]1(CCN(C)CCCc2nc3ccccc3[nH]2)CCc2cc(F)ccc2[C@@H]1C(C)C
PIEUQSKUWLMALL-YABMTYFHSA-N,477468.0,micafungin,CCCCCOc1ccc(cc1)-c1cc(no1)-c1ccc(cc1)C(=O)N[C@H]1C[C@@H](O)[C@@H](O)NC(=O)[C@@H]2[C@@H](O)[C@@H](C)CN2C(=O)[C@@H](NC(=O)[C@@H](NC(=O)[C@@H]2C[C@@H](O)CN2C(=O)[C@@H](NC1=O)[C@@H](C)O)[C@H](O)[C@@H](O)c1ccc(O)c(OS(O)(=O)=O)c1)[C@H](O)CC(N)=O
BYBLEWFAAKGYCD-SFHVURJKSA-N,1150344.0,miconazole,Clc1ccc(CO[C@@H](Cn2ccnc2)c2ccc(Cl)cc2Cl)c(Cl)c1
YXEWPGYLMHXLPS-UHFFFAOYSA-N,227681.0,MIRA-1,CCC(=O)OCN1C(=O)C=CC1=O
DNYGXMICFMACRA-XHEDQWPISA-N,3037206.0,micronomicin,CNC[C@@H]1CC[C@@H](N)[C@@H](O[C@@H]2[C@@H](N)C[C@@H](N)[C@H](O[C@H]3OC[C@](C)(O)[C@H](NC)[C@H]3O)[C@H]2O)O1
VZXMZMJSGLFKQI-ABVWVHJUSA-N,6435801.0,midafotel,OC(=O)[C@H]1CN(C\C=C\P(O)(O)=O)CCN1
DMUAPQTXSSNEDD-RVVOCHMRSA-N,,midecamycin,CCC(=O)O[C@H]1[C@H](C)O[C@H](C[C@@]1(C)O)O[C@@H]1[C@@H](C)O[C@@H](O[C@H]2[C@@H](CC=O)C[C@@H](C)[C@@H](O)\C=C\C=C\C[C@@H](C)OC(=O)C[C@@H](OC(=O)CC)[C@@H]2OC)[C@H](O)[C@H]1N(C)C
PTKSEFOSCHHMPD-JTQLQIEISA-N,13589226.0,midodrine,COc1ccc(OC)c(c1)[C@@H](O)CNC(=O)CN
BMGQWWVMWDBQGC-IIFHNQTCSA-N,9829523.0,midostaurin,CO[C@@H]1[C@@H](C[C@H]2O[C@]1(C)n1c3ccccc3c3c4CNC(=O)c4c4c5ccccc5n2c4c13)N(C)C(=O)c1ccccc1
GJJFMKBJSRMPLA-DZGCQCFKSA-N,6917779.0,milnacipran,CCN(CC)C(=O)[C@]1(C[C@H]1CN)c1ccccc1
VKHAHZOOUSRJNA-GCNJZUOMSA-N,55245.0,mifepristone,CC#C[C@]1(O)CC[C@H]2[C@@H]3CCC4=CC(=O)CCC4=C3[C@H](C[C@]12C)c1ccc(cc1)N(C)C
VQHUQHAPWMNBLP-LLVKDONJSA-N,76958126.0,mifobate,COP(=O)(OC)O[C@@H](c1ccc(Cl)cc1)P(=O)(OC)OC
IBAQFPQHRJAVAV-ULAWRXDQSA-N,441314.0,miglitol,OCCN1C[C@H](O)[C@@H](O)[C@H](O)[C@H]1CO
UQRORFVVSGFNRO-UTINFBMNSA-N,51634.0,miglustat,CCCCN1C[C@H](O)[C@@H](O)[C@H](O)[C@H]1CO
GJNNXIYZWIZFRH-UHFFFAOYSA-N,53569.0,milacemide,CCCCCNCC(N)=O
RYAYYVTWKAOAJF-QISPRATLSA-N,73297272.0,milademetan,CC1(C)CCC2(CC1)N[C@H]([C@H](c1ccnc(Cl)c1F)[C@]21C(=O)Nc2cc(Cl)ccc12)C(=O)N[C@@H]1CC[C@H](OC1)C(N)=O
PZRHRDRVRGEVNW-UHFFFAOYSA-N,4197.0,milrinone,Cc1[nH]c(=O)c(cc1-c1ccncc1)C#N
PQLXHQMOHUQAKB-UHFFFAOYSA-O,3600.0,miltefosine,CCCCCCCCCCCCCCCCOP(O)(=O)OCC[N+](C)(C)C
WZNJWVWKTVETCG-YFKPBYRVSA-N,6971294.0,mimosine,N[C@@H](Cn1ccc(=O)c(O)c1)C(O)=O
LDMWSLGGVTVJPG-UHFFFAOYSA-N,4199.0,minaprine,Cc1cc(nnc1NCCN1CCOCC1)-c1ccccc1
JBSOOFITVPOOSY-DOOKAGJSSA-N,11066464.0,minerval,CCCCCCCC\C=C/CCCCCC[C@@H](O)C(O)=O
ZZZRUAITSXLWBH-NOHUXHDNSA-N,129396801.0,minocycline,[H][C@@]12Cc3c(ccc(O)c3C(=O)[C@@H]1C(=O)[C@]1(O)C(=O)[C@H](C(N)=O)C(=O)[C@@H](N(C)C)[C@]1([H])C2)N(C)C
VMMKGHQPQIEGSQ-UHFFFAOYSA-N,130956.0,minodronic-acid,OC(Cc1cnc2ccccn12)(P(O)(O)=O)P(O)(O)=O
ZFMITUMMTDLWHR-UHFFFAOYSA-N,,minoxidil,Nc1cc(nc(N)[n+]1[O-])N1CCCCC1
GQNZGCARKRHPOH-XUDBFGHTSA-N,,miocamycin,CCC(=O)O[C@H]1[C@H](C)O[C@H](C[C@@]1(C)OC(C)=O)O[C@@H]1[C@@H](C)O[C@@H](O[C@H]2[C@@H](CC=O)C[C@@H](C)[C@@H](OC(C)=O)\C=C\C=C\C[C@@H](C)OC(=O)C[C@@H](OC(=O)CC)[C@@H]2OC)[C@H](O)[C@H]1N(C)C
PBAPPPCECJKMCM-IBGZPJMESA-N,9865528.0,mirabegron,Nc1nc(CC(=O)Nc2ccc(CCNC[C@H](O)c3ccccc3)cc2)cs1
HZLAWYIBLZNRFZ-VXGBXAGGSA-N,125516.0,miridesap,OC(=O)[C@H]1CCCN1C(=O)CCCCC(=O)N1CCC[C@@H]1C(O)=O
YBHQCJILTOVLHD-YVMONPNESA-N,137319711.0,mirin,NC1=NC(=O)\C(S1)=C\c1ccc(O)cc1
BGIHRZPJIYJKAZ-JPLLOCSESA-N,,miriplatin,[Pt++].N[C@H]1CCCC[C@@H]1N.CCCCCCCCCCCCCC(O)=O.CCCCCCCCCCCCCC(O)=O
MIJFNYMSCFYZNY-UHFFFAOYSA-N,135497803.0,mirodenafil,CCCOc1ccc(cc1-c1nc2c(CCC)cn(CC)c2c(=O)[nH]1)S(=O)(=O)N1CCN(CCO)CC1
FTBQORVNHOIASH-CKYFFXLPSA-N,59509752.0,mirogabalin-besylate,[H][C@@]12C[C@](CN)(CC(O)=O)[C@]1([H])C=C(CC)C2
RONZAEMNMFQXRA-INIZCTEOSA-N,3085219.0,mirtazapine,CN1CCN2[C@@H](C1)c1ccccc1Cc1cccnc21
OBBCSXFCDPPXOL-LURJTMIESA-N,73050801.0,misonidazole,COC[C@@H](O)Cn1ccnc1[N+]([O-])=O
OJLOPKGSLYJEMD-URPKTTJQSA-N,5282381.0,misoprostol,CCCCC(C)(O)C\C=C\[C@H]1[C@H](O)CC(=O)[C@@H]1CCCCCCC(=O)OC
XAYGBKHKBBXDAK-UHFFFAOYSA-N,59634741.0,mitapivat,O=C(N1CCN(CC2CC2)CC1)c1ccc(NS(=O)(=O)c2cccc3cccnc23)cc1
WPGGHFDDFPHPOB-BBWFWOEESA-N,121891.0,mitiglinide,OC(=O)[C@H](CC(=O)N1C[C@H]2CCCC[C@H]2C1)Cc1ccccc1
TZZNWMJZDWYJAZ-UHFFFAOYSA-N,55748.0,mitoflaxone,OC(=O)Cc1cccc2c1oc(cc2=O)-c1ccccc1
NWIBSHFKIJFRCO-WUDYKRTCSA-N,5746.0,mitomycin-C,CO[C@]12[C@H]3N[C@H]3CN1C1=C([C@H]2COC(N)=O)C(=O)C(N)=C(C)C1=O
OIIMUKXVVLRCAF-UHFFFAOYSA-N,11388332.0,mitoquinone,COC1=C(OC)C(=O)C(CCCCCCCCCC[P+](c2ccccc2)(c2ccccc2)c2ccccc2)=C(C)C1=O
JWBOIMRXGHLCPP-ZDUSSCGKSA-N,6603772.0,mitotane,ClC(Cl)[C@@H](c1ccc(Cl)cc1)c1ccccc1Cl
KKZJGLLVHKMTCM-UHFFFAOYSA-N,4212.0,mitoxantrone,OCCNCCNc1ccc(NCCNCCO)c2C(=O)c3c(O)ccc(O)c3C(=O)c12
ILVYCEVXHALBSC-GZICNWBJSA-N,22839211.0,mivacurium,COc1cc2CC[N@@+](C)(CCCOC(=O)CC\C=C\CCC(=O)OCCC[N@@+]3(C)CCc4cc(OC)c(OC)cc4[C@H]3Cc3cc(OC)c(OC)c(OC)c3)[C@H](Cc3cc(OC)c(OC)c(OC)c3)c2cc1OC
RDONXGFGWSSFMY-UHFFFAOYSA-N,71600087.0,mivebresib,CCS(=O)(=O)Nc1ccc(Oc2ccc(F)cc2F)c(c1)-c1cn(C)c(=O)c2[nH]ccc12
XOJFFEJRKAIVCH-UHFFFAOYSA-N,,mivobulin,CCOC(=O)Nc1cc2N=C(C)C(Nc2c(N)n1)c1ccccc1
IZJJFUQKKZFVLH-YBVMPXGUSA-N,,MIW-815,[H][C@]12CO[P@](S)(=O)O[C@@]3([H])[C@@H](O)[C@@H](O[C@]3([H])CO[P@](S)(=O)O[C@@]([H])([C@@H](O1)n1cnc3c(N)ncnc13)[C@]2([H])O)n1cnc2c(N)ncnc12
PVLJETXTTWAYEW-UHFFFAOYSA-N,65906.0,mizolastine,CN(C1CCN(CC1)c1nc2ccccc2n1Cc1ccc(F)cc1)c1nc(=O)cc[nH]1
OPMVDWXPLVKNQN-AAXBYFMASA-N,11949547.0,mizoribine,NC(=O)C1N=CN([C@@H]2O[C@H](CO)[C@@H](O)[C@H]2O)C1=O
PJEIKJFNEFJFLA-UHFFFAOYSA-N,59377482.0,MJ-15,Cc1c(nn(c1-c1ccc(Cl)cc1)-c1ccc(Cl)cc1Cl)C(=O)NCc1cccnc1
LTQYSJKGRPGMPO-UHFFFAOYSA-N,11159621.0,MK-0354,C1Cc2[nH]nc(-c3nn[nH]n3)c2C1
RMYZIRFUCOMQRH-XLOAEROZSA-N,,MK-0557,Fc1ccccc1-n1ccc(NC(=O)[C@H]2CC[C@]3(CC2)OC(=O)c2ccncc32)n1
IRZRJANZDIOOIF-GAJNKVMBSA-N,3011893.0,MK-0608,C[C@@]1(O)[C@H](O)[C@@H](CO)O[C@H]1n1ccc2c(N)ncnc12
XCGJIFAKUZNNOR-QCKZDCLWSA-N,,MK-0752,OC(=O)CC[C@H]1CC[C@@](CC1)(c1cc(F)ccc1F)S(=O)(=O)c1ccc(Cl)cc1
GBEUKTWTUSPHEE-JWJWXJQQSA-N,11950726.0,MK-0773,CN1[C@@H]2CC[C@H]3[C@@H]4CC[C@H](C(=O)NCc5nc6ncccc6[nH]5)[C@@]4(C)CC[C@@H]3[C@@]2(C)C=C(F)C1=O
MTMDXAIUENDNDL-RJSMDTJLSA-N,11180808.0,MK-0812,CO[C@@H]1COCC[C@@H]1N[C@@H]1CC[C@](C1)(C(C)C)C(=O)N1CCc2ncc(cc2C1)C(F)(F)F
DNTVJEMGHBIUMW-IBGZPJMESA-N,11570626.0,MK-0893,COc1ccc2cc(ccc2c1)-c1cc(nn1[C@@H](C)c1ccc(cc1)C(=O)NCCC(O)=O)-c1cc(Cl)cc(Cl)c1
CKTWQGHVNRYNCM-UHFFFAOYSA-N,44633765.0,MK-1064,COc1ccc(CNC(=O)c2cc(cnc2-c2ccccn2)-c2cncc(Cl)c2)nc1OC
BKWJAKQVGHWELA-UHFFFAOYSA-N,24856436.0,MK-1775,CN1CCN(CC1)c1ccc(Nc2ncc3c(n2)n(-c2cccc(n2)C(C)(C)O)n(CC=C)c3=O)cc1
CUTZNERBKDMLAP-QWWZWVQMSA-N,49763030.0,MK-1903,OC(=O)c1n[nH]c2[C@@H]3C[C@@H]3Cc12
JSRREMIKIHJGAA-JTQLQIEISA-N,54698642.0,MK-2048,CCN1C[C@H](C)n2c(c(O)c3c2c(nn(Cc2ccc(F)c(Cl)c2)c3=O)C(=O)NC)C1=O
ULDXWLCXEDXJGE-UHFFFAOYSA-N,24964624.0,MK-2206,NC1(CCC1)c1ccc(cc1)-c1nc2ccn3c(n[nH]c3=O)c2cc1-c1ccccc1
VTANGSDRFFLTSQ-UHFFFAOYSA-N,11247522.0,MK-2295,FC(F)(F)c1ccc(Nc2ncnc3cc(ccc23)-c2ncccc2C(F)(F)F)cc1
HOKKHZGPKSLGJE-GSVOUGTGSA-N,22880.0,NMDA,CN[C@H](CC(O)=O)C(O)=O
JGEBLDKNWBUGRZ-HXUWFJFHSA-N,44137946.0,MK-2461,CN(C[C@@H]1COCCO1)S(=O)(=O)Nc1ccc2ccc3ncc(cc3c(=O)c2c1)-c1cnn(C)c1
QJZQFVRFJCGDKF-UHFFFAOYSA-N,24952929.0,MK-2894,Cc1sc(C)c(C(=O)NC2(CC2)c2ccc(cc2)C(O)=O)c1Cc1ccc(cc1)C(F)(F)F
AZAANWYREOQRFB-SETSBSEESA-N,25019940.0,MK-3207,Fc1cc(F)cc(c1)[C@@H]1CNC2(CCCC2)C(=O)N1CC(=O)Nc1ccc2C[C@]3(Cc2c1)C(=O)Nc1ncccc31
VSOUDUXMPUHJEU-UHFFFAOYSA-N,46190695.0,MK-3697,COc1ccc(CNC(=O)c2cc(ncc2-c2nccs2)-c2cncc(C)c2)nc1OC
WDBNGXLHMZSUEI-UHFFFAOYSA-N,24964679.0,MK-4074,COc1cc(cc2n(cc(C)c12)C1CC1)C(=O)N1CCC2(CC1)CC(=O)c1cc(ccc1O2)-c1cncc(c1)C(O)=O
UJINBEQCDMOAHM-SFHVURJKSA-N,49871766.0,MK-5046,O[C@@](Cc1ncc(CC2(CC2)C(F)(F)F)[nH]1)(c1ccc(cc1)-n1cccn1)C(F)(F)F
LCVIRAZGMYMNNT-VVONHTQRSA-N,,MK-5108,OC(=O)[C@@]1(Cc2cccc(Nc3nccs3)n2)CC[C@@H](CC1)Oc1cccc(Cl)c1F
AXUZQJFHDNNPFG-JORPFSLRSA-N,14325224.0,MK-571,CN(C)C(=O)CCS[C@@H](SCCC(O)=O)c1cccc(\C=C\c2ccc3ccc(Cl)cc3n2)c1
NPFDWHQSDBWQLH-QZTJIDSGSA-N,25128145.0,MK-6096,C[C@@H]1CC[C@@H](COc2ccc(F)cn2)CN1C(=O)c1cc(C)ccc1-c1ncccn1
JTCAGRAKUAAYDY-OAHLLOKOSA-N,45268455.0,MK-7246,CN([C@@H]1CCc2c(CC(O)=O)c3ccccc3n2C1)S(=O)(=O)c1ccc(F)cc1
JUVQLZBJFOGEEO-GOTSBHOMSA-N,46207733.0,MK-7622,Cc1ccc(Cc2cc3c(ncn([C@H]4CCCC[C@@H]4O)c3=O)c3ccccc23)cn1
VMJFTOSOFDEKTM-UHFFFAOYSA-N,45142457.0,MK-8033,Cn1cc(cn1)-c1cnc2ccc3ccc(CS(=O)(=O)NCc4ccccn4)cc3c(=O)c2c1
UJEAABFSXKCSGI-UHFFFAOYSA-N,24988881.0,MK-8245,OC(=O)Cn1nnc(n1)-c1cc(no1)N1CCC(CC1)Oc1cc(F)ccc1Br
WXLPERVDMILVIF-UHFFFAOYSA-N,44230662.0,MK-8617,COc1ccc(cc1)C(NC(=O)c1cnc(nc1O)-c1cccnn1)c1ccc(OC)cc1
YCRFPWKUUNKNDN-UHFFFAOYSA-N,11676373.0,MK-8745,Fc1c(Cl)cccc1C(=O)N1CCN(Cc2cccc(Nc3nccs3)n2)CC1
QAOAOVKBIIKRNL-UHFFFAOYSA-N,3651377.0,MK-886,CC(C)c1ccc2n(Cc3ccc(Cl)cc3)c(CC(C)(C)C(O)=O)c(SC(C)(C)C)c2c1
IQIKXZMPPBEWAD-CQSZACIVSA-N,24765479.0,MK-8998,CC(C)c1ccc(CC(=O)N[C@H](C)c2ccc(OCC(F)(F)F)cn2)cc1
LIPNXDIBECKOMJ-UHFFFAOYSA-N,53475321.0,MK2-IN-1,Clc1ccc(cc1)-c1ccc(o1)C(=O)N(Cc1ccccn1)c1ccc(cc1)N1CCNCC1
QLYHOWIZHHZGPV-XUTLUUPISA-N,6912334.0,MKT-077,CCn1\c(=C/c2cccc[n+]2CC)s\c(=C2\Sc3ccccc3N2C)c1=O
RVFIAQAAZUEPPE-UHFFFAOYSA-N,5311299.0,ML10302,COc1cc(N)c(Cl)cc1C(=O)OCCN1CCCCC1
SRFABRWQVPCPRG-UHFFFAOYSA-N,1088438.0,ML130,Cc1ccc(cc1)S(=O)(=O)n1c(N)nc2ccccc12
GIFYKGIODMXYNT-UHFFFAOYSA-N,781301.0,ML133,COc1ccc(CNCc2cccc3ccccc23)cc1
QBNZBMVRFYREHK-JOCHJYFZSA-N,7454812.0,ML141,COc1ccc(cc1)[C@H]1CC(=NN1c1ccc(cc1)S(N)(=O)=O)c1ccccc1
DFOVLSMXPWPCFH-UHFFFAOYSA-N,1048267.0,ML161,CCCC(=O)Nc1cccc(NC(=O)c2ccccc2Br)c1
ROCFOIBAEVAOLQ-UHFFFAOYSA-N,44968231.0,ML167,Cc1ccc(CNc2ncnc3ccc(cc23)-c2ccc(CO)o2)o1
MFABFKUNLDYKGH-UHFFFAOYSA-N,45100448.0,ML179,FC(F)(F)c1cccc(c1)N1CCN(CC1)c1cc(=O)n(C2CCCCC2)c(=O)[nH]1
HTSLEZOTMYUPLU-UHFFFAOYSA-N,1261822.0,ML193,Cc1noc(NS(=O)(=O)c2ccc(NC(=O)c3cc(nc4c(C)cc(C)cc34)-c3ccccn3)cc2)c1C
USYRQXDHKXGTCK-UHFFFAOYSA-N,230710.0,ML204,Cc1cc(nc2ccccc12)N1CCCCC1
SIQGKPGBLYKQBB-RRFJBIMHSA-N,1219187.0,ML213,Cc1cc(C)c(NC(=O)[C@@H]2C[C@H]3CC[C@@H]2C3)c(C)c1
GSJIGYLGKSBYBC-OSYLJGHBSA-N,,ML218,CC(C)(C)CCN1C[C@H]2[C@H](CNC(=O)c3cc(Cl)cc(Cl)c3)[C@H]2C1
QNRODODTMXCRKU-UHFFFAOYSA-N,46742353.0,ML228,C(Nc1nc(nnc1-c1ccccc1)-c1ccccn1)c1ccc(cc1)-c1ccccc1
OXQNLLVUVDAEHC-OAQYLSRUSA-N,53347902.0,ML277,COc1ccc(cc1)-c1csc(NC(=O)[C@H]2CCCCN2S(=O)(=O)c2ccc(C)cc2)n1
HWOYIOLMBQSTQS-UHFFFAOYSA-N,53377448.0,ML281,CC(C)c1ccc(NC(=O)c2cccs2)c(c1)-c1nc2ccccc2[nH]c1=O
IEKSMUSSYJUQMY-UHFFFAOYSA-N,56642816.0,ML297,Cc1cc(NC(=O)Nc2ccc(F)c(F)c2)n(n1)-c1ccccc1
XAPVAKKLQGLNOY-UHFFFAOYSA-N,53393916.0,ML298,Fc1cccc(c1)N1CNC(=O)C11CCN(CCNC(=O)c2ccc(F)c(F)c2)CC1
SWEOAXMICIJCQC-UHFFFAOYSA-N,53245590.0,ML314,COc1ccccc1N1CCN(CC1)c1nc(nc2cc(OC)c(OC)cc12)C1CC1
VUIRVWPJNKZOSS-UHFFFAOYSA-N,60167849.0,ML323,CC(C)c1ccccc1-c1ncc(C)c(NCc2ccc(cc2)-n2ccnn2)n1
QDBVSOZTVKXUES-UHFFFAOYSA-N,44143209.0,ML324,CN(C)CCCNC(=O)c1ccc(cc1)-c1cc(O)c2ncccc2c1
VXPWQNBKEIVYIS-HNNXBMFYSA-N,10938334.0,ML3403,CSc1nc(c([nH]1)-c1ccc(F)cc1)-c1ccnc(N[C@@H](C)c2ccccc2)c1
FVRYPYDPKSZGNS-UHFFFAOYSA-N,44577753.0,ML347,COc1ccc(cc1)-c1cnc2c(cnn2c1)-c1cccc2ncccc12
OXKNHBBDOIMFFQ-UHFFFAOYSA-N,3238952.0,ML348,FC(F)(F)c1ccc(Cl)c(NC(=O)CN2CCN(CC2)C(=O)c2ccco2)c1
UTAJHKSGYJSZBR-UHFFFAOYSA-N,46785920.0,ML365,COc1ccccc1C(=O)Nc1cccc(NC(=O)c2cccc(C)c2)c1
GXEGTVQATHKFDH-OAQYLSRUSA-N,50992247.0,ML786,CC(C)(N)c1cc(cc(c1)C(F)(F)F)C(=O)N[C@@H]1CCc2ccc(Oc3ccnc4NC(=O)CCc34)cc2C1
OZSMSRIUUDGTEP-UHFFFAOYSA-N,4217.0,ML9,Clc1cccc2c(cccc12)S(=O)(=O)N1CCCNCC1
GYLDXIAOMVERTK-UHFFFAOYSA-N,45375953.0,MLN0128,CC(C)n1nc(-c2ccc3oc(N)nc3c2)c2c(N)ncnc12
BLGWHBSBBJNKJO-UHFFFAOYSA-N,70798655.0,MLN1117,Nc1nc2cc(ccc2o1)-c1ccc2ncc(C(=O)N3CCOCC3)n2c1
VWMJHAFYPMOMGF-ZCFIWIBFSA-N,25161177.0,MLN2480,C[C@@H](NC(=O)c1ncnc(N)c1Cl)c1ncc(s1)C(=O)Nc1cc(c(Cl)cn1)C(F)(F)F
HHFBDROWDBDFBR-UHFFFAOYSA-N,11712649.0,MLN8054,OC(=O)c1ccc(Nc2ncc3CN=C(c4cc(Cl)ccc4-c3n2)c2c(F)cccc2F)cc1
MBOMYENWWXQSNW-AWEZNQCLSA-N,56844015.0,MLN9708,CC(C)C[C@H](NC(=O)CNC(=O)c1cc(Cl)ccc1Cl)B1OC(=O)C(CC(O)=O)(CC(O)=O)O1
RZKSQRIPRKWVBU-MHZLTWQESA-N,54766613.0,MM-102,CCC(CC)(NC(=O)C(C)C)C(=O)N[C@@H](CCCNC(N)=N)C(=O)NC1(CCCC1)C(=O)NC(c1ccc(F)cc1)c1ccc(F)cc1
DPVGXUNWCVEIGT-UHFFFAOYSA-N,10389639.0,MM-11253,CC1(C)CCC(C)(C)c2cc(ccc12)C1(SCCS1)c1ccc2cc(ccc2c1)C(O)=O
ZXJHEANDHXHGMV-UHFFFAOYSA-N,102514675.0,MM-206,Oc1c(Sc2ccccc2)cc(NS(=O)(=O)c2c(F)c(F)c(F)c(F)c2F)c2ccccc12
MQHOGPLXAXSQAJ-UHFFFAOYSA-N,3994476.0,MM77,COc1ccccc1N1CCN(CCCCN2C(=O)CCC2=O)CC1
NBLBCGUCPBXKOV-UHFFFAOYSA-N,155806.0,MMPX,COCc1nc2n(CC(C)C)c(=O)n(C)c(=O)c2[nH]1
RTJQABCNNLMCJF-UHFFFAOYSA-N,53311393.0,MMV-390048,CS(=O)(=O)c1ccc(cc1)-c1cnc(N)c(c1)-c1ccc(nc1)C(F)(F)F
PYTOHIUBXSJKQH-UHFFFAOYSA-N,2802462.0,MN-64,CC(C)c1ccc(cc1)-c1cc(=O)c2ccccc2o1
NMBDIMPYACLUDE-UHFFFAOYSA-N,364622.0,MNITMT,Cn1cnnc1Sc1c(ncn1C)[N+]([O-])=O
HRNLUBSXIHFDHP-UHFFFAOYSA-N,9865515.0,mocetinostat,Nc1ccccc1NC(=O)c1ccc(CNc2nccc(n2)-c2cccnc2)cc1
YHXISWVBGDMDLQ-UHFFFAOYSA-N,4235.0,moclobemide,Clc1ccc(cc1)C(=O)NCCN1CCOCC1
BJHCGMHPEKLROM-UHFFFAOYSA-N,17860.0,modaline,Cc1nccnc1N1CCCCC1
UWWDHYUMIORJTA-HSQYWUDLSA-N,91270.0,moexipril,CCOC(=O)[C@H](CCc1ccccc1)N[C@@H](C)C(=O)N1Cc2cc(OC)c(OC)cc2C[C@H]1C(O)=O
VXLBSYHAEKDUSU-JXMROGBWSA-N,6437850.0,mofegiline,NC\C(CCc1ccc(F)cc1)=C\F
DJEIHHYCDCTAAH-UHFFFAOYSA-N,4237.0,mofezolac,COc1ccc(cc1)-c1noc(CC(O)=O)c1-c1ccc(OC)cc1
WSYVIAQNTFPTBI-OAHLLOKOSA-N,219046.0,moguisteine,CCOC(=O)CC(=O)N1CCS[C@@H]1COc1ccccc1OC
IJMBOKOTALXLKS-UHFFFAOYSA-N,59603622.0,molidustat,O=c1c(c[nH]n1-c1cc(ncn1)N1CCOCC1)-n1ccnn1
KLPWJLBORRMFGK-LBPRGKRZSA-N,6604347.0,molindone,CCc1c(C)[nH]c2CC[C@@H](CN3CCOCC3)C(=O)c12
XLFWDASMENKTKL-UHFFFAOYSA-O,4239.0,molsidomine,CCOC(=O)Nc1c[n+](no1)N1CCOCC1
QLIIKPVHVRXHRI-CXSFZGCWSA-N,441335.0,mometasone,C[C@@H]1C[C@H]2[C@@H]3CCC4=CC(=O)C=C[C@]4(C)[C@@]3(Cl)[C@@H](O)C[C@]2(C)[C@@]1(O)C(=O)CCl
WOFMFGQZHJDGCX-ZULDAHANSA-N,441336.0,mometasone-furoate,C[C@@H]1C[C@H]2[C@@H]3CCC4=CC(=O)C=C[C@]4(C)[C@@]3(Cl)[C@@H](O)C[C@]2(C)[C@@]1(OC(=O)c1ccco1)C(=O)CCl
LOBCDGHHHHGHFA-GFCCVEGCSA-N,794325.0,monastrol,CCOC(=O)C1=C(C)NC(=S)N[C@@H]1c1cccc(O)c1
GAOZTHIDHYLHMS-KEOBGNEYSA-N,441145.0,monensin,CC[C@]1(CC[C@@H](O1)[C@]1(C)CC[C@]2(C[C@H](O)[C@@H](C)[C@H](O2)[C@@H](C)[C@@H](OC)[C@H](C)C(O)=O)O1)[C@@H]1O[C@H](C[C@@H]1C)[C@H]1O[C@@](O)(CO)[C@H](C)C[C@@H]1C
WTERNLDOAPYGJD-SFHVURJKSA-N,44449087.0,monepantel,C[C@](COc1cc(ccc1C(F)(F)F)C#N)(NC(=O)c1ccc(SC(F)(F)F)cc1)C#N
VYQNWZOUAUKGHI-UHFFFAOYSA-N,7638.0,monobenzone,Oc1ccc(OCc2ccccc2)cc1
QVCMHGGNRFRMAD-XFGHUUIASA-N,9415.0,monocrotaline,C[C@H]1C(=O)O[C@@H]2CCN3CC=C(COC(=O)[C@](C)(O)[C@]1(C)O)[C@H]23
GHBFNMLVSPCDGN-JTQLQIEISA-N,3085369.0,monoctanoin,CCCCCCCC(=O)OC[C@@H](O)CO
NKHAVTQWNUWKEO-NSCUHMNNSA-N,5369209.0,monomethyl-fumarate,COC(=O)\C=C\C(O)=O
HWYHZTIRURJOHG-UHFFFAOYSA-N,10638.0,monosodium-alpha-luminol,Nc1cccc2c1c(=O)[nH][nH]c2=O
VBICKXHEKHSIBG-FQEVSTJZSA-N,15560610.0,monostearin,CCCCCCCCCCCCCCCCCC(=O)OC[C@@H](O)CO
UCHDWCPVSPXUMX-TZIWLTJVSA-N,5281040.0,montelukast,CC(C)(O)c1ccccc1CC[C@@H](SCC1(CC(O)=O)CC1)c1cccc(\C=C\c2ccc3ccc(Cl)cc3n2)c1
LFTFGCDECFPSQD-NSHDSACASA-N,3034006.0,moprolol,COc1ccccc1OC[C@@H](O)CNC(C)C
FUBVWMNBEHXPSU-UHFFFAOYSA-N,34633.0,moracizine,CCOC(=O)Nc1ccc2Sc3ccccc3N(C(=O)CCN3CCOCC3)c2c1
NVEPPWDVLBMNMB-SNAWJCMRSA-N,5353792.0,morantel,CN1CCCN=C1\C=C\c1sccc1C
YXOLAZRVSSWPPT-UHFFFAOYSA-N,5281670.0,morin,Oc1ccc(c(O)c1)-c1oc2cc(O)cc(O)c2c(=O)c1O
GAZGHCHCYRSPIV-JTQLQIEISA-N,102486242.0,morinidazole,Cc1ncc(n1C[C@@H](O)CN1CCOCC1)[N+]([O-])=O
LDXSPUSKBDTEKA-UHFFFAOYSA-N,72106.0,morniflumate,FC(F)(F)c1cccc(Nc2ncccc2C(=O)OCCN2CCOCC2)c1
KJHOZAZQWVKILO-UHFFFAOYSA-N,71655.0,moroxydine,NC(=N)\N=C(/N)N1CCOCC1
SQGRDKSRFFUBBU-GOSISDBHSA-N,129387808.0,morphothiadin,CCOC(=O)C1=C(CN2CCOCC2)NC(=N[C@@H]1c1ccc(F)cc1Br)c1nccs1
YPELFRMCRYSPKZ-INIZCTEOSA-N,9979608.0,mosapride,CCOc1cc(N)c(Cl)cc1C(=O)NC[C@H]1CN(Cc2ccc(F)cc2)CCO1
IQHAKYLSMONFMT-UHFFFAOYSA-N,,motapizone,CC1=C(NNC(=O)C1)c1cc(cs1)-n1ccnc1
RAHBGWKEPAQNFF-UHFFFAOYSA-N,11667893.0,motesanib,CC1(C)CNc2cc(NC(=O)c3cccnc3NCc3ccncc3)ccc12
QSPOQCXMGPDIHI-UHFFFAOYSA-N,16049404.0,motolimod,CCCN(CCC)C(=O)C1=Cc2ccc(cc2N=C(N)C1)-c1ccc(cc1)C(=O)N1CCCC1
JWCSIUVGFCSJCK-UOXRKKOCSA-N,157009.0,moxalactam,CO[C@]1(NC(=O)[C@@H](C(O)=O)c2ccc(O)cc2)[C@H]2OCC(CSc3nnnn3C)=C(N2C1=O)C(O)=O
MYCMTMIGRXJNSO-UHFFFAOYSA-N,70882.0,moxaverine,CCc1cc2cc(OC)c(OC)cc2c(Cc2ccccc2)n1
YZBLFMPOMVTDJY-LSGXYNIPSA-N,9832912.0,moxidectin,[H][C@@]12OC\C3=C/C=C/[C@H](C)C\C(C)=C\C[C@]4([H])C[C@@]([H])(C[C@]5(C\C(=N/OC)[C@H](C)[C@H](O5)C(\C)=C\C(C)C)O4)OC(=O)[C@]([H])(C=C(C)[C@H]1O)[C@@]23O
FABPRXSRWADJSP-MEDUHNTESA-N,40467042.0,moxifloxacin,COc1c(N2C[C@@H]3CCCN[C@@H]3C2)c(F)cc2c1n(cc(C(O)=O)c2=O)C1CC1
VRYMTAVOXVTQEF-UHFFFAOYSA-N,4260.0,moxisylyte,CC(C)c1cc(OC(C)=O)c(C)cc1OCCN(C)C
WPNJAUFVNXKLIM-UHFFFAOYSA-N,4810.0,moxonidine,COc1nc(C)nc(Cl)c1NC1=NCCN1
WRNXUQJJCIZICJ-DEOSSOPVSA-N,11441742.0,mozavaptan,CN(C)[C@H]1CCCN(C(=O)c2ccc(NC(=O)c3ccccc3C)cc2)c2ccccc12
NEWKHUASLBMWRE-UHFFFAOYSA-N,3025961.0,MPEP,Cc1cccc(n1)C#Cc1ccccc1
OVJBNYKNHXJGSA-UHFFFAOYSA-N,46909588.0,MPI-0479605,Cc1cc(ccc1Nc1nc(NC2CCCCC2)c2[nH]cnc2n1)N1CCOCC1
MDYKTGNHXNTATG-UHFFFAOYSA-N,57381882.0,Mps-BAY-2a,CC(C)CNc1nc(cn2c(cnc12)-c1ccc(cc1)C(=O)NC1CC1)-c1cccc2ncccc12
NMJMRSQTDLRCRQ-UHFFFAOYSA-N,25195352.0,Mps1-IN-1,COc1cc(ccc1Nc1cc(Nc2ccccc2S(=O)(=O)C(C)C)c2cc[nH]c2n1)N1CCC(O)CC1
NRJKIOCCERLIDG-GOSISDBHSA-N,71599640.0,Mps1-IN-5,COc1cc(ccc1Nc1nc2ccc(cn2n1)-c1ccc(NC(=O)[C@H](C)c2ccc(F)cc2)cc1)S(C)(=O)=O
AGKAAJMNNVUNDK-JOCHJYFZSA-N,92211530.0,MR-16728,O=C(NCCCN1CCCCCC1)[C@@H](C1CCCCC1)c1ccccc1
LQQIZTXSZOYPPS-UHFFFAOYSA-N,10443938.0,MR-948,OCCc1ccc(OCCn2ccnc2)cc1
QYSYOGCIDRANAR-UHFFFAOYSA-N,6918583.0,MRK-016,Cc1cc(no1)-c1nncc2c(c(OCc3ncnn3C)nn12)C(C)(C)C
GOIFCXRIFSYPFG-UHFFFAOYSA-N,22609888.0,MRK-409,Cn1ncnc1COc1nn2c(nnc2cc1C1CCC1)-c1c(F)cccc1F
WDZVWDXOIGQJIO-UJKQEGAGSA-N,,MRK-560,Fc1ccc(F)c(c1)[C@]1(CC[C@@H](CC1)NS(=O)(=O)C(F)(F)F)S(=O)(=O)c1ccc(Cl)cc1
TWWFAXQOKNBUCR-UHFFFAOYSA-N,393595.0,MRS-1220,Clc1ccc2nc(NC(=O)Cc3ccccc3)n3nc(nc3c2c1)-c1ccco1
QFLOJAMZLQXHFS-AREMUKBSSA-N,6604859.0,MRS-1334,CCOC(=O)C1=C(C)NC(=C([C@@H]1C#Cc1ccccc1)C(=O)OCc1ccc(cc1)[N+]([O-])=O)c1ccccc1
BITHABUTZRAUGT-IBGZPJMESA-N,92220886.0,MRS-1845,CCOC(=O)C1=C(C)N(CC#C)C(C)=C([C@@H]1c1cccc(c1)[N+]([O-])=O)C(=O)OC
QOHNRGHTJPFMSL-UHFFFAOYSA-N,16078986.0,MRS-2578,S=C=Nc1cccc(NC(=S)NCCCCNC(=S)Nc2cccc(c2)N=C=S)c1
ZYVKEIQGOGHCFB-UHFFFAOYSA-N,,MRS-3777,C1CCC(CC1)Nc1nc(Oc2ccccc2)nc2nc[nH]c12.C1CCC(CC1)Nc1nc(Oc2ccccc2)nc2nc[nH]c12
LBEJYFVJIPQSNX-SOAUALDESA-N,,MRX-2843,CN1CCN(Cc2ccc(cc2)-c2cn([C@H]3CC[C@H](O)CC3)c3nc(NCCC4CC4)ncc23)CC1
AEHLCVKEOAFFJC-MRVPVSSYSA-N,,MS-424,C[C@@H]1C=CNN1C(=O)c1cccnc1
IRNJSRAGRIZIHD-KRWDZBQOSA-N,36687794.0,MSDC-0160,CCc1ccc(nc1)C(=O)COc1ccc(C[C@@H]2SC(=O)NC2=O)cc1
JIJXYXYLGRAIGV-UHFFFAOYSA-N,90835967.0,MSDC-0602K,COc1cccc(c1)C(=O)COc1ccc(Cc2sc(O)nc2O)cc1
PXZXYRKDDXKDTK-UHFFFAOYSA-N,11687907.0,MSX-122,C(Nc1ncccn1)c1ccc(CNc2ncccn2)cc1
OZBFBAYESADVDX-JTQLQIEISA-N,10752093.0,MTPG,C[C@@](N)(C(O)=O)c1ccc(cc1)-c1nn[nH]n1
ZTFBIUXIQYRUNT-MDWZMJQESA-N,6444692.0,mubritinib,FC(F)(F)c1ccc(\C=C\c2nc(COc3ccc(CCCCn4ccnn4)cc3)co2)cc1
MINDHVHHQZYEEK-HBBNESRFSA-N,446596.0,mupirocin,C[C@H](O)[C@H](C)[C@@H]1O[C@H]1C[C@H]1CO[C@@H](C\C(C)=C\C(=O)OCCCCCCCCC(O)=O)[C@H](O)[C@@H]1O
ZJQHPWUVQPJPQT-UHFFFAOYSA-N,4266.0,muscimol,NCc1cc(=O)[nH]o1
QUHARGDBJJUOEB-UHFFFAOYSA-N,44208849.0,MUT056399,CCc1cc(O)c(Oc2ccc(cc2F)C(N)=O)cc1F
CEHQLKSLMFIHBF-UHFFFAOYSA-N,1348.0,MY-5445,Clc1cccc(Nc2nnc(-c3ccccc3)c3ccccc23)c1
RTGDFNSFWBGLEC-SYZQJQIISA-N,5281078.0,mycophenolate-mofetil,COc1c(C)c2COC(=O)c2c(O)c1C\C=C(/C)CCC(=O)OCCN1CCOCC1
HPNSFSBZBAHARI-RUDMXATFSA-N,446541.0,mycophenolic-acid,COc1c(C)c2COC(=O)c2c(O)c1C\C=C(/C)CCC(O)=O
IKMDFBPHZNJCSN-UHFFFAOYSA-N,5281672.0,myricetin,Oc1cc(O)c2c(c1)oc(-c1cc(O)c(O)c(O)c1)c(O)c2=O
DCYOADKBABEMIQ-OWMUPTOHSA-N,5281673.0,myricitrin,C[C@@H]1O[C@@H](Oc2c(oc3cc(O)cc(O)c3c2=O)-c2cc(O)c(O)c(O)c2)[C@H](O)[C@H](O)[C@H]1O
TVGLGJWCZSCAEM-UHFFFAOYSA-N,531641.0,myristyl-nicotinate,CCCCCCCCCCCCCCOC(=O)c1cccnc1
YYLKOELWSMRYHV-UHFFFAOYSA-N,3006985.0,N-(2-chlorophenyl)-2-({(2E)-2-[1-(2-pyridinyl)ethylidene]hydrazino}carbothioyl)hydrazinecarbothioamide,CC(=NNC(=S)NNC(=S)Nc1ccccc1Cl)c1ccccn1
GAMRBCZMOOMBSQ-CCEZHUSRSA-N,5353376.0,N-(p-amylcinnamoyl)-anthranilic-acid,CCCCCc1ccc(\C=C\C(=O)Nc2ccccc2C(O)=O)cc1
WCMWVYQHPUQKHW-UHFFFAOYSA-N,127898.0,N-[2-(piperidinylamino)ethyl]-4-iodobenzamide,Ic1ccc(cc1)C(=O)NCCN1CCCCC1
MBLBDJOUHNCFQT-LXGUWJNJSA-N,1738118.0,N-acetyl-D-glucosamine,CC(=O)N[C@@H](C=O)[C@@H](O)[C@H](O)[C@H](O)CO
CAHKINHBCWCHCF-JTQLQIEISA-N,68310.0,N-acetyl-tyrosine,CC(=O)N[C@@H](Cc1ccc(O)cc1)C(O)=O
BKAYIFDRRZZKNF-VIFPVBQESA-N,9903482.0,N-acetylcarnosine,CC(=O)NCCC(=O)N[C@@H](Cc1cnc[nH]1)C(O)=O
CQTYJLQESPLSOP-ZCFIWIBFSA-N,6604718.0,N-acetylglycyl-D-glutamic-acid,CC(=O)NCC(=O)N[C@H](CCC(O)=O)C(O)=O
OVRNDRQMDRJTHS-SHGPDSBTSA-N,11869379.0,N-acetylmannosamine,CC(=O)N[C@H]1[C@@H](O)O[C@@H](CO)[C@@H](O)[C@H]1O
NVUGEQAEQJTCIX-UHFFFAOYSA-N,70547.0,N-acetyltryptamine,CC(=O)NCCc1c[nH]c2ccccc12
PHSPJQZRQAJPPF-UHFFFAOYSA-N,912.0,N-alpha-methylhistamine-dihydrochloride,CNCCc1cnc[nH]1
PSPANKCQVWSVHM-OUDZLNJNSA-N,10006324.0,N-benzylnaltrindole,Oc1ccc2C[C@H]3N(CC4CC4)CC[C@@]45[C@@H](Oc1c24)c1c(C[C@@]35O)c2ccccc2n1Cc1ccccc1
DEQZTKGFXNUBJL-UHFFFAOYSA-N,7232.0,N-cyclohexyl-2-benzothiazolesulfenamide,C1CCC(CC1)NSc1nc2ccccc2s1
IYCHDNQCHLMLJZ-UHFFFAOYSA-N,71211.0,N-hydroxynicotinamide,ONC(=O)c1cccnc1
FMCGSUUBYTWNDP-ONGXEEELSA-N,64782.0,"N-methyl-(-)ephedrine-[1R,2S]",C[C@@H]([C@H](O)c1ccccc1)N(C)C
ATHHXGZTWNVVOU-UHFFFAOYSA-N,31254.0,N-methylformamide,CNC=O
HFRFLLYLVAKRMZ-UHFFFAOYSA-O,168868.0,N-methyllidocaine-iodide,CC[N+](C)(CC)CC(=O)Nc1c(C)cccc1C
SECXISVLQFMRJM-UHFFFAOYSA-N,13387.0,N-methylpyrrolidone,CN1CCCC1=O
HOMWNUXPSJQSSU-UHFFFAOYSA-N,5013.0,N-methylquipazine,CN1CCN(CC1)c1ccc2ccccc2n1
OVZWUDZIAAHNFG-HXUWFJFHSA-N,190901.0,N-MPPP,CN([C@H](CN1CCCC1)c1ccccc1)C(=O)Cc1ccccc1
MHKLKWCYGIBEQF-UHFFFAOYSA-N,7619.0,N-oxydiethylenebenzothiazole-2-sulfenamide,C1CN(CCO1)Sc1nc2ccccc2s1
LGCMKPRGGJRYGM-UHFFFAOYSA-N,4602.0,N-salicoylaminophenol,Oc1ccc(NC(=O)c2ccccc2O)cc1
BYGXICRJQZKUPA-UHFFFAOYSA-N,6603827.0,N20C,NC(=O)CNCCC(c1ccccc1)c1ccccc1
SQMWSBKSHWARHU-SDBHATRESA-N,657378.0,N6-cyclopentyladenosine,OC[C@H]1O[C@H]([C@H](O)[C@@H]1O)n1cnc2c(NC3CCCC3)ncnc12
VQAYFKKCNSOZKM-IOSLPCCCSA-N,102175.0,N6-methyladenosine,CNc1ncnc2n(cnc12)[C@@H]1O[C@H](CO)[C@@H](O)[C@H]1O
YVPGZQLRPAGKLA-UHFFFAOYSA-N,44623946.0,N6022,Cc1cc(ccc1-n1c(CCC(O)=O)ccc1-c1ccc(cc1)-n1ccnc1)C(N)=O
CZSLEMCYYGEGKP-UHFFFAOYSA-N,82017756.0,NAB-2,Cc1ccc(C)c(c1)-n1cnc2cc(ccc12)C(=O)NCc1ccccc1Cl
BLXXJMDCKKHMKV-UHFFFAOYSA-N,4409.0,nabumetone,COc1ccc2cc(CCC(C)=O)ccc2c1
BAWFJGJZGIEFAR-NNYOXOHSSA-O,5893.0,nadide,NC(=O)c1ccc[n+](c1)[C@@H]1O[C@H](COP(O)(=O)OP(O)(=O)OC[C@H]2O[C@H]([C@H](O)[C@@H]2O)n2cnc3c(N)ncnc23)[C@@H](O)[C@H]1O
JYJTVFIEFKZWCJ-JTQLQIEISA-N,9850038.0,nadifloxacin,C[C@H]1CCc2c(N3CCC(O)CC3)c(F)cc3c2n1cc(C(O)=O)c3=O
VWPOSFSPZNDTMJ-YUELXQCFSA-N,7048578.0,nadolol,CC(C)(C)NC[C@@H](O)COc1cccc2C[C@@H](O)[C@@H](O)Cc12
IDZASIQMRGPBCQ-QGZVFWFLSA-N,6604854.0,nafadotride,CCCCN1CCC[C@@H]1CNC(=O)c1cc(C#N)c2ccccc2c1OC
MQQNFDZXWVTQEH-UHFFFAOYSA-N,4413.0,nafamostat,NC(=N)Nc1ccc(cc1)C(=O)Oc1ccc2cc(ccc2c1)C(N)=N
GPXLMGHLHQJAGZ-JTDSTZFVSA-N,8982.0,nafcillin,CCOc1ccc2ccccc2c1C(=O)N[C@H]1[C@H]2SC(C)(C)[C@@H](N2C1=O)C(O)=O
KBAFPSLPKGSANY-FGZHOGPDSA-N,12898282.0,naftidrofuryl,CCN(CC)CCOC(=O)[C@@H](C[C@H]1CCCO1)Cc1cccc2ccccc12
OZGNYLLQHRPOBR-DHZHZOJOSA-N,47641.0,naftifine,CN(C\C=C\c1ccccc1)Cc1cccc2ccccc12
HRRBJVNMSRJFHQ-HXUWFJFHSA-N,6603939.0,naftopidil,COc1ccccc1N1CCN(C[C@@H](O)COc2cccc3ccccc23)CC1
NETZHAKZCGBWSS-CEDHKZHLSA-N,5311304.0,nalbuphine,O[C@H]1CC[C@@]2(O)[C@H]3Cc4ccc(O)c5O[C@@H]1[C@]2(CCN3CC1CCC1)c45
XGZZHZMWIXFATA-UEZBDDGYSA-N,6445230.0,nalfurafine,CN([C@@H]1CC[C@@]2(O)[C@H]3Cc4ccc(O)c5O[C@@H]1[C@]2(CCN3CC1CC1)c45)C(=O)\C=C\c1ccoc1
MHWLWQUZZRMNGJ-UHFFFAOYSA-N,4421.0,nalidixic-acid,CCn1cc(C(O)=O)c(=O)c2ccc(C)nc12
WJBLNOPPDWQMCH-MBPVOVBZSA-N,5284594.0,nalmefene,Oc1ccc2C[C@H]3N(CC4CC4)CC[C@@]45[C@@H](Oc1c24)C(=C)CC[C@@]35O
XNKCCCKFOQNXKV-ZRSCBOBOSA-N,56959087.0,naloxegol,COCCOCCOCCOCCOCCOCCOCCO[C@H]1CC[C@@]2(O)[C@H]3Cc4ccc(O)c5O[C@@H]1[C@]2(CCN3CC=C)c45
UZHSEJADLWPNLE-GRGSLBFTSA-N,5284596.0,naloxone,Oc1ccc2C[C@H]3N(CC=C)CC[C@@]45[C@@H](Oc1c24)C(=O)CC[C@@]35O
AKXCFAYOTIEFOH-XTNAHFASSA-N,9601084.0,naloxone-benzoylhydrazone,Oc1ccc2C[C@H]3N(CC=C)CC[C@@]45[C@@H](Oc1c24)\C(CC[C@@]35O)=N\NC(=O)c1ccccc1
DQCKKXVULJGBQN-XFWGSAIBSA-N,5360515.0,naltrexone,Oc1ccc2C[C@H]3N(CC4CC4)CC[C@@]45[C@@H](Oc1c24)C(=O)CC[C@@]35O
ZHVWWEYETMPAMX-IFKAHUTRSA-N,5486827.0,naltriben,Oc1ccc2C[C@H]3N(CC4CC4)CC[C@@]45[C@@H](Oc1c24)c1oc2ccccc2c1C[C@@]35O
WIYUZYBFCWCCQJ-IFKAHUTRSA-N,5497186.0,naltrindole,Oc1ccc2C[C@H]3N(CC4CC4)CC[C@@]45[C@@H](Oc1c24)c1[nH]c2ccccc2c1C[C@@]35O
QHHSCLARESIWBH-UHFFFAOYSA-N,92044379.0,Nampt-IN-1,CC(C)(O)CS(=O)(=O)Nc1ccc2CN(CCc2c1)C(=O)COc1cccnc1
SJDOMIRMMUGQQK-UHFFFAOYSA-N,4431.0,NAN-190,COc1ccccc1N1CCN(CCCCN2C(=O)c3ccccc3C2=O)CC1
FELYAZAWTURXNF-KWJIWYEDSA-N,86278938.0,nanchangmycin,CO[C@H]1CC[C@@H](O[C@H]2C[C@@H](O[C@]3(O[C@H](C[C@@H]3C)[C@H]3O[C@@](O)(CO)[C@H](C)C[C@@H]3C)[C@@H]2C)[C@]2(C)CC[C@]3(C[C@H](O)[C@@H](C)[C@H](O3)[C@@H](C)\C=C(/C)C(=O)[C@H](C)C[C@H](C)C(O)=O)O2)O[C@@H]1C
DPHUWDIXHNQOSY-UHFFFAOYSA-N,10331844.0,napabucasin,CC(=O)c1cc2c(o1)C(=O)c1ccccc1C2=O
WETRBJOSGIDJHQ-UHFFFAOYSA-N,55718.0,napamezole,C(C1=NCCN1)C1=Cc2ccccc2CC1
CNIIGCLFLJGOGP-UHFFFAOYSA-N,4436.0,naphazoline,C(C1=NCCN1)c1cccc2ccccc12
VEVMYTDOWUQLGI-UHFFFAOYSA-N,9851775.0,naphthoquine-phosphate,CC(C)(C)NCc1cc(Nc2ccnc3cc(Cl)ccc23)c2CCCCc2c1O
CNUPQURTHORUGH-UHFFFAOYSA-N,3047779.0,napirimus,Cn1cc(cc1C(O)=O)C(=O)c1cccc2ccccc12
CMWTZPSULFXXJA-VIFPVBQESA-N,156391.0,naproxen,COc1ccc2cc(ccc2c1)[C@H](C)C(O)=O
QKDCLUARMDUUKN-XMMPIXPASA-N,71667668.0,naquotinib,CCc1nc(C(N)=O)c(Nc2ccc(cc2)N2CCC(CC2)N2CCN(C)CC2)nc1O[C@@H]1CCN(C1)C(=O)C=C
VHKXXVVRRDYCIK-OQMITHEGSA-N,,narasin,CC[C@H]([C@@H]1O[C@@H]([C@@H](C)[C@H](O)[C@H](C)C(=O)[C@H](CC)[C@H]2O[C@@]3(O[C@@]4(CC[C@](C)(O4)[C@H]4CC[C@](O)(CC)[C@H](C)O4)[C@H](O)C=C3)[C@H](C)C[C@@H]2C)[C@@H](C)C[C@H]1C)C(O)=O
AMKVXSZCKVJAGH-UHFFFAOYSA-N,4440.0,naratriptan,CNS(=O)(=O)CCc1ccc2[nH]cc(C3CCN(C)CC3)c2c1
FTVWIRXFELQLPI-ZDUSSCGKSA-N,439246.0,naringenin,Oc1ccc(cc1)[C@@H]1CC(=O)c2c(O)cc(O)cc2O1
NGSWKAQJJWESNS-ZZXKWVIFSA-N,637542.0,naringeninic-acid,OC(=O)\C=C\c1ccc(O)cc1
DFPMSGMNTNDNHN-ZPHOTFPESA-N,442428.0,naringin,C[C@@H]1O[C@@H](O[C@@H]2[C@@H](O)[C@H](O)[C@@H](CO)O[C@H]2Oc2cc(O)c3C(=O)C[C@H](Oc3c2)c2ccc(O)cc2)[C@H](O)[C@H](O)[C@H]1O
OELFLUMRDSZNSF-BRWVUGGUSA-N,,nateglinide,CC(C)[C@H]1CC[C@@H](CC1)C(=O)N[C@H](Cc1ccccc1)C(O)=O
CWBZAESOUBENAP-QVNVHUMTSA-N,9894584.0,naringin-dihydrochalcone,C[C@@H]1O[C@@H](O[C@@H]2[C@@H](O)[C@H](O)[C@@H](CO)O[C@H]2Oc2cc(O)c(C(=O)CCc3ccc(O)cc3)c(O)c2)[C@H](O)[C@H](O)[C@H]1O
RICZEKWVNZFTNZ-LFGITCQGSA-N,11857239.0,narlaprevir,CCCC[C@H](NC(=O)[C@@H]1[C@@H]2[C@H](CN1C(=O)[C@@H](NC(=O)NC1(CS(=O)(=O)C(C)(C)C)CCCCC1)C(C)(C)C)C2(C)C)C(=O)C(=O)NC1CC1
RTKDBEOSPDFLGD-QGZVFWFLSA-N,9955015.0,NAS-181,C(Oc1cccc2C=C(CN3CCOCC3)COc12)[C@H]1CNCCO1
VIJCCFFEBCOOIE-JOCHJYFZSA-N,9872609.0,nastorazepide,CC(C)(C)C(=O)CN1c2ccccc2N(C[C@@H](NC(=O)Nc2cccc(c2)C(O)=O)C1=O)C1CCCCC1
NCXMLFZGDNKEPB-FFPOYIOWSA-N,5284447.0,natamycin,C[C@H]1O[C@@H](O[C@@H]2C[C@@H]3O[C@@](O)(C[C@H](O)[C@H]3C(O)=O)C[C@@H](O)C[C@H]3O[C@@H]3\C=C\C(=O)O[C@H](C)C\C=C\C=C\C=C\C=C\2)[C@@H](O)[C@@H](N)[C@@H]1O
ICGMZCVSHDKQTE-IBGZPJMESA-N,60201418.0,NAV-26,FC(F)(F)Oc1ccc(CNC(=O)[C@H]2N(C3CCOCC3)C(=O)c3ccccc23)cc1
RXIUEIPPLAFSDF-CYBMUJFWSA-N,9865554.0,navarixin,CC[C@@H](Nc1c(Nc2cccc(C(=O)N(C)C)c2O)c(=O)c1=O)c1ccc(C)o1
JLYAXFNOILIKPP-KXQOOQHDSA-N,24978538.0,navitoclax,CC1(C)CCC(=C(CN2CCN(CC2)c2ccc(cc2)C(=O)NS(=O)(=O)c2ccc(N[C@H](CCN3CCOCC3)CSc3ccccc3)c(c2)S(=O)(=O)C(F)(F)F)C1)c1ccc(Cl)cc1
JCSREICEMHWFAY-HUUCEWRRSA-N,57533.0,naxagolide,CCCN1CCO[C@H]2[C@H]1CCc1ccc(O)cc21
CVPTTZZCRDVGSU-UHFFFAOYSA-N,2815031.0,NB-001,Nc1ncnc2n(CCNCCCCCO)cnc12
KNADXBVKFAUMCR-UHFFFAOYSA-N,176157.0,NBI-27914,CCCN(CC1CC1)c1nc(C)nc(Nc2c(Cl)cc(Cl)cc2Cl)c1Cl
XMRGQUDUVGRCBS-HXUWFJFHSA-N,45784923.0,NBI-74330-(+/-),CCOc1ccc(cc1)-n1c(nc2ncccc2c1=O)[C@@H](C)N(Cc1cccnc1)C(=O)Cc1ccc(F)c(c1)C(F)(F)F
RZWRYPGAUIOOMK-UHFFFAOYSA-N,19103.0,NSC-3852,Oc1ccc(N=O)c2cccnc12
WEQLWGNDNRARGE-DJIMGWMZSA-N,14580381.0,NBI-98782,COc1cc2CCN3C[C@@H](CC(C)C)[C@H](O)C[C@@H]3c2cc1OC
UQNAFPHGVPVTAL-UHFFFAOYSA-N,3272524.0,NBQX,NS(=O)(=O)c1cccc2c1c(cc1[nH]c(=O)c(=O)[nH]c21)[N+]([O-])=O
UADPGHINQMWEAG-FROQITRMSA-N,6604757.0,NCS-382,O[C@@H]1c2ccccc2CCC\C1=C/C(O)=O
MJHYBJOMJPGNMM-KGWLDMEJSA-N,9850209.0,NCX-1015,C[C@]12C[C@H](O)[C@H]3[C@@H](CCC4=CC(=O)C=C[C@]34C)[C@@H]1CC[C@]2(O)C(=O)COC(=O)c1ccc(CO[N+]([O-])=O)cc1
CTUICISGLKIJLG-UHFFFAOYSA-N,10313324.0,NDD-094,Cc1nccn1Cc1ccccn1
ITACCRHKSPSKKL-UHFFFAOYSA-N,10210160.0,NDT-9513727,CCCCn1c(CN(Cc2ccc3OCOc3c2)Cc2ccc3OCOc3c2)c(nc1-c1ccccc1)-c1ccccc1
YBLIQJGXRLZBCZ-UHFFFAOYSA-N,9841596.0,NE-100,CCCN(CCC)CCc1ccc(OC)c(OCCc2ccccc2)c1
KOHIRBRYDXPAMZ-YHBROIRLSA-N,189562.0,nebivolol,O[C@H](CNC[C@@H](O)[C@@H]1CCc2cc(F)ccc2O1)[C@H]1CCc2cc(F)ccc2O1
LCAFGJGYCUMTGS-NSHDSACASA-N,25136943.0,nebracetam,NC[C@H]1CN(Cc2ccccc2)C(=O)C1
JADDQZYHOWSFJD-FLNNQWSLSA-N,448222.0,NECA,CCNC(=O)[C@H]1O[C@H]([C@H](O)[C@@H]1O)n1cnc2c(N)ncnc12
TXUWMXQFNYDOEZ-NSHDSACASA-N,738301.0,necrostatin-1,CN1C(=S)N[C@@H](Cc2c[nH]c3ccccc23)C1=O
WIKGAEMMNQTUGL-SNVBAGLBSA-N,11288934.0,necrostatin-2,CN1C(=O)N[C@H](Cc2c[nH]c3c(Cl)cccc23)C1=O
AUZDMWWRYCUANI-UHFFFAOYSA-L,,nedaplatin,N[Pt]1(N)OC=C(O)O1
RQTOOFIXOKYGAN-UHFFFAOYSA-N,50294.0,nedocromil,CCCc1c2oc(cc(=O)c2cc2c1n(CC)c(cc2=O)C(O)=O)C(O)=O
VRBKIVRKKCLPHA-UHFFFAOYSA-N,4449.0,nefazodone,CCc1nn(CCCN2CCN(CC2)c2cccc(Cl)c2)c(=O)n1CCOc1ccccc1
NGHTXZCKLWZPGK-UHFFFAOYSA-N,71157.0,nefiracetam,Cc1cccc(C)c1NC(=O)CN1CCCC1=O
RGPDEAGGEXEMMM-KRWDZBQOSA-N,184147.0,nefopam,CN1CCO[C@@H](c2ccccc2)c2ccccc2C1
IXOXBSCIXZEQEQ-UHTZMRCNSA-N,3011155.0,nelarabine,COc1nc(N)nc2n(cnc12)[C@@H]1O[C@H](CO)[C@@H](O)[C@@H]1O
QAGYKUNXZHXKMR-HKWSIXNMSA-N,64143.0,nelfinavir,Cc1c(O)cccc1C(=O)N[C@@H](CSc1ccccc1)[C@H](O)CN1C[C@H]2CCCC[C@H]2C[C@H]1C(=O)NC(C)(C)C
FTQHGWIXJSSWOY-UHFFFAOYSA-N,11690019.0,nelociguat,COC(=O)Nc1c(N)nc(nc1N)-c1nn(Cc2ccccc2F)c2ncccc12
COSPVUFTLGQDQL-UHFFFAOYSA-N,11683556.0,nelotanserin,COc1ccc(NC(=O)Nc2ccc(F)cc2F)cc1-c1c(Br)cnn1C
OEOYJZUHFXEJEI-UHFFFAOYSA-N,,nemazoline,Nc1c(Cl)cc(C=C2NCCN2)cc1Cl
MCIDWGZGWVSZMK-UHFFFAOYSA-N,49784002.0,nemiralisib,CC(C)N1CCN(Cc2cnc(o2)-c2cc(cc3[nH]ncc23)-c2cccc3[nH]ccc23)CC1
KRVOJOCLBAAKSJ-RDTXWAMCSA-N,156333.0,nemonapride,CNc1cc(OC)c(cc1Cl)C(=O)N[C@@H]1CCN(Cc2ccccc2)[C@@H]1C
NBGABHGMJVIVBW-QHCPKHFHSA-N,91801202.0,nemorexant,COc1ccc(c(c1)C(=O)N1CCC[C@@]1(C)c1nc2ccc(Cl)c(C)c2[nH]1)-n1nccn1
CTMCWCONSULRHO-UHQPFXKFSA-N,65907.0,nemorubicin,CO[C@@H]1CN(CCO1)[C@H]1C[C@H](O[C@H]2C[C@@](O)(Cc3c(O)c4C(=O)c5cccc(OC)c5C(=O)c4c(O)c23)C(=O)CO)O[C@@H](C)[C@H]1O
UAUHEPXILIZYCU-JSQPETPRSA-N,,neo-gilurytmal,CCC[N@@+]12[C@H]3C[C@]45[C@@H](O)[C@@H]3[C@@H](C[C@@H]1[C@@H]4N(C)c1ccccc51)[C@H](CC)[C@H]2O
ARGKVCXINMKCAZ-UZRWAPQLSA-N,442439.0,neohesperidin,[H][C@@]1(O[C@@H]2[C@@H](O)[C@H](O)[C@@H](CO)O[C@H]2Oc2cc(O)c3C(=O)C[C@H](Oc3c2)c2ccc(OC)c(O)c2)O[C@@H](C)[C@H](O)[C@@H](O)[C@H]1O
ITVGXXMINPYUHD-CUVHLRMHSA-N,30231.0,neohesperidin-dihydrochalcone,COc1ccc(CCC(=O)c2c(O)cc(O[C@@H]3O[C@H](CO)[C@@H](O)[C@H](O)[C@H]3O[C@@H]3O[C@@H](C)[C@H](O)[C@@H](O)[C@H]3O)cc2O)cc1O
JWNPDZNEKVCWMY-VQHVLOKHSA-N,9915743.0,neratinib,CCOc1cc2ncc(C#N)c(Nc3ccc(OCc4ccccn4)c(Cl)c3)c2cc1NC(=O)\C=C\CN(C)C
PGBHMTALBVVCIT-VCIWKGPPSA-N,8378.0,neomycin,NC[C@@H]1O[C@H](O[C@@H]2[C@@H](CO)O[C@@H](O[C@@H]3[C@@H](O)[C@H](N)C[C@H](N)[C@H]3O[C@H]3O[C@H](CN)[C@@H](O)[C@H](O)[C@H]3N)[C@@H]2O)[C@H](N)[C@@H](O)[C@@H]1O
ALWKGYPQUAPLQC-UHFFFAOYSA-N,4456.0,neostigmine,CN(C)C(=O)Oc1cccc(c1)[N+](C)(C)C
QEFAQIPZVLVERP-UHFFFAOYSA-N,151075.0,nepafenac,NC(=O)Cc1cccc(C(=O)c2ccccc2)c1N
YZZVIKDAOTXDEB-JTQLQIEISA-N,9796181.0,nepicastat,NCc1c[nH]c(=S)n1[C@H]1CCc2c(F)cc(F)cc2C1
ZWNGSOLJLMBZFZ-UHFFFAOYSA-N,65865.0,nerbacadol,Cc1oncc1C(=O)N1CCCCC1
PUUSSSIBPPTKTP-UHFFFAOYSA-N,71237.0,neridronic-acid,NCCCCCC(O)(P(O)(O)=O)P(O)(O)=O
WTDWVLJJJOTABN-UHFFFAOYSA-N,11561383.0,nesbuvir,CNC(=O)c1c(oc2cc(N(CCO)S(C)(=O)=O)c(cc12)C1CC1)-c1ccc(F)cc1
CIDUJQMULVCIBT-MQDUPKMGSA-N,441306.0,netilmicin,[H][C@]1(O[C@@H]2[C@@H](N)C[C@@H](NCC)[C@H](O[C@@]3([H])OC[C@](C)(O)[C@H](NC)[C@H]3O)[C@H]2O)OC(CN)=CC[C@H]1N
WAXQNWCZJDTGBU-UHFFFAOYSA-N,6451149.0,netupitant,CN(C(=O)C(C)(C)c1cc(cc(c1)C(F)(F)F)C(F)(F)F)c1cnc(cc1-c1ccccc1C)N1CCN(C)CC1
HABROHXUHNHQMY-UHFFFAOYSA-N,9951955.0,Neu2000,OC(=O)c1cc(NCc2c(F)c(F)c(c(F)c2F)C(F)(F)F)ccc1O
FEEOFPAEDSMOTO-UHFFFAOYSA-N,16112820.0,neurodazine,COc1ccc(cc1)-c1nc([nH]c1-c1ccc(OC)cc1)-c1ccc(o1)-c1cccc(Cl)c1
MGKYEWWFHSESJN-UHFFFAOYSA-N,11667240.0,neuropathiazol,CCOC(=O)c1ccc(cc1)N(C)c1csc(n1)-c1ccccc1
NQDJXKOVJZTUJA-UHFFFAOYSA-N,4463.0,nevirapine,Cc1ccnc2N(C3CC3)c3ncccc3C(=O)Nc12
JZWXMCPARMXZQV-UHFFFAOYSA-N,71462653.0,nexturastat-A,CCCCN(Cc1ccc(cc1)C(=O)NO)C(=O)Nc1ccccc1
YMFNPBSZFWXMAD-UHFFFAOYSA-N,16760588.0,NFKB-activation-inhibitor-II,Cc1ccc(NCCCc2ccccc2)c(N)c1
MRAUNPAHJZDYCK-BYPYZUCNSA-N,440005.0,NG-nitro-arginine,N[C@@H](CCCNC(N)=N[N+]([O-])=O)C(O)=O
YJPWVCIGSHWNON-UHFFFAOYSA-N,9891901.0,NGB-2904,Clc1cccc(N2CCN(CCCCNC(=O)c3ccc-4c(Cc5ccccc-45)c3)CC2)c1Cl
OTVQCHUIPJYASM-UHFFFAOYSA-N,188942.0,NGD-94-1,C(N1CCN(CC1)c1ncccn1)c1cnc([nH]1)-c1ccccc1
PSUFQBRCUSJTDO-UHFFFAOYSA-N,9822241.0,NGD-98-2,CCC(CC)Nc1nc(C)c(nc1OC)-c1ccc(OC(F)(F)F)cc1OC
WDEKUGNKKOGFOA-UHFFFAOYSA-N,46853593.0,NGP555,CCc1cc(Nc2nc(cs2)-c2ccc(c(F)c2)-n2cnc(C)c2)c(C)cc1C
ZZXUNAFAKNKXFW-UHFFFAOYSA-N,10436840.0,NH125,CCCCCCCCCCCCCCCC[n+]1ccn(Cc2ccccc2)c1C
YPPFWRWCZNXINO-UHFFFAOYSA-N,51355147.0,NHI-2,COC(=O)c1cc2c(cc(cc2n1O)-c1ccccc1)C(F)(F)F
UEMQPCYDWCSVCU-UHFFFAOYSA-N,91827373.0,NI-57,COc1cc(ccc1S(=O)(=O)Nc1ccc2n(C)c(=O)c(C)cc2c1)C#N
PVNIIMVLHYAWGP-UHFFFAOYSA-N,938.0,niacin,OC(=O)c1cccnc1
NOIIUHRQUVNIDD-UHFFFAOYSA-N,4472.0,nialamide,O=C(CCNNC(=O)c1ccncc1)NCc1ccccc1
YRFYIORBFFGPPZ-OAQYLSRUSA-N,1552287.0,nibentan,CCN(CC)CCCC[C@@H](NC(=O)c1ccc(cc1)[N+]([O-])=O)c1ccccc1
AUIHHZBJBKRDIE-SFHVURJKSA-N,76956332.0,nicainoprol,CC(C)NC[C@H](O)COc1cccc2CCCN(C(=O)c3cccnc3)c12
KTXBOOWDLPUROC-NSHDSACASA-N,1598447.0,nicaraven,C[C@@H](CNC(=O)c1cccnc1)NC(=O)c1cccnc1
ZBBHBTPTTSWHBA-XMMPIXPASA-N,6603948.0,nicardipine,COC(=O)C1=C(C)NC(C)=C([C@@H]1c1cccc(c1)[N+]([O-])=O)C(=O)OCCN(C)Cc1ccccc1
YSEXMKHXIOCEJA-FVFQAYNVSA-N,34040.0,nicergoline,CO[C@]12C[C@@H](COC(=O)c3cncc(Br)c3)CN(C)[C@@H]1Cc1cn(C)c3cccc2c13
KUEUWHJGRZKESU-UHFFFAOYSA-N,4476.0,niceritrol,O=C(OCC(COC(=O)c1cccnc1)(COC(=O)c1cccnc1)COC(=O)c1cccnc1)c1cccnc1
RJMUSRYZPJIFPJ-UHFFFAOYSA-N,4477.0,niclosamide,Oc1ccc(Cl)cc1C(=O)Nc1ccc(cc1Cl)[N+]([O-])=O
YYQALOWPCKMFDQ-JLNKQSITSA-N,50991753.0,nicodicosapent,CC\C=C/C\C=C/C\C=C/C\C=C/C\C=C/CCCC(=O)NCCNC(=O)c1cccnc1
LBHIOVVIQHSOQN-UHFFFAOYSA-N,47528.0,nicorandil,[O-][N+](=O)OCCNC(=O)c1cccnc1
DFPAKSUCGFBDDF-UHFFFAOYSA-N,936.0,nicotinamide,NC(=O)c1cccnc1
SNICXCGAKADSCV-JTQLQIEISA-N,89594.0,nicotine,CN1CCC[C@H]1c1cccnc1
MVQVNTPHUGQQHK-UHFFFAOYSA-N,7510.0,nicotinyl-alcohol-tartrate,OCc1cccnc1
KWDBQJRWPWTGPF-UHFFFAOYSA-N,11037861.0,NIDA-41020,COc1ccc(cc1)-c1c(C)c(nn1-c1ccc(Cl)cc1Cl)C(=O)NN1CCCCC1
HYIMSNHJOBLJNT-UHFFFAOYSA-N,4485.0,nifedipine,COC(=O)C1=C(C)NC(C)=C(C1c1ccccc1[N+]([O-])=O)C(=O)OC
OEBPANQZQGQPHF-UHFFFAOYSA-N,4486.0,nifekalant,Cn1c(NCCN(CCO)CCCc2ccc(cc2)[N+]([O-])=O)cc(=O)n(C)c1=O
UAORFCGRZIGNCI-LLVKDONJSA-N,202035.0,nifenalol,CC(C)NC[C@@H](O)c1ccc(cc1)[N+]([O-])=O
BRZANEXCSZCZCI-UHFFFAOYSA-N,4487.0,nifenazone,Cc1c(NC(=O)c2cccnc2)c(=O)n(-c2ccccc2)n1C
JZFPYUNJRRFVQU-UHFFFAOYSA-N,4488.0,niflumic-acid,OC(=O)c1cccnc1Nc1cccc(c1)C(F)(F)F
YCWSUKQGVSGXJO-NTUHNPAUSA-N,5337997.0,nifuroxazide,Oc1ccc(cc1)C(=O)N\N=C\c1ccc(o1)[N+]([O-])=O
XXUXXCZCUGIGPP-WLRTZDKTSA-N,9570327.0,nifursol,Oc1c(cc(cc1[N+]([O-])=O)[N+]([O-])=O)C(=O)N\N=C\c1ccc(o1)[N+]([O-])=O
ARFHIAQFJWUCFH-KIFNTFBYSA-N,6604371.0,nifurtimox,C[C@H]1CS(=O)(=O)CCN1\N=C\c1ccc(o1)[N+]([O-])=O
SVJMLYUFVDMUHP-MGBGTMOVSA-N,6918097.0,niguldipine-(R)-(-),COC(=O)C1=C(C)NC(C)=C([C@@H]1c1cccc(c1)[N+]([O-])=O)C(=O)OCCCN1CCC(CC1)(c1ccccc1)c1ccccc1
SVJMLYUFVDMUHP-XIFFEERXSA-N,60602.0,niguldipine-(S)-(+),COC(=O)C1=C(C)NC(C)=C([C@H]1c1cccc(c1)[N+]([O-])=O)C(=O)OCCCN1CCC(CC1)(c1ccccc1)c1ccccc1
NCYVXEGFNDZQCU-UHFFFAOYSA-N,5497.0,nikethamide,CCN(CC)C(=O)c1cccnc1
HHZIURLSWUIHRB-UHFFFAOYSA-N,644241.0,nilotinib,Cc1cn(cn1)-c1cc(NC(=O)c2ccc(C)c(Nc3nccc(n3)-c3cccnc3)c2)cc(c1)C(F)(F)F
XWXYUMMDTVBTOU-UHFFFAOYSA-N,4493.0,nilutamide,CC1(C)NC(=O)N(C1=O)c1ccc(c(c1)C(F)(F)F)[N+]([O-])=O
FAIIFDPAEUKBEP-INIZCTEOSA-N,10340038.0,nilvadipine,COC(=O)C1=C(NC(C)=C([C@@H]1c1cccc(c1)[N+]([O-])=O)C(=O)OC(C)C)C#N
RPJPZDVUUKWPGT-FOIHOXPVSA-N,6473876.0,NIM811,[H][C@]1(NC(=O)[C@]([H])([C@@H](C)CC)N(C)C(=O)CN(C)C(=O)[C@H](CC)NC(=O)[C@]([H])([C@H](O)[C@H](C)C\C=C\C)N(C)C(=O)[C@]([H])(C(C)C)N(C)C(=O)[C@H](CC(C)C)N(C)C(=O)[C@]([H])(CC(C)C)N(C)C(=O)[C@@H](C)NC(=O)[C@H](C)NC(=O)[C@H](CC(C)C)N(C)C1=O)C(C)C
HYWYRSMBCFDLJT-UHFFFAOYSA-N,4495.0,nimesulide,CS(=O)(=O)Nc1ccc(cc1Oc1ccccc1)[N+]([O-])=O
UIAGMCDKSXEBJQ-LJQANCHMSA-N,157132.0,nimodipine,COCCOC(=O)C1=C(C)NC(C)=C([C@@H]1c1cccc(c1)[N+]([O-])=O)C(=O)OC(C)C
MDJFHRLTPRPZLY-UHFFFAOYSA-N,23009.0,nimorazole,[O-][N+](=O)c1cncn1CCN1CCOCC1
QMAZPCHGABINAB-UHFFFAOYSA-N,129009979.0,nimustine,Cc1ncc(CNC(=O)N(CCCl)[NH2+][O-])c(N)n1
VQYYQSZNRVQLIS-UHFFFAOYSA-N,60165029.0,ningetinib-tosylate,Cc1c(C(=O)Nc2ccc(Oc3ccnc4cc(OCC(C)(C)O)ccc34)c(F)c2)c(=O)n(-c2ccccc2)n1C
XZXHXSATPCNXJR-ZIADKAODSA-N,,nintedanib,COC(=O)c1ccc2\C(=C(\Nc3ccc(cc3)N(C)C(=O)CN3CCN(C)CC3)c3ccccc3)C(=O)Nc2c1
PCHKPVIQAHNQLW-CQSZACIVSA-N,24958200.0,niraparib,NC(=O)c1cccc2cn(nc12)-c1ccc(cc1)[C@@H]1CCCNC1
RDXLYGJSWZYTFJ-UHFFFAOYSA-N,6093.0,niridazole,[O-][N+](=O)c1cnc(s1)N1CCNC1=O
VKQFCGNPDRICFG-GOSISDBHSA-N,28248400.0,nisoldipine,COC(=O)C1=C(C)NC(C)=C([C@@H]1c1ccccc1[N+]([O-])=O)C(=O)OCC(C)C
ITJNARMNRKSWTA-OAHLLOKOSA-N,10107248.0,nisoxetine,CNCC[C@@H](Oc1ccccc1OC)c1ccccc1
FUUFQLXAIUOWML-UHFFFAOYSA-N,66826.0,nitarsone,O[As](O)(=O)c1ccc(cc1)[N+]([O-])=O
YQNQNVDNTFHQSW-UHFFFAOYSA-N,41684.0,nitazoxanide,CC(=O)Oc1ccccc1C(=O)Nc1ncc(s1)[N+]([O-])=O
UPMRZALMHVUCIN-UHFFFAOYSA-N,5464105.0,nitecapone,CC(=O)C(=Cc1cc(O)c(O)c(c1)[N+]([O-])=O)C(C)=O
CFRPSFYHXJZSBI-DHZHZOJOSA-N,3034287.0,nitenpyram,CCN(Cc1ccc(Cl)nc1)C(\NC)=C\[N+]([O-])=O
UJRRDDHEMZLWFI-UHFFFAOYSA-N,8798.0,nithiamide,CC(=O)Nc1ncc(s1)[N+]([O-])=O
PMHVFNYNPNKNRO-UHFFFAOYSA-N,5289053.0,nitisinone,OC(=C1C(=O)CCCC1=O)c1ccc(cc1[N+]([O-])=O)C(F)(F)F
PVHUJELLJLJGLN-INIZCTEOSA-N,157702.0,nitrendipine,CCOC(=O)C1=C(C)NC(C)=C([C@@H]1c1cccc(c1)[N+]([O-])=O)C(=O)OC
NSHMVLOWOAQFTP-UHFFFAOYSA-N,3941250.0,nitrocaramiphen,CCN(CC)CCOC(=O)C1(CCCC1)c1ccc(cc1)[N+]([O-])=O
DLWSRGHNJVLJAH-CQSZACIVSA-N,67513161.0,nitroflurbiprofen,C[C@@H](C(=O)OCCCCO[N+]([O-])=O)c1ccc(c(F)c1)-c1ccccc1
NXFQHRVNIOXGAQ-YCRREMRBSA-N,6604200.0,nitrofurantoin,[O-][N+](=O)c1ccc(\C=N\N2CC(=O)NC2=O)o1
IAIWVQXQOWNYOU-FPYGCLRLSA-N,5447130.0,nitrofurazone,NC(=O)N\N=C\c1ccc(o1)[N+]([O-])=O
UUKWKUSGGZNXGA-UHFFFAOYSA-N,4511.0,nitromide,NC(=O)c1cc(cc(c1)[N+]([O-])=O)[N+]([O-])=O
RCUSTCPNMVCLLN-UHFFFAOYSA-N,129010104.0,nitrosodimethylurea,CNC(=O)N(C)[NH2+][O-]
RJIWZDNTCBHXAL-UHFFFAOYSA-N,19910.0,nitroxoline,Oc1ccc([N+]([O-])=O)c2cccnc12
SGXXNSQHWDMGGP-IZZDOVSWSA-N,3033637.0,nizatidine,CN\C(NCCSCc1csc(CN(C)C)n1)=C/[N+]([O-])=O
WZGBZLHGOVJDET-UHFFFAOYSA-N,4514.0,nizofenone,CCN(CC)Cc1nccn1-c1ccc(cc1C(=O)c1ccccc1Cl)[N+]([O-])=O
FNSCFQXZZNCDAI-UHFFFAOYSA-N,71618700.0,NK-252,O=C(NCc1ccccn1)Nc1nnc(o1)-c1ccco1
KNLORLKZMHLRBH-UHFFFAOYSA-J,,NKP-1339,Cl[Ru+3](Cl)(Cl)(Cl)([n+]1cc2ccccc2[nH]1)[n+]1cc2ccccc2[nH]1
SOJUSNIBPPMLCC-SSDOTTSWSA-N,777417.0,NKY-80,Nc1ncc2C(=O)C[C@@H](Cc2n1)c1ccco1
YTRRAUACYORZLX-WMZOPIPTSA-N,70874604.0,NLG919,O[C@@H](C[C@H]1c2ccccc2-c2cncn12)C1CCCCC1
PPUDLEUZKVJXSZ-VPCXQMTMSA-N,500902.0,NM107,C[C@@]1(O)[C@H](O)[C@@H](CO)O[C@H]1n1ccc(N)nc1=O
QHLVBNKYJGBCQJ-UHFFFAOYSA-N,49792852.0,NMS-1286937,CN1CCN(CC1)c1ccc(OC(F)(F)F)c(Nc2ncc3CCc4c(nn(CCO)c4-c3n2)C(N)=O)c1
UJGTUKMAJVCBIS-UHFFFAOYSA-N,71521142.0,NMS-873,Cc1cc(OCc2nnc(SC3CCCC3)n2-c2cccnc2)ccc1-c1ccc(cc1)S(C)(=O)=O
YLQODGGPIHWTHR-UHFFFAOYSA-N,135566652.0,NMS-E973,CN1CCC(CC1)NC(=O)c1cc(on1)-c1c(O)cc(O)cc1Oc1ccc(cc1)[N+]([O-])=O
JFOAJUGFHDCBJJ-UHFFFAOYSA-N,44556162.0,NMS-P715,CCc1cccc(CC)c1NC(=O)c1nn(C)c-2c1CCc1cnc(Nc3ccc(cc3OC(F)(F)F)C(=O)NC3CCN(C)CC3)nc-21
FTSCEGKYKXESFF-LXTVHRRPSA-N,501640.0,NN-DNJ,CCCCCCCCCN1C[C@H](O)[C@@H](O)[C@H](O)[C@H]1CO
XZZYCJOGZYEPPW-UHFFFAOYSA-N,9888030.0,NNC-05-2090,COc1ccccc1C1(O)CCN(CCCn2c3ccccc3c3ccccc23)CC1
VHHVPDKNKPNKHY-JDXGNMNLSA-N,9957280.0,NNC-55-0396,CC(C)[C@H]1c2ccc(F)cc2CC[C@@]1(CCN(C)CCCc1nc2ccccc2[nH]1)OC(=O)C1CC1
AQMPIDSGLFVVPL-UHFFFAOYSA-N,9803475.0,NNC-63-0532,COC(=O)CN1CN(c2ccccc2)C2(CCN(Cc3cccc4ccccc34)CC2)C1=O
NGNALWDRPKNJGR-UHFFFAOYSA-N,4515.0,NNC-711,OC(=O)C1=CCCN(CCON=C(c2ccccc2)c2ccccc2)C1
IOJUJUOXKXMJNF-UHFFFAOYSA-N,119032.0,NO-ASA,CC(=O)Oc1ccccc1C(=O)Oc1cccc(CO[N+]([O-])=O)c1
MRIAQLRQZPPODS-UHFFFAOYSA-N,72344.0,nobiletin,COc1ccc(cc1OC)-c1cc(=O)c2c(OC)c(OC)c(OC)c(OC)c2o1
KYRVNWMVYQXFEU-UHFFFAOYSA-N,4122.0,nocodazole,COC(=O)Nc1nc2ccc(cc2[nH]1)C(=O)c1cccs1
XHWRWCSCBDLOLM-UHFFFAOYSA-N,135400184.0,nolatrexed,Cc1ccc2[nH]c(N)nc(=O)c2c1Sc1ccncc1
IIVBFTNIGYRNQY-YQLZSBIMSA-N,91668.0,nomegestrol-acetate,CC(=O)O[C@@]1(CC[C@H]2[C@@H]3C=C(C)C4=CC(=O)CC[C@@H]4[C@H]3CC[C@]12C)C(C)=O
XXPANQJNYNUNES-AWEZNQCLSA-N,55993.0,nomifensine,CN1C[C@@H](c2ccccc2)c2cccc(N)c2C1
RGOVYLWUIBMPGK-UHFFFAOYSA-N,2998.0,nonivamide,CCCCCCCCC(=O)NCc1ccc(O)c(OC)c1
FBWNMEQMRUMQSO-UHFFFAOYSA-N,72385.0,nonoxynol-9,CCCCCCCCCc1ccc(OCCOCCOCCOCCOCCOCCOCCOCCOCCO)cc1
PZUJQWHTIRWCID-HXUWFJFHSA-N,6918446.0,NPS-2143,CC(C)(Cc1ccc2ccccc2c1)NC[C@@H](O)COc1cccc(Cl)c1C#N
APSUXPSYBJVPPS-YAUKWVCOSA-N,5480230.0,nor-binaltorphimine,Oc1ccc2C[C@H]3N(CC4CC4)CC[C@@]45[C@@H](Oc1c24)c1[nH]c2[C@@H]4Oc6c7c(C[C@H]8N(CC9CC9)CC[C@@]47[C@@]8(O)Cc2c1C[C@@]35O)ccc6O
XECQQDXTQRYYBH-UHFFFAOYSA-N,9918.0,norcyclobenzaprine,CNCCC=C1c2ccccc2C=Cc2ccccc12
ISHXLNHNDMZNMC-VTKCIJPMSA-N,9568628.0,norelgestromin,CC[C@]12CC[C@H]3[C@@H](CCC4=C\C(CC[C@H]34)=N\O)[C@@H]1CC[C@@]2(O)C#C
SFLSHLFXELFNJZ-QMMMGPOBSA-N,439260.0,norepinephrine,NC[C@H](O)c1ccc(O)c(O)c1
VIKNJXKGJWUCNN-XGXHKTLJSA-N,6230.0,norethindrone,C[C@]12CC[C@H]3[C@@H](CCC4=CC(=O)CC[C@H]34)[C@@H]1CC[C@@]2(O)C#C
IMONTRJLAWHYGT-ZCPXKWAGSA-N,5832.0,norethindrone-acetate,CC(=O)O[C@]1(CC[C@H]2[C@@H]3CCC4=CC(=O)CC[C@@H]4[C@H]3CC[C@]12C)C#C
APTGJECXMIKIET-WOSSHHRXSA-N,229295.0,norethisterone-enanthate,CCCCCCC(=O)O[C@]1(CC[C@H]2[C@@H]3CCC4=CC(=O)CC[C@@H]4[C@H]3CC[C@]12C)C#C
ICTXHFFSOAJUMG-SLHNCBLASA-N,6231.0,noretynodrel,C[C@]12CC[C@H]3[C@@H](CCC4=C3CCC(=O)C4)[C@@H]1CC[C@@]2(O)C#C
OGJPXUAPXNRGGI-UHFFFAOYSA-N,6919051.0,norfloxacin,CCn1cc(C(O)=O)c(=O)c2cc(F)c(cc12)N1CCNCC1
WIQRCHMSJFFONW-OAHLLOKOSA-N,9797657.0,norfluoxetine,NCC[C@@H](Oc1ccc(cc1)C(F)(F)F)c1ccccc1
KIQQMECNKUGGKA-NMYWJIRASA-N,6540478.0,norgestimate,CC[C@]12CC[C@H]3[C@@H](CCC4=C\C(CC[C@H]34)=N\O)[C@@H]1CC[C@@]2(OC(C)=O)C#C
WWYNJERNGUHSAO-XUDSTZEESA-N,13109.0,norgestrel,CC[C@]12CC[C@H]3[C@@H](CCC4=CC(=O)CC[C@H]34)[C@@H]1CC[C@@]2(O)C#C
MYKUKUCHPMASKF-SECBINFHSA-N,93047.0,nornicotine,C1CN[C@H](C1)c1cccnc1
PHVGLTMQBUFIQQ-UHFFFAOYSA-N,4543.0,nortriptyline,CNCCC=C1c2ccccc2CCc2ccccc12
NUAQIRUAZSJTAI-YRPZDAAMSA-N,10419027.0,norvancomycin,[H][C@@]1(C[C@](C)(N)[C@H](O)[C@H](C)O1)O[C@@H]1[C@@H](O)[C@H](O)[C@@H](CO)O[C@H]1Oc1c2Oc3ccc(cc3Cl)[C@@H](O)[C@@H](NC(=O)[C@H](N)CC(C)C)C(=O)N[C@@H](CC(N)=O)C(=O)N[C@]3([H])c(c2)cc1Oc1ccc(cc1Cl)[C@@H](O)[C@]1([H])NC(=O)[C@]([H])(NC3=O)c2ccc(O)c(c2)-c2c(O)cc(O)cc2[C@]([H])(NC1=O)C(O)=O
AKNNEGZIBPJZJG-MSOLQXFVSA-N,275196.0,noscapine,COc1ccc2[C@H](OC(=O)c2c1OC)[C@@H]1N(C)CCc2cc3OCOc3c(OC)c12
YPZRWBKMTBYPTK-USZNOCQGSA-N,16401161.0,11/01/2,N[C@@H](CCC(=O)N[C@@H](CSSC[C@H](NC(=O)CC[C@@H](N)C(O)=O)C(=O)NCC(O)=O)C(=O)NCC(O)=O)C(O)=O
YJQPYGGHQPGBLI-KGSXXDOSSA-N,54675769.0,novobiocin,CO[C@@H]1[C@@H](OC(N)=O)[C@@H](O)[C@H](Oc2ccc3c(O)c(NC(=O)c4ccc(O)c(CC=C(C)C)c4)c(=O)oc3c2C)OC1(C)C
WSCUHXPGYUMQEX-KCZNZURUSA-N,94141.0,NPC-01,C[C@]12C[C@H](O)[C@H]3[C@@H](CCC4=CC(=O)CC[C@]34C)[C@@H]1CCC2=O
CBPJQFCAFFNICX-LJQANCHMSA-N,1549477.0,NPC-15199,CC(C)C[C@@H](NC(=O)OCC1c2ccccc2-c2ccccc12)C(O)=O
WBSMIPAMAXNXFS-UHFFFAOYSA-N,4549.0,NPPB,OC(=O)c1cc(ccc1NCCCc1ccccc1)[N+]([O-])=O
DQEWVIJXZPUPQA-UHFFFAOYSA-N,9948445.0,NPS-2407,CC(C)(Cc1ccccc1)NC(=O)c1cnc2ccccc2n1
ZNFMHLDBJPAFEQ-UHFFFAOYSA-N,9884833.0,NPY-5RA972,CC(C)n1c2ccccc2c2c(C)c(NC(=O)N3CCOCC3)ccc12
UFJGFNHRMPMALC-UHFFFAOYSA-N,5522952.0,NQDI-1,CCOC(=O)c1c2-c3ccccc3C(=O)c3cccc([nH]c1=O)c23
UQTPDWDAYHAZNT-AWEZNQCLSA-N,46866319.0,NS-018,C[C@H](Nc1cc(cc(Nc2cnccn2)n1)-c1cnn(C)c1)c1ccc(F)cc1
MDKAFDIKYQMOMF-UHFFFAOYSA-N,24825677.0,NS-11021,FC(F)(F)c1cc(NC(=S)Nc2ccc(Br)cc2-c2nn[nH]n2)cc(c1)C(F)(F)F
HLKYSQGBIIIQJN-UHFFFAOYSA-N,16747643.0,NS-11394,CC(C)(O)c1ccc2n(cnc2c1)-c1cccc(c1)-c1ccccc1C#N
NJFVQMRYJZHGME-UHFFFAOYSA-N,10177784.0,NS-1643,Oc1ccc(cc1NC(=O)Nc1cc(ccc1O)C(F)(F)F)C(F)(F)F
HGWLTZOMQZIUBW-UHFFFAOYSA-N,727750.0,NS-19504,Nc1ncc(Cc2ccc(Br)cc2)s1
CVOUSAVHMDXCKG-UHFFFAOYSA-N,,NS-309,O\N=C1/C(=O)Nc2c1ccc(Cl)c2Cl
JXPULDIATMTIIN-UHFFFAOYSA-N,9954236.0,NS-3623,FC(F)(F)c1cccc(NC(=O)Nc2ccc(Br)cc2-c2nn[nH]n2)c1
ZJCNRVHZJADROC-VHSXEESVSA-N,,NS-3861,CN1[C@@H]2CC[C@H]1C=C(C2)c1sccc1Br
UZWJWROOLOOCPQ-UHFFFAOYSA-N,11642685.0,NS-5806,FC(F)(F)c1cc(NC(=O)Nc2c(Br)cc(Br)cc2-c2nn[nH]n2)cc(c1)C(F)(F)F
KVDWOQGDMAEJLM-UHFFFAOYSA-N,10176749.0,NS-8,Cc1c([nH]c(N)c1C#N)-c1ccccc1F
XZIZUQSOFMLIIR-CQSZACIVSA-N,11587013.0,NS-8593,C1C[C@@H](Nc2nc3ccccc3[nH]2)c2ccccc2C1
HGFXDSQLRSWUBO-UHFFFAOYSA-N,11998180.0,NS-9283,N#Cc1cccc(c1)-c1nc(no1)-c1cccnc1
DEFBCZWQLILOJF-MRXNPFEDSA-N,7959890.0,NSC-23766,CCN(CC)CCC[C@@H](C)Nc1nc(C)cc(Nc2ccc3nc(C)cc(N)c3c2)n1
XDHBUMNIQRLHGO-UKTHLTGXSA-N,5351307.0,NSC-319726,C\C(=N/NC(=S)N1CCC1)c1ccccn1
ARDYECYBETXQFD-MRVPVSSYSA-N,879610.0,NSC-405020,CCC[C@@H](C)NC(=O)c1ccc(Cl)c(Cl)c1
FVWJYYTZTCVBKE-ROUWMTJPSA-N,72326.0,NSC-4644,CC(=C)[C@@H]1CC[C@]2(CO)CC[C@]3(C)[C@H](CC[C@@H]4[C@@]5(C)CC[C@H](O)C(C)(C)[C@@H]5CC[C@@]34C)[C@@H]12
SSXYXSMMVMVYEV-UHFFFAOYSA-N,221354.0,NSC-5844,Clc1ccc2c(NCCNc3ccnc4cc(Cl)ccc34)ccnc2c1
KFAKESMKRPNZTM-UHFFFAOYSA-N,3004085.0,NSC-625987,COc1ccc(OC)c2c1[nH]c1ccccc1c2=S
PKCYYPHSCUSQDK-AYKLPDECSA-N,5351363.0,NSC-632839,Cc1ccc(\C=C2/CNC\C(=C/c3ccc(C)cc3)C2=O)cc1
YYZPXBXVBQSBDG-IJIVKGSJSA-N,6288112.0,NSC-636819,[O-][N+](=O)c1cc(c(\C=C\c2ccc(Cl)c(Cl)c2)cc1\C=C\c1ccc(Cl)c(Cl)c1)[N+]([O-])=O
BMKPVDQDJQWBPD-UHFFFAOYSA-N,379077.0,NSC-663284,ClC1=C(NCCN2CCOCC2)C(=O)c2ncccc2C1=O
GAUHIPWCDXOLCZ-UHFFFAOYSA-N,394449.0,NSC-697923,Cc1ccc(cc1)S(=O)(=O)c1ccc(o1)[N+]([O-])=O
MAASHDQFQDDECQ-UHFFFAOYSA-N,262093.0,NSC-95397,OCCSC1=C(SCCO)C(=O)c2ccccc2C1=O
ALSKYCOJJPXPFS-BBRMVZONSA-N,31762.0,NSC-9965,CO[C@H]1CC=C2CCN3CCC4=C(CC(=O)OC4)[C@]23C1
DYTOQURYRYYNOR-UHFFFAOYSA-N,50922681.0,NSI-189,CC(C)CCNc1ncccc1C(=O)N1CCN(Cc2ccccc2)CC1
VSEWBFSTIMFCDL-UHFFFAOYSA-N,,NSP-805,CC1=C(CCC1=O)Nc1ccc(cc1)C1=C(C)CC(=O)NN1
NIPUPOUEGOSAAO-OWOJBTEDSA-N,135398520.0,NT157,Oc1cc(CNC(=S)\C=C\c2cc(O)c(O)c(Br)c2)cc(O)c1O
ISSSVYKMIIAPTH-ACRUOGEOSA-N,,NTNCB,[O-][N+](=O)c1ccccc1S(=O)(=O)NC[C@H]1CC[C@H](CNC[C@H]2CCc3ccccc3C2)CC1
SOOLLEBJNGCDOZ-FQEVSTJZSA-N,101873359.0,NTRC-824,CC(C)C[C@H](NC(=O)Cn1cc(C(=O)C(F)(F)F)c2cc(NS(=O)(=O)c3ccc(C)cc3)ccc12)C(O)=O
VUPOTURDKDMIGQ-UHFFFAOYSA-N,9954280.0,nTZDpa,OC(=O)c1c(Sc2ccccc2)c2cc(Cl)ccc2n1Cc1ccc(Cl)cc1
YJDAOHJWLUNFLX-UHFFFAOYSA-N,135398517.0,NU-1025,Cc1nc(=O)c2cccc(O)c2[nH]1
MWGXGTJJAOZBNW-UHFFFAOYSA-N,4564.0,NU-2058,Nc1nc(OCC2CCCCC2)c2[nH]cnc2n1
DGWXOLHKVGDQLN-UHFFFAOYSA-N,398148.0,NU-6027,Nc1nc(N)c(N=O)c(OCC2CCCCC2)n1
KKTZALUTXUZPSN-UHFFFAOYSA-N,9860529.0,NU-7026,O=c1cc(oc2c3ccccc3ccc12)N1CCOCC1
JAMULYFATHSZJM-UHFFFAOYSA-N,11327430.0,NU-7441,O=c1cc(oc2c(cccc12)-c1cccc2c3ccccc3sc12)N1CCOCC1
QSKVYHYMQQQAFS-JTQLQIEISA-N,76972174.0,nuclomedone,Clc1ccc(C[C@H]2C(=O)N=C3SCCN3C2=O)cc1
BDUHCSBCVGXTJM-WUFINQPMSA-N,11433190.0,nutlin-3,COc1ccc(C2=N[C@H]([C@H](N2C(=O)N2CCNC(=O)C2)c2ccc(Cl)cc2)c2ccc(Cl)cc2)c(OC(C)C)c1
HPKYRXAEGNUARA-UHFFFAOYSA-N,65846.0,nuvenzepine,CN1CCC(CC1)C(=O)N1c2ccccc2NC(=O)c2cccnc12
MVSSJPGNLQPWSW-UHFFFAOYSA-N,4096211.0,NVP-231,O=C(Nc1nc2ccc(NC(=O)C34CC5CC(CC(C5)C3)C4)cc2s1)c1ccccc1
LSFLAQVDISHMNB-AFARHQOCSA-N,,NVP-ADW742,Nc1ncnc2n(cc(-c3cccc(OCc4ccccc4)c3)c12)[C@H]1C[C@H](CN2CCCC2)C1
AECDBHGVIIRMOI-GRGXKFILSA-N,,NVP-AEW541,Nc1ncnc2n(cc(-c3cccc(OCc4ccccc4)c3)c12)[C@@H]1C[C@H](CN2CCC2)C1
NDAZATDQFDPQBD-UHFFFAOYSA-N,135539077.0,NVP-AUY922,CCNC(=O)c1noc(c1-c1ccc(CN2CCOCC2)cc1)-c1cc(C(C)C)c(O)cc1O
GLDOVTGHNKAZLK-UHFFFAOYSA-N,8221.0,octadecan-1-ol,CCCCCCCCCCCCCCCCCCO
JOGKUKXHTYWRGZ-UHFFFAOYSA-N,11977753.0,NVP-BEZ235,Cn1c2cnc3ccc(cc3c2n(-c2ccc(cc2)C(C)(C)C#N)c1=O)-c1cnc2ccccc2c1
QADPYRIHXKWUSV-UHFFFAOYSA-N,53235510.0,NVP-BGJ398,CCN1CCN(CC1)c1ccc(Nc2cc(ncn2)N(C)C(=O)Nc2c(Cl)c(OC)cc(OC)c2Cl)cc1
ZCCPLJOKGAACRT-UHFFFAOYSA-N,16747388.0,NVP-BHG712,Cc1ccc(cc1Nc1nc(nc2n(C)ncc12)-c1cccnc1)C(=O)Nc1cccc(c1)C(F)(F)F
IBPVXAOOVUAOKJ-UHFFFAOYSA-N,46398810.0,NVP-BSK805,Fc1cc(cc(F)c1CN1CCOCC1)-c1cccc2ncc(nc12)-c1cnn(c1)C1CCNCC1
RNCNPRCUHHDYPC-UHFFFAOYSA-N,44206063.0,NVP-BVU972,Cn1cc(cn1)-c1ccc2ncc(Cc3ccc4ncccc4c3)n2n1
VFFZWMWTUSXDCB-ZDUSSCGKSA-N,9796290.0,NVP-DPP728,O=C(CNCCNc1ccc(cn1)C#N)N1CCC[C@H]1C#N
WSMQUUGTQYPVPD-OAHLLOKOSA-N,46216556.0,NVP-HSP990,COc1cccc(n1)-c1cc(F)ccc1[C@H]1Cc2nc(N)nc(C)c2C(=O)N1
UYJNQQDJUOUFQJ-UHFFFAOYSA-N,9934347.0,NVP-TAE226,CNC(=O)c1ccccc1Nc1nc(Nc2ccc(cc2OC)N2CCOCC2)ncc1Cl
QQWUGDVOUVUTOY-UHFFFAOYSA-N,16038120.0,NVP-TAE684,COc1cc(ccc1Nc1ncc(Cl)c(Nc2ccccc2S(=O)(=O)C(C)C)n1)N1CCC(CC1)N1CCN(C)CC1
DYGBNAYFDZEYBA-UHFFFAOYSA-N,136237316.0,NVP-TNKS656,COc1ccc(cc1)C(=O)C1CCN(CC(=O)N(CC2CC2)Cc2nc(=O)c3COCCc3[nH]2)CC1
OINGHOPGNMYCAB-INIZCTEOSA-N,137125241.0,NVS-PAK1-1,CC(C)NC(=O)N1CC[C@@H](C1)NC1=Nc2cc(F)ccc2N(CC(F)F)c2ccc(Cl)cc12
OVTCHWSLKGENKP-GHXNOFRVSA-N,6913176.0,NXY-059,CC(C)(C)[N+](\[O-])=C\c1ccc(cc1S(O)(=O)=O)S(O)(=O)=O
VQOXZBDYSJBXMA-MSHYPYPPSA-N,,nystatin,C[C@H]1O[C@@H](O[C@@H]2C[C@@H]3O[C@@](O)(C[C@H](O)[C@H]3C(O)=O)C[C@@H](O)[C@H](O)CC[C@@H](O)C[C@@H](O)C[C@@H](O)CC(=O)O[C@@H](C)[C@H](C)[C@H](O)[C@@H](C)\C=C\C=C\CC\C=C\C=C\C=C\C=C\2)[C@@H](O)[C@@H](N)[C@@H]1O
ICHJMVMWPKLUKT-JKSUJKDBSA-N,40469923.0,O-1918,COc1cc(C)cc(OC)c1[C@@H]1C=C(C)CC[C@H]1C(C)=C
WEDWLYRQKUTOAX-UHFFFAOYSA-N,50923806.0,O-304,Clc1ccc(Cn2sc(NC(=O)c3ccc(Cl)cc3)nc2=O)cc1
SKJJIFRWCCSXGL-UHFFFAOYSA-N,770820.0,o-3M3FBS,Cc1cc(C)c(c(C)c1)S(=O)(=O)Nc1ccccc1C(F)(F)F
VZXPDPZARILFQX-BYPYZUCNSA-N,99478.0,O-acetyl-L-serine,CC(=O)OC[C@H](N)C(O)=O
NBOMNTLFRHMDEZ-UHFFFAOYSA-N,5443.0,o-mercapto-benzoic-acid,OC(=O)c1ccccc1S
QJEJLARVLKHYFW-UHFFFAOYSA-N,2774690.0,O4I1,COc1ccc(COc2ccc(CC#N)cc2)cc1
KRWMERLEINMZFT-UHFFFAOYSA-N,4578.0,O6-benzylguanine,Nc1nc(OCc2ccccc2)c2[nH]cnc2n1
HWJRIFZDXJKJJN-UHFFFAOYSA-N,789882.0,OAC1,O=C(Nc1cc2cc[nH]c2cn1)c1ccccc1
JCAFGYWSIWYMOX-UHFFFAOYSA-N,2814138.0,OAC2,O=C(Nc1ccc2[nH]ccc2c1)c1ccccc1
RFTSSZJZXOSICM-GRSHGNNSSA-N,,obatoclax,COC1=CC(=N\C1=C/c1[nH]c(C)cc1C)c1cc2ccccc2[nH]1
ZXERDUOLZKYMJM-XNNZWSTBSA-N,,obeticholic-acid,CC[C@H]1[C@@H](O)[C@H]2[C@H]3CC[C@@H]([C@@H](C)CCC(O)=O)[C@@]3(C)CC[C@@H]2[C@@]2(C)CC[C@@H](O)C[C@@H]12
HIGRLDNHDGYWQJ-UHFFFAOYSA-P,8251.0,obidoxime,O\N=C\c1cc[n+](COC[n+]2ccc(\C=N\O)cc2)cc1
FATGTHLOZSXOBC-UHFFFAOYSA-N,11462174.0,OC000459,Cc1c(Cc2ccc3ccccc3n2)c2cc(F)ccc2n1CC(O)=O
ZZQNEJILGNNOEP-UHFFFAOYSA-N,71351.0,ocaperidone,Cc1cccn2c1nc(C)c(CCN1CCC(CC1)c1noc3cc(F)ccc13)c2=O
ZAWXOCUFQSQDJS-VIFPVBQESA-N,11808929.0,ochromycinone,C[C@@H]1CC(=O)c2c(C1)ccc1C(=O)c3c(O)cccc3C(=O)c21
OQJFBUOFGHPMSR-UHFFFAOYSA-N,216456.0,ocinaplon,O=C(c1cnn2c(ccnc12)-c1ccncc1)c1ccccn1
ODLDHXPJRGNTPC-UHFFFAOYSA-N,3081027.0,OCO-1112,CC(C)c1ccc(cc1)C(=O)NCCOc1ccc(cc1)C(O)=O
CXQXSVUQTKDNFP-UHFFFAOYSA-N,24705.0,octamethyltrisiloxane,C[Si](C)(C)O[Si](C)(C)O[Si](C)(C)C
ZVXNYZWXUADSRV-UHFFFAOYSA-N,51167.0,octenidine,CCCCCCCCN=c1ccn(CCCCCCCCCCn2ccc(cc2)=NCCCCCCCC)cc1
YBGZDTIWKVFICR-NRMKIYEFSA-N,6993341.0,octinoxate,CCCC[C@@H](CC)COC(=O)\C=C\c1ccc(OC)cc1
FMRHJJZUHUTGKE-GFCCVEGCSA-N,1550885.0,octisalate,CCCC[C@@H](CC)COC(=O)c1ccccc1O
FMJSMJQBSVNSBF-LJQANCHMSA-N,40424580.0,octocrylene,CCCC[C@@H](CC)COC(=O)C(C#N)=C(c1ccccc1)c1ccccc1
QNIVIMYXGGFTAK-MRVPVSSYSA-N,6989209.0,octodrine,CC(C)CCC[C@@H](C)N
QHGUCRYDKWKLMG-UHFFFAOYSA-N,657354.0,octopamine,NCC(O)c1ccc(O)cc1
DEQANNDTNATYII-KWPKQMLXSA-N,,octreotide,C[C@@H](O)[C@@H](CO)NC(=O)[C@H]1CSSC[C@@H](NC(=O)[C@@H](N)Cc2ccccc2)C(=O)N[C@@H](Cc2ccccc2)C(=O)N[C@@H](Cc2c[nH]c3ccccc23)C(=O)N[C@@H](CCCCN)C(=O)N[C@@H]([C@@H](C)O)C(=O)N1
FWIVDMJALNEADT-SFTDATJTSA-N,10152654.0,odanacatib,CC(C)(F)C[C@H](N[C@@H](c1ccc(cc1)-c1ccc(cc1)S(C)(=O)=O)C(F)(F)F)C(=O)NC1(CC1)C#N
LZMHWZHOZLVYDL-UHFFFAOYSA-N,1456.0,ODQ,O=c1onc2cnc3ccccc3n12
YUNQZQREIHWDQT-UHFFFAOYSA-N,35397514.0,OF-1,COc1cc2n(C)c(=O)n(C)c2cc1NS(=O)(=O)c1ccc(Br)cc1C
GSDSWSVVBLHKDQ-JTQLQIEISA-N,6956357.0,ofloxacin,C[C@H]1COc2c(N3CCN(C)CC3)c(F)cc3c2n1cc(C(O)=O)c3=O
DSOJSZXQRJGBCW-CABCVRRESA-N,56639570.0,OG-L002,N[C@H]1C[C@@H]1c1ccc(cc1)-c1cccc(O)c1
MDGIEDNDSFMSLP-UHFFFAOYSA-N,56707820.0,ogerin,Nc1nc(NCc2ccccc2)nc(n1)-c1ccccc1CO
OKFDRAHPFKMAJH-UHFFFAOYSA-N,11387409.0,oglemilast,CS(=O)(=O)Nc1ccc2oc3c(OC(F)F)ccc(C(=O)Nc4c(Cl)cncc4Cl)c3c2c1
LLEUXCDZPQOJMY-AAEUAGOBSA-N,100094.0,oglufanide,N[C@@H](CCC(O)=O)C(=O)N[C@@H](Cc1c[nH]c2ccccc12)C(O)=O
DJOVLOYCGXNVPI-UHFFFAOYSA-N,91623360.0,OICR-9429,CN1CCN(CC1)c1ccc(cc1NC(=O)c1c[nH]c(=O)cc1C(F)(F)F)-c1cccc(CN2CCOCC2)c1
KVWDHTXUZHCGIO-UHFFFAOYSA-N,135398745.0,olanzapine,CN1CCN(CC1)C1=Nc2ccccc2Nc2sc(C)cc12
FDLYAMZZIXQODN-UHFFFAOYSA-N,23725625.0,olaparib,Fc1ccc(Cc2n[nH]c(=O)c3ccccc23)cc1C(=O)N1CCN(CC1)C(=O)C1CC1
QQBPLXNESPTPNU-KTKRTIGZSA-N,5282106.0,OLDA,CCCCCCCC\C=C/CCCCCCCC(=O)NCCc1ccc(O)c(O)c1
FATBGEAMYMYZAF-KTKRTIGZSA-N,5283387.0,oleamide,CCCCCCCC\C=C/CCCCCCCC(N)=O
JLPDBLFIVFSOCC-XYXFTTADSA-N,11541511.0,oleandrin,CO[C@H]1C[C@H](O[C@H]2CC[C@@]3(C)[C@H](CC[C@@H]4[C@@H]3CC[C@]3(C)[C@H]([C@H](C[C@]43O)OC(C)=O)C3=CC(=O)OC3)C2)O[C@@H](C)[C@@H]1O
MIJYXULNPSFWEK-GTOFXWBISA-N,10494.0,oleanolic-acid,CC1(C)CC[C@@]2(CC[C@]3(C)C(=CC[C@@H]4[C@@]5(C)CC[C@H](O)C(C)(C)[C@@H]5CC[C@@]34C)[C@@H]2C1)C(O)=O
BOWVQLFMWHZBEF-KTKRTIGZSA-N,5283454.0,oleoylethanolamide,CCCCCCCC\C=C/CCCCCCCC(=O)NCCO
QNTASHOAVRSLMD-SIWSWZRQSA-N,9930827.0,olesoxime,CC(C)CCC[C@@H](C)[C@H]1CC[C@H]2[C@@H]3CCC4=C\C(CC[C@]4(C)[C@H]3CC[C@]12C)=N\O
RFWGABANNQMHMZ-JIBQERFGSA-N,,oleuropein,COC(=O)C1=CO[C@@H](O[C@H]2O[C@@H](CO)[C@@H](O)[C@@H](O)[C@@H]2O)\C(=C/C)[C@@H]1CC(=O)OCCc1ccc(O)c(O)c1
MNULEGDCPYONBU-BGLGBHOCSA-N,133268482.0,oligomycin-A,[H][C@]12CC[C@@H](CC)\C=C\C=C\C[C@@H](C)[C@H](O)[C@@](C)(O)C(=O)[C@@H](C)[C@H](O)[C@@H](C)C(=O)[C@@H](C)[C@H](O)[C@@H](C)\C=C\C(=O)O[C@]([H])([C@@H]1C)[C@H](C)[C@@]1(CC[C@H](C)[C@H](C[C@@H](C)O)O1)O2
VTRAEEWXHOVJFV-UHFFFAOYSA-N,158781.0,olmesartan,CCCc1nc(c(C(O)=O)n1Cc1ccc(cc1)-c1ccccc1-c1nn[nH]n1)C(C)(C)O
UQGKUQLKSCSZGY-UHFFFAOYSA-N,130881.0,olmesartan-medoxomil,CCCc1nc(c(C(=O)OCc2oc(=O)oc2C)n1Cc1ccc(cc1)-c1ccccc1-c1nn[nH]n1)C(C)(C)O
FDMQDKQUTRLUBU-UHFFFAOYSA-N,54758501.0,olmutinib,CN1CCN(CC1)c1ccc(Nc2nc(Oc3cccc(NC(=O)C=C)c3)c3sccc3n2)cc1
GHBCIXGRCZIPNQ-MHZLTWQESA-N,9937291.0,olodanrigan,COc1ccc2CN([C@@H](Cc2c1OCc1ccccc1)C(O)=O)C(=O)C(c1ccccc1)c1ccccc1
GTVPOLSIJWJJNY-UHFFFAOYSA-N,4592.0,olomoucine,Cn1cnc2c(NCc3ccccc3)nc(NCCO)nc12
JBIMVDZLSHOPLA-LSCVHKIXSA-N,5281071.0,olopatadine,CN(C)CC\C=C1\c2ccccc2COc2ccc(CC(O)=O)cc12
JPAWFIIYTJQOKW-UHFFFAOYSA-N,4593.0,olprinone,Cc1[nH]c(=O)c(cc1-c1ccc2nccn2c1)C#N
QQBDLJCYGRGAKP-FOCLMDBBSA-N,,olsalazine,OC(=O)c1cc(ccc1O)\N=N\c1ccc(O)c(c1)C(O)=O
CKNAQFVBEHDJQV-UHFFFAOYSA-N,47318.0,oltipraz,Cc1c(ssc1=S)-c1cnccn1
FYJLDICZGDFWKP-UHFFFAOYSA-N,89497391.0,olumacostat-glasaretil,CCCCCCCCCCCCCCOc1ccc(o1)C(=O)OCC(=O)N(C)CC(=O)OCC
OPZKBPQVWDSATI-KHPPLWFESA-N,5311093.0,olvanil,CCCCCCCC\C=C/CCCCCCCC(=O)NCc1ccc(O)c(OC)c1
OVIWLBQFYMOVOF-NXSZOOMBSA-N,,omadacycline,[H][C@@]12Cc3c(cc(CNCC(C)(C)C)c(O)c3C(=O)[C@H]1C(=O)[C@]1(O)C(=O)[C@@H](C(N)=O)C(=O)[C@@H](N(C)C)[C@]1([H])C2)N(C)C
LVRLSYPNFFBYCZ-VGWMRTNUSA-N,656629.0,omapatrilat,[H][C@]12CCC[C@H](N1C(=O)[C@H](CCS2)NC(=O)[C@@H](S)Cc1ccccc1)C(O)=O
MKMPWKUAHLTIBJ-ISTRZQFTSA-N,46209133.0,omarigliptin,CS(=O)(=O)n1cc2CN(Cc2n1)[C@H]1CO[C@@H]([C@@H](N)C1)c1cc(F)ccc1F
RZVAJINKPMORJF-UHFFFAOYSA-N,1983.0,paracetamol,CC(=O)Nc1ccc(O)cc1
PIDFDZJZLOTZTM-KHVQSSSXSA-N,54767916.0,ombitasvir,COC(=O)N[C@@H](C(C)C)C(=O)N1CCC[C@H]1C(=O)Nc1ccc(cc1)[C@@H]1CC[C@H](N1c1ccc(cc1)C(C)(C)C)c1ccc(NC(=O)[C@@H]2CCCN2C(=O)[C@@H](NC(=O)OC)C(C)C)cc1
IXWNTLSTOZFSCM-YVACAVLKSA-N,6918405.0,ombrabulin,COc1ccc(\C=C/c2cc(OC)c(OC)c(OC)c2)cc1NC(=O)[C@@H](N)CO
ICDMLAQPOAVWNH-HAAQQRBASA-N,6604915.0,OMDM-2,CCCCCCCC\C=C/CCCCCCCC(=O)N[C@@H](CO)Cc1ccc(O)cc1
RFUBTTPMWSKEIW-UHFFFAOYSA-N,11689883.0,omecamtiv-mecarbil,COC(=O)N1CCN(Cc2cccc(NC(=O)Nc3ccc(C)nc3)c2F)CC1
YAONEUNUMVOKNQ-UHFFFAOYSA-N,123810.0,omega-(4-iodophenyl)pentadecanoic-acid,OC(=O)CCCCCCCCCCCCCCc1ccc(I)cc1
SSQPWTVBQMWLSZ-AAQCHOMXSA-N,9831415.0,omega-3-acid-esters,CCOC(=O)CCC\C=C/C\C=C/C\C=C/C\C=C/C\C=C/CC
SUBDBMMJDZJVOS-DEOSSOPVSA-N,9568614.0,omeprazole,COc1ccc2nc([nH]c2c1)[S@@](=O)Cc1ncc(C)c(OC)c1C
KWORUUGOSLYAGD-YPPDDXJESA-N,9601083.0,omeprazole-magnesium,COc1ccc2n([Mg]n3c(nc4cc(OC)ccc34)[S@@](=O)Cc3ncc(C)c(OC)c3C)c(nc2c1)[S@@](=O)Cc1ncc(C)c(OC)c1C
XURCIPRUUASYLR-UHFFFAOYSA-N,155794.0,omeprazole-sulfide,COc1ccc2nc(SCc3ncc(C)c(OC)c3C)[nH]c2c1
HROMYAWHLUOUPY-AHCCQAQQSA-N,6918522.0,omtriptolide,[H][C@@]12C[C@@H]3O[C@@]33[C@H](OC(=O)CCC(O)=O)[C@]4(O[C@H]4[C@@H]4O[C@]34[C@@]1(C)CCC1=C2COC1=O)C(C)C
KUTAVMCJCVADGZ-BQYQJAHWSA-N,11486204.0,ON-01500,COc1cc(OC)c(\C=C\S(=O)(=O)Cc2ccc(OC)c(N)c2)c(OC)c1
VADOZMZXXRBXNY-UHFFFAOYSA-N,56649281.0,ON123300,CN1CCN(CC1)c1ccc(Nc2ncc3cc(C#N)c(=O)n(C4CCCC4)c3n2)cc1
VLULRUCCHYVXOH-UHFFFAOYSA-N,73777259.0,ONC201,Cc1ccccc1CN1C2=NCCN2C2=C(CN(Cc3ccccc3)CC2)C1=O
ZDRQMXCSSAPUMM-UHFFFAOYSA-N,872445.0,oncrasin-1,Clc1ccc(Cn2cc(C=O)c3ccccc23)cc1
FELGMEQIXOGIFQ-CYBMUJFWSA-N,667538.0,ondansetron,Cc1nccn1C[C@H]1CCc2c(C1=O)c1ccccc1n2C
SEJLPXCPMNSRAM-GOSISDBHSA-N,54755438.0,ONO-4059,CC#CC(=O)N1CC[C@H](C1)n1c2ncnc(N)c2n(-c2ccc(Oc3ccccc3)cc2)c1=O
HDWWQELUBWGQGA-WMZOPIPTSA-N,9888141.0,ONO-4817,CCOCOC[C@H](C[C@H](C)C(=O)NO)NC(=O)c1ccc(Oc2ccccc2)cc1
IOXMDBQCUCDLAF-UHFFFAOYSA-N,9827317.0,ONO-8130,CC(C)CN(c1cc2CCCc2cc1OCc1ccc(cc1)C(O)=O)S(=O)(=O)c1nc(C)cs1
MTDIMKNAJUQTIO-OAHLLOKOSA-N,92978378.0,ONO-AE3-208,C[C@@H](C(=O)Nc1cc(ccc1CCCC(O)=O)C#N)c1ccc(F)c2ccccc12
WQAVPPWWLLVGFK-VTNASVEKSA-N,23642227.0,ONX-0914,COc1ccc(C[C@H](NC(=O)[C@H](C)NC(=O)CN2CCOCC2)C(=O)N[C@@H](Cc2ccccc2)C(=O)[C@@]2(C)CO2)cc1
RSBPYSTVZQAADE-RQJHMYQMSA-N,73386748.0,OP-0595,NCCONC(=O)[C@@H]1CC[C@@H]2CN1C(=O)N2OS(O)(=O)=O
KSNUCNRMDYJBKT-UHFFFAOYSA-N,114904.0,OPC-21268,CC(=O)NCCCOc1ccc(cc1)C(=O)N1CCC(CC1)N1C(=O)CCc2ccccc12
ASOADIZOVZTJSR-UHFFFAOYSA-N,135565903.0,opicapone,Cc1c(Cl)c(C)[n+]([O-])c(Cl)c1-c1noc(n1)-c1cc(O)c(O)c(c1)[N+]([O-])=O
YNZFUWZUGRBMHL-UHFFFAOYSA-N,9417.0,opipramol,OCCN1CCN(CCCN2c3ccccc3C=Cc3ccccc23)CC1
SWZXEVABPLUDIO-WSZYKNRRSA-N,25067547.0,oprozomib,COC[C@H](NC(=O)[C@H](COC)NC(=O)c1cnc(C)s1)C(=O)N[C@@H](Cc1ccccc1)C(=O)[C@@]1(C)CO1
VDCDWNDTNSWDFJ-UHFFFAOYSA-N,3870203.0,OR-486,Oc1cc(cc(c1O)[N+]([O-])=O)[N+]([O-])=O
NHFDRBXTEDBWCZ-ZROIWOOFSA-N,5329099.0,orantinib,Cc1[nH]c(\C=C2/C(=O)Nc3ccccc23)c(C)c1CCC(O)=O
QIPQASLPWJVQMH-DTORHVGOSA-N,7061800.0,orbifloxacin,C[C@H]1CN(C[C@@H](C)N1)c1c(F)c(F)c2c(c1F)n(cc(C(O)=O)c2=O)C1CC1
NTCCRGGIJNDEAB-IRXDYDNUSA-N,448281.0,ORE1001,CC(C)C[C@H](N[C@@H](Cc1cncn1Cc1cc(Cl)cc(Cl)c1)C(O)=O)C(O)=O
QZYYPQAYSFBKPW-UHFFFAOYSA-N,9796408.0,ORG-12962,FC(F)(F)c1ccc(nc1Cl)N1CCNCC1
ZCYOBMASPXQBSZ-UHFFFAOYSA-N,5311287.0,ORG-25543,COc1cc(cc(OC)c1OCc1ccccc1)C(=O)NCC1(CCCC1)N(C)C
FIKUEZUFASUKAH-QMMMGPOBSA-N,13584912.0,ORG-26576,O=C1N2CCC[C@H]2COc2ncccc12
AHFZDNYNXFMRFQ-UHFFFAOYSA-N,44828492.0,ORG-27569,CCc1c([nH]c2ccc(Cl)cc12)C(=O)NCCc1ccc(cc1)N1CCCCC1
JOLKQWPKJFRPOU-UHFFFAOYSA-N,22152353.0,ORG-9768,CC1(CN)Cc2ccccc2C1
SDHTXBWLVGWJFT-XKCURVIJSA-N,5321010.0,oridonin,[H][C@@]1(O)[C@@]2([H])CC[C@]3([H])[C@@]1(C(=O)C2=C)[C@]1(O)OC[C@]32[C@@H](O)CCC(C)(C)[C@@]2([H])[C@@H]1O
VHFGEBVPHAGQPI-LXKZPTCJSA-N,16136912.0,oritavancin,[H][C@@]1(C[C@](C)(NCc2ccc(cc2)-c2ccc(Cl)cc2)[C@@H](O)[C@H](C)O1)O[C@@H]1[C@@H](O)[C@H](O)[C@@H](CO)O[C@H]1Oc1c2Oc3ccc(cc3Cl)[C@@H](O)[C@@H](NC(=O)[C@@H](CC(C)C)NC)C(=O)N[C@@H](CC(N)=O)C(=O)N[C@]3([H])c(c2)cc1Oc1ccc(cc1Cl)[C@@H](O[C@@]1([H])C[C@](C)(N)[C@@H](O)[C@H](C)O1)[C@]1([H])NC(=O)[C@]([H])(NC3=O)c2ccc(O)c(c2)-c2c(O)cc(O)cc2[C@]([H])(NC1=O)C(O)=O
AHLBNYSZXLDEJQ-FWEHEUNISA-N,3034010.0,orlistat,CCCCCCCCCCC[C@@H](C[C@@H]1OC(=O)[C@H]1CCCCCC)OC(=O)[C@H](CC(C)C)NC=O
XZEUAXYWNKYKPL-WDYNHAJCSA-N,35805.0,ormeloxifene,COc1ccc2[C@H]([C@H](c3ccccc3)C(C)(C)Oc2c1)c1ccc(OCCN2CCCC2)cc1
IPWKIXLWTCNBKN-LURJTMIESA-N,688540.0,ornidazole,Cc1ncc(n1C[C@@H](O)CCl)[N+]([O-])=O
MUNMIGOEDGHVLE-FGJIEJSYSA-N,,ornipressin,[H][C@@]1(Cc2ccccc2)NC(=O)[C@H](Cc2ccc(O)cc2)NC(=O)[C@@H](N)CSSC[C@H](NC(=O)[C@H](CC(N)=O)NC(=O)[C@H](CCC(N)=O)NC1=O)C(=O)N1CCC[C@H]1C(=O)N[C@@H](CCCN)C(=O)NCC(N)=O
GGTYBZJRPHEQDG-PGMHMLKASA-N,74765349.0,ornithine,Cl.NCCC[C@@H](N)C(O)=O
PXQPEWDEAKTCGB-UHFFFAOYSA-N,967.0,orotic-acid,OC(=O)c1cc(=O)[nH]c(=O)[nH]1
PULGYDLMFSFVBL-SMFNREODSA-N,56947112.0,orphanin-fq,CC(C)C[C@H](NC(=O)[C@H](CCCCN)NC(=O)[C@H](CCCNC(N)=N)NC(=O)[C@H](C)NC(=O)[C@H](CO)NC(=O)[C@H](CCCCN)NC(=O)[C@H](CCCNC(N)=N)NC(=O)[C@H](C)NC(=O)CNC(=O)[C@@H](NC(=O)[C@H](Cc1ccccc1)NC(=O)CNC(=O)CNC(=O)[C@@H](N)Cc1ccccc1)[C@@H](C)O)C(=O)N[C@@H](C)C(=O)N[C@@H](CC(N)=O)C(=O)N[C@@H](CCC(N)=O)C(O)=O
QVYRGXJJSLMXQH-SFHVURJKSA-N,736041.0,orphenadrine,CN(C)CCO[C@@H](c1ccccc1)c1ccccc1C
OZPFIJIOIVJZMN-GOSISDBHSA-N,10335364.0,orteronel,CNC(=O)c1ccc2cc(ccc2c1)[C@]1(O)CCn2cncc12
ALHBJBCQLJZYON-PFSRBDOWSA-N,71543365.0,ORY-1001,NC1CCC(CC1)N[C@@H]1C[C@H]1c1ccccc1
NENPYTRHICXVCS-YNEHKIRRSA-N,449381.0,oseltamivir-carboxylate,CCC(CC)O[C@@H]1C=C(C[C@H](N)[C@H]1NC(C)=O)C(O)=O
VSZGPKBBMSAYNT-RRFJBIMHSA-N,65028.0,oseltamivir-phosphate,CCOC(=O)C1=C[C@@H](OC(CC)CC)[C@H](NC(C)=O)[C@@H](N)C1
MEEQBDCQPIZMLY-HNNXBMFYSA-N,198747.0,osemozotan,C(CNC[C@H]1COc2ccccc2O1)COc1ccc2OCOc2c1
JROFGZPOBKIAEW-HAQNSBGRSA-N,,OSI-027,COc1cccc2cc([nH]c12)-c1nc([C@H]2CC[C@@H](CC2)C(O)=O)n2ncnc(N)c12
KOQIAZNBAWFSQM-UHFFFAOYSA-N,10317566.0,OSI-420,COCCOc1cc2ncnc(Nc3cccc(c3)C#C)c2cc1OCCO
FGTCROZDHDSNIO-UHFFFAOYSA-N,9868037.0,OSI-930,FC(F)(F)Oc1ccc(NC(=O)c2sccc2NCc2ccnc3ccccc23)cc1
USUZGMWDZDXMDG-CYBMUJFWSA-N,44139752.0,osilodrostat,Fc1cc(ccc1[C@H]1CCc2cncn12)C#N
DUYJMQONPNNFPI-UHFFFAOYSA-N,71496458.0,osimertinib,COc1cc(N(C)CCN(C)C)c(NC(=O)C=C)cc1Nc1nccc(n1)-c1cn(C)c2ccccc12
LUMKNAVTFCDUIE-VHXPQNKSSA-N,3036505.0,ospemifene,OCCOc1ccc(cc1)C(=C(\CCCl)c1ccccc1)\c1ccccc1
JNGVJMBLXIUVRD-SFHVURJKSA-N,11326715.0,ostarine,C[C@](O)(COc1ccc(cc1)C#N)C(=O)Nc1ccc(C#N)c(c1)C(F)(F)F
MBRLOUHOWLUMFF-UHFFFAOYSA-N,10228.0,osthol,COc1ccc2ccc(=O)oc2c1CC=C(C)C
IBXGJPAYWMFXSF-UEEONYLUSA-N,9690136.0,OT-R-antagonist-1,CO\N=C1\C[C@H](N(C1)C(=O)c1ccc(cc1)-c1ccccc1C)C(=O)NC[C@@H](O)c1ccccc1
PFGVNLZDWRZPJW-OPAMFIHVSA-N,5496659.0,otamixaban,COC(=O)[C@H](Cc1cccc(c1)C(N)=N)[C@@H](C)NC(=O)c1ccc(cc1)-c1cc[n+]([O-])cc1
UBRKDAVQCKZSPO-GOSISDBHSA-N,76966449.0,otenzepad,CCN(CC)C[C@H]1CCCCN1CC(=O)N1c2ccccc2C(=O)Nc2cccnc12
NQHNLNLJPDMBFN-UHFFFAOYSA-O,72093.0,otilonium,CCCCCCCCOc1ccccc1C(=O)Nc1ccc(cc1)C(=O)OCC[N+](C)(CC)CC
DKZYXHCYPUVGAF-JCNLHEQBSA-N,,OTS167,CN(C)C[C@H]1CC[C@@H](CC1)Nc1c(cnc2ccc(nc12)-c1cc(Cl)c(O)c(Cl)c1)C(C)=O
OETLNMOJNONWOY-LBPRGKRZSA-N,67448836.0,OTS514,C[C@@H](CN)c1ccc(cc1)-c1c(O)cc(C)c2[nH]c(=O)c3sccc3c12
GNMUEVRJHCWKTO-FQEVSTJZSA-N,9936746.0,OTX015,Cc1sc-2c(c1C)C(=N[C@@H](CC(=O)Nc1ccc(O)cc1)c1nnc(C)n-21)c1ccc(Cl)cc1
LPMXVESGRSUGHW-VGFRVVOQSA-N,11527152.0,ouabain,C[C@@H]1O[C@@H](O[C@@H]2C[C@@H](O)[C@]3(CO)[C@H]4[C@H](O)C[C@]5(C)[C@H](CC[C@]5(O)[C@@H]4CC[C@]3(O)C2)C2=CC(=O)OC2)[C@H](O)[C@H](O)[C@H]1O
XUIUXXQVHPEQNM-UHFFFAOYSA-N,24857242.0,OXA-06,Fc1ccccc1CNCc1ccc(cc1)-c1ccnc2[nH]ccc12
BAPRUDZDYCKSOQ-RITPCOANSA-N,65784.0,oxaceprol,CC(=O)N1C[C@H](O)C[C@H]1C(O)=O
UWYHMGVUTGAWSP-JKIFEVAISA-N,6196.0,oxacillin,Cc1onc(c1C(=O)N[C@H]1[C@H]2SC(C)(C)[C@@H](N2C1=O)C(O)=O)-c1ccccc1
FKUPPRZPSYCDRS-UHFFFAOYSA-N,235414.0,oxacyclohexadecan-2-one,O=C1CCCCCCCCCCCCCCO1
DWAFYCQODLXJNR-BNTLRKBRSA-L,43805.0,oxaliplatin,O=C1O[Pt]2(N[C@@H]3CCCC[C@H]3N2)OC1=O
UWYVPFMHMJIBHE-UHFFFAOYSA-N,54676101.0,oxaloacetate,OC(=O)C=C(O)C(O)=O
VRYKTHBAWRESFI-VOTSOKGWSA-N,5281087.0,oxantel,CN1CCCN=C1\C=C\c1cccc(O)c1
OFPXSFXSNFPTHF-UHFFFAOYSA-N,4614.0,oxaprozin,OC(=O)CCc1nc(c(o1)-c1ccccc1)-c1ccccc1
BAINIUMDFURPJM-UHFFFAOYSA-N,4615.0,oxatomide,O=c1[nH]c2ccccc2n1CCCN1CCN(CC1)C(c1ccccc1)c1ccccc1
CTRLABGOLIVAIY-UHFFFAOYSA-N,34312.0,oxcarbazepine,NC(=O)N1c2ccccc2CC(=O)c2ccccc12
IQADUMSPOQKAAO-UHFFFAOYSA-N,4619.0,oxelaidin,CCN(CC)CCOCCOC(=O)C(CC)(CC)c1ccccc1
FTLDJPRFCGDUFH-UHFFFAOYSA-N,4621.0,oxethazaine,CN(C(=O)CN(CCO)CC(=O)N(C)C(C)(C)Cc1ccccc1)C(C)(C)Cc1ccccc1
FEQUIPXIENTMJN-SFHVURJKSA-N,70699441.0,OXF-BD-02,Cc1noc(C)c1-c1cc(O)cc(c1)[C@@H](O)c1ccccc1
BEZZFPOZAYTVHN-QFIPXVFZSA-N,12940581.0,oxfendazole,COC(=O)Nc1nc2ccc(cc2[nH]1)[S@@](=O)c1ccccc1
LJCWONGJFPCTTL-SSDOTTSWSA-N,89853.0,oxfenicine,N[C@@H](C(O)=O)c1ccc(O)cc1
RAOCRURYZCVHMG-UHFFFAOYSA-N,4622.0,oxibendazole,CCCOc1ccc2nc(NC(=O)OC)[nH]c2c1
QRJJEGAJXVEBNE-HKOYGPOVSA-N,5353853.0,oxiconazole,Clc1ccc(CO\N=C(/Cn2ccnc2)c2ccc(Cl)cc2Cl)c(Cl)c1
DIVDFFZHCJEHGG-UHFFFAOYSA-N,4624.0,oxidopamine,NCCc1cc(O)c(O)cc1O
FJCFFCXMEXZEIM-UHFFFAOYSA-N,16976.0,oxiniacic-acid,OC(=O)c1ccc[n+]([O-])c1
NVDBBGBUTKLRSN-UHFFFAOYSA-N,68634.0,oxiperomide,O=c1[nH]c2ccccc2n1C1CCN(CCOc2ccccc2)CC1
IHLAQQPQKRMGSS-SCSAIBSYSA-N,3051965.0,oxiracetam,NC(=O)CN1C[C@H](O)CC1=O
IDCHQQSVJAAUQQ-UHFFFAOYSA-N,13738.0,oxolamine,CCN(CC)CCc1nc(no1)-c1ccccc1
KYGZCKSPAKDVKC-UHFFFAOYSA-N,4628.0,oxolinic-acid,CCn1cc(C(O)=O)c(=O)c2cc3OCOc3cc12
RYYCJUAHISIHTL-UHFFFAOYSA-N,4604.0,oxonic-acid,OC(=O)c1nc(=O)[nH]c(=O)[nH]1
CANZROMYQDHYHR-UHFFFAOYSA-N,4629.0,oxotremorine-M,C[N+](C)(C)CC#CCN1CCCC1=O
RSDOPYMFZBJHRL-UHFFFAOYSA-N,4630.0,oxotremorine-sesquifumarate,O=C1CCCN1CC#CCN1CCCC1
CEMAWMOMDPGJMB-CYBMUJFWSA-N,94423.0,oxprenolol,CC(C)NC[C@@H](O)COc1ccccc1OCC=C
DXGLGDHPHMLXJC-UHFFFAOYSA-N,4632.0,oxybenzone,COc1ccc(C(=O)c2ccccc2)c(O)c1
CMHHMUWAYWTMGS-UHFFFAOYSA-N,4633.0,oxybuprocaine,CCCCOc1cc(ccc1N)C(=O)OCCN(CC)CC
XIQVNETUBQGFHX-QFIPXVFZSA-N,6098167.0,oxybutynin,CCN(CC)CC#CCOC(=O)[C@@](O)(C1CCCCC1)c1ccccc1
JYWIYHUXVMAGLG-UHFFFAOYSA-N,16779.0,oxyclozanide,Oc1c(Cl)cc(Cl)cc1NC(=O)c1c(O)c(Cl)cc(Cl)c1Cl
GDYUVHBMFVMBAF-LIRRHRJNSA-N,5489013.0,oxyfedrine,COc1cccc(c1)C(=O)CCN[C@@H](C)[C@H](O)c1ccccc1
XVPBINOPNYFXID-JARXUMMXSA-N,24864132.0,oxymatrine,[H][C@]12CCC[N@@+]3([O-])CCC[C@]([H])([C@@]4([H])CCCC(=O)N4C1)[C@]23[H]
WYWIFABBXFUGLM-UHFFFAOYSA-N,4636.0,oxymetazoline,Cc1cc(c(O)c(C)c1CC1=NCCN1)C(C)(C)C
HFHZKZSRXITVMK-KRWDZBQOSA-N,448033.0,oxyphenbutazone,CCCC[C@H]1C(=O)N(N(C1=O)c1ccc(O)cc1)c1ccccc1
DUDKAZCAISNGQN-FQEVSTJZSA-N,688541.0,oxyphencyclimine,CN1CCCN=C1COC(=O)[C@@](O)(C1CCCCC1)c1ccccc1
GFRUPHOKLBPHTQ-UHFFFAOYSA-N,5748.0,oxyphenonium,CC[N+](C)(CC)CCOC(=O)C(O)(C1CCCCC1)c1ccccc1
HXNFUBHNUDHIGC-UHFFFAOYSA-N,135398752.0,oxypurinol,O=c1nc2[nH][nH]cc2c(=O)[nH]1
MCJGNVYPOGVAJF-UHFFFAOYSA-N,1923.0,oxyquinoline,Oc1cccc2cccnc12
KTUXFHGUHYRDNF-PXOLEDIWSA-N,,oxytetracycline,CN(C)[C@H]1[C@@H]2[C@@H](O)[C@H]3C(=C(O)[C@]2(O)C(O)=C(C(N)=O)C1=O)C(=O)c1c(O)cccc1[C@@]3(C)O
XNOPRXBHLZRZKH-LGMJNFKNSA-N,133698923.0,oxytocin,CC[C@H](C)[C@@H]1NC(=O)[C@H](Cc2ccc(O)cc2)NC(=O)[C@@H](N)CSSC[C@H](NC(=O)[C@H](CC(N)=O)NC(=O)[C@H](CCC(N)=O)NC1=O)C(=O)N1CCC[C@H]1C(=O)N[C@@H](CC(C)C)C(=O)NCC(N)=O
SHZKQBHERIJWAO-AATRIKPKSA-N,5282440.0,ozagrel,OC(=O)\C=C\c1ccc(Cn2ccnc2)cc1
XRVDGNKRPOAQTN-FQEVSTJZSA-N,52938427.0,ozanimod,CC(C)Oc1ccc(cc1C#N)-c1nc(no1)-c1cccc2[C@H](CCc12)NCCO
XPIJWUTXQAGSLK-UHFFFAOYSA-N,9863827.0,ozenoxacin,CNc1ncc(cc1C)-c1ccc2c(c1C)n(cc(C(O)=O)c2=O)C1CC1
NQFBZYYUAFJYNS-SKVAFPRGSA-N,76959758.0,ozolinone,CN1C(=O)[C@@H](S\C1=C/C(O)=O)N1CCCCC1
LXTZRIBXKVRLOA-UHFFFAOYSA-N,26890.0,p-dimethylinamyl-benzoate,CCCCCOC(=O)c1ccc(cc1)N(C)C
RMAMGGNACJHXHO-UHFFFAOYSA-N,46931953.0,P22077,CC(=O)c1cc(c(Sc2ccc(F)cc2F)s1)[N+]([O-])=O
QLUYMIVVAYRECT-OCCSQVGLSA-N,23643976.0,P276-00,CN1CC[C@H]([C@@H]1CO)c1c(O)cc(O)c2c1oc(cc2=O)-c1ccccc1Cl
LKZLGMAAKNEGCH-UHFFFAOYSA-N,2819993.0,P5091,CC(=O)c1cc(c(Sc2cccc(Cl)c2Cl)s1)[N+]([O-])=O
FZHHRERIIVOATI-KRWDZBQOSA-N,981442.0,P7C3,O[C@@H](CNc1ccccc1)Cn1c2ccc(Br)cc2c2cc(Br)ccc12
JJUUTJCZMGZJDZ-UHFFFAOYSA-N,9803242.0,PA-452,CCCCCCOc1cc2c(cc1N(C)c1ncc(cn1)C(O)=O)C(C)(C)CCC2(C)C
YQNRVGJCPCNMKT-LFVJCYFKSA-N,9675990.0,PAC-1,Oc1c(CC=C)cccc1\C=N\NC(=O)CN1CCN(Cc2ccccc2)CC1
RCINICONZNJXQF-MZXODVADSA-N,36314.0,paclitaxel,CC(=O)O[C@@H]1C2=C(C)[C@H](C[C@@](O)([C@@H](OC(=O)c3ccccc3)[C@@H]3[C@@]4(CO[C@@H]4C[C@H](O)[C@@]3(C)C1=O)OC(C)=O)C2(C)C)OC(=O)[C@H](O)[C@@H](NC(=O)c1ccccc1)c1ccccc1
MAHYXYTYTLCTQD-UHFFFAOYSA-N,4670.0,PACOCF3,CCCCCCCCCCCCCCCC(=O)C(F)(F)F
HWXVIOGONBBTBY-ONEGZZNKSA-N,46216796.0,pacritinib,C(CN1CCCC1)Oc1ccc2Nc3nccc(n3)-c3cccc(COC\C=C\COCc1c2)c3
DCXFIOLWWRXEQH-SSDOTTSWSA-N,52911611.0,padsevonil,COCc1nn2c(CN3C[C@@H](CC(F)(F)Cl)CC3=O)c(nc2s1)C(F)(F)F
YKRGDOXKVOZESV-WRJNSLSBSA-N,442534.0,paeoniflorin,C[C@@]12C[C@@]3(O)O[C@@H](O1)[C@]1(COC(=O)c4ccccc4)[C@H]3C[C@]21O[C@@H]1O[C@H](CO)[C@@H](O)[C@H](O)[C@H]1O
UILPJVPSNHJFIK-UHFFFAOYSA-N,11092.0,paeonol,COc1ccc(C(C)=O)c(O)c1
UKOQVLAXCBRRGH-UHFFFAOYSA-N,6529858.0,pafuramidine,CON=C(N)c1ccc(cc1)-c1ccc(o1)-c1ccc(cc1)C(N)=NOC
HIUPRQPBWVEQJJ-IBGZPJMESA-N,25273635.0,pagoclone,CC(C)CCC(=O)C[C@@H]1N(C(=O)c2ccccc12)c1ccc2ccc(Cl)nc2n1
AHJRHEGDXFFMBM-UHFFFAOYSA-N,5330286.0,palbociclib,CC(=O)c1c(C)c2cnc(Nc3ccc(cn3)N3CCNCC3)nc2n(C2CCCC2)c1=O
BKCJZNIZRWYHBN-UHFFFAOYSA-N,100427.0,palifosfamide,OP(=O)(NCCCl)NCCCl
PMXMIIMHBWHSKN-IBGZPJMESA-N,9823781.0,paliperidone,Cc1nc2[C@@H](O)CCCn2c(=O)c1CCN1CCC(CC1)c1noc2cc(F)ccc12
QUCQEUCGKKTEBI-UHFFFAOYSA-N,19009.0,palmatine-chloride,COc1cc2CC[n+]3cc4c(OC)c(OC)ccc4cc3-c2cc1OC
SECPZKHBENQXJG-FPLPWBNLSA-N,445638.0,palmitoleic-acid,CCCCCC\C=C/CCCCCCCC(O)=O
XOMRRQXKHMYMOC-NRFANRHFSA-O,16903.0,palmitoylcarnitine,CCCCCCCCCCCCCCCC(=O)O[C@@H](CC(O)=O)C[N+](C)(C)C
HXYVTAGFYLMHSO-UHFFFAOYSA-N,4671.0,palmitoylethanolamide,CCCCCCCCCCCCCCCC(=O)NCCO
YEAHTLOYHVWAKW-CQSZACIVSA-N,86324425.0,palomid-529,COc1ccc(COc2cc3oc(=O)c4cc(ccc4c3cc2OC)[C@@H](C)O)cc1
CPZBLNMUGSZIPR-NVXWUHKLSA-N,6337614.0,palonosetron,O=C1N(C[C@H]2CCCc3cccc1c23)[C@@H]1CN2CCC1CC2
WYJCYXOCHXWTHG-UHFFFAOYSA-N,10173280.0,palosuran,Cc1cc(NC(=O)NCCN2CCC(O)(Cc3ccccc3)CC2)c2ccccc2n1
YTFHCXIPDIHOIA-DHZHZOJOSA-N,10295295.0,palovarotene,CC1(C)CCC(C)(C)c2cc(\C=C\c3ccc(cc3)C(O)=O)c(Cn3cccn3)cc12
ATOTUUBRFJHZQG-UHFFFAOYSA-N,11806.0,pamabrom,CC(C)(N)CO.Cn1c2nc(Br)[nH]c2c(=O)n(C)c1=O
WRUUGTRCQOWXEG-UHFFFAOYSA-N,4674.0,pamidronate,NCCC(O)(P(O)(O)=O)P(O)(O)=O
DENYZIUJOTUUNY-MRXNPFEDSA-N,135565554.0,pamiparib,C[C@]12CCCN1Cc1n[nH]c(=O)c3cc(F)cc4[nH]c2c1c34
GVEAYVLWDAFXET-XGHATYIMSA-N,441289.0,pancuronium,CC(=O)O[C@H]1[C@H](C[C@H]2[C@@H]3CC[C@H]4C[C@H](OC(C)=O)[C@H](C[C@]4(C)[C@H]3CC[C@]12C)[N+]1(C)CCCCC1)[N+]1(C)CCCCC1
UIWSCWBHZRPIKR-DLYFRVTGSA-N,,panipenem,C[C@@H](O)[C@@H]1[C@H]2CC(S[C@H]3CCN(C3)C(N)=C)=C(N2C1=O)C(O)=O
FPOHNWQLNRZRFC-ZHACJKMWSA-N,6918837.0,panobinostat,Cc1[nH]c2ccccc2c1CCNCc1ccc(\C=C\C(=O)NO)cc1
DJWYOLJPSHDSAL-ROUUACIJSA-N,452306.0,pantethine,CC(C)(CO)[C@@H](O)C(=O)NCCC(=O)NCCSSCCNC(=O)CCNC(=O)[C@H](O)C(C)(C)CO
IQPSEEYGBUAQFF-AREMUKBSSA-N,11181988.0,pantoprazole,COc1ccnc(C[S@@](=O)c2nc3ccc(OC(F)F)cc3[nH]2)c1OC
GHOKWGTUZJEAQD-ZETCQYMHSA-N,6613.0,pantothenic-acid,CC(C)(CO)[C@@H](O)C(=O)NCCC(O)=O
QXHVGEXNEZRSGG-JGVFFNPUSA-N,44281634.0,PAOPA,NC(=O)CN1CC[C@@H](NC(=O)[C@@H]2CCCN2)C1=O
XQYZDYMELSJDRZ-UHFFFAOYSA-N,4680.0,papaverine,COc1ccc(Cc2nccc3cc(OC)c(OC)cc23)cc1OC
DIKSYHCCYVYKRO-UHFFFAOYSA-N,54684617.0,paquinimod,CCN(C(=O)c1c(O)c2c(CC)cccc2n(C)c1=O)c1ccccc1
LMYRWZFENFIFIT-UHFFFAOYSA-N,6269.0,para-toluenesulfonamide,Cc1ccc(cc1)S(N)(=O)=O
WXNZTHHGJRFXKQ-UHFFFAOYSA-N,4684.0,parachlorophenol,Oc1ccc(Cl)cc1
VQASKUSHBVDKGU-SSDOTTSWSA-N,51380897.0,paramethadione,CC[C@@]1(C)OC(=O)N(C)C1=O
QUNWUDVFRNGTCO-UHFFFAOYSA-N,4687.0,paraxanthine,Cn1cnc2[nH]c(=O)n(C)c(=O)c12
YRWLZFXJFBZBEY-UHFFFAOYSA-N,26596.0,parbendazole,CCCCc1ccc2nc(NC(=O)OC)[nH]c2c1
ZAPRLADYRFPQSH-KRWDZBQOSA-N,76961763.0,parcetasal,CC(=O)Nc1ccc(O[C@]2(C)OC(=O)c3ccccc3O2)cc1
YVPUUUDAZYFFQT-UHFFFAOYSA-N,6918525.0,pardoprunox,CN1CCN(CC1)c1cccc2[nH]c(=O)oc12
TZRHLKRLEZJVIJ-UHFFFAOYSA-N,119828.0,parecoxib,CCC(=O)NS(=O)(=O)c1ccc(cc1)-c1c(C)onc1-c1ccccc1
OWWVHQUOYSPNNE-UHFFFAOYSA-N,7183.0,parethoxycaine,CCOc1ccc(cc1)C(=O)OCCN(CC)CC
DPWPWRLQFGFJFI-UHFFFAOYSA-N,4688.0,pargyline,CN(CC#C)Cc1ccccc1
BPKAHTKRCLCHEA-UBFJEZKGSA-N,5281104.0,paricalcitol,C[C@H](\C=C\[C@H](C)C(C)(C)O)[C@H]1CC[C@H]2\C(CCC[C@]12C)=C\C=C1C[C@@H](O)C[C@H](O)C1
UAUIUKWPKRJZJV-QPLHLKROSA-N,45110509.0,paritaprevir,Cc1cnc(cn1)C(=O)N[C@H]1CCCCC\C=C/[C@@H]2C[C@]2(NC(=O)[C@@H]2C[C@H](CN2C1=O)Oc1nc2ccccc2c2ccccc12)C(=O)NS(=O)(=O)C1CC1
UOZODPSAJZTQNH-LSWIJEOBSA-N,165580.0,paromomycin,NC[C@@H]1O[C@H](O[C@@H]2[C@@H](CO)O[C@@H](O[C@@H]3[C@@H](O)[C@H](N)C[C@H](N)[C@H]3O[C@H]3O[C@H](CO)[C@@H](O)[C@H](O)[C@H]3N)[C@@H]2O)[C@H](N)[C@@H](O)[C@@H]1O
AHOUBRCZNHFOSL-YOEHRIQHSA-N,43815.0,paroxetine,Fc1ccc(cc1)[C@@H]1CCNC[C@H]1COc1ccc2OCOc2c1
RARSHUDCJQSEFJ-UHFFFAOYSA-N,6271.0,paroxypropione,CCC(=O)c1ccc(O)cc1
ZQPDJCIXJHUERQ-QWRGUYRKSA-N,86677874.0,parsaclisib,CCOc1c(cc(Cl)c(F)c1[C@@H]1CNC(=O)C1)[C@H](C)n1nc(C)c2c(N)ncnc12
KTEXNACQROZXEV-SLXBATTESA-N,6473881.0,parthenolide,C\C1=C/CC[C@@]2(C)O[C@H]2[C@H]2OC(=O)C(=C)[C@@H]2CC1
KTEXNACQROZXEV-QLIGOWBFSA-N,5420805.0,parthenolide-(-),C\C1=C\CC[C@@]2(C)O[C@H]2[C@H]2OC(=O)C(=C)[C@@H]2CC1
KTEXNACQROZXEV-PVLRGYAZSA-N,7251185.0,parthenolide-(alternate-stereo),C\C1=C/CC[C@@]2(C)O[C@@H]2[C@H]2OC(=O)C(=C)[C@@H]2CC1
VMZMNAABQBOLAK-DBILLSOUSA-N,9941444.0,pasireotide,NCCCC[C@@H]1NC(=O)[C@@H](Cc2c[nH]c3ccccc23)NC(=O)[C@@H](NC(=O)[C@@H]2C[C@H](CN2C(=O)[C@H](Cc2ccccc2)NC(=O)[C@H](Cc2ccc(OCc3ccccc3)cc2)NC1=O)OC(=O)NCCN)c1ccccc1
ODGXXYXJORZPHE-ZIAGYGMSSA-N,122536283.0,PAT-1251,NCc1cc(Oc2cccc(c2)C(=O)N2C[C@@H](O)[C@H](F)C2)nc(c1)C(F)(F)F
QYTBBBAHNIWFOD-NRFANRHFSA-N,23649245.0,pavinetant,CC[C@H](NC(=O)c1c(NS(C)(=O)=O)c(nc2ccccc12)-c1ccccc1)c1ccccc1
CUIHSIWYWATEQL-UHFFFAOYSA-N,10113978.0,pazopanib,CN(c1ccc2c(C)n(C)nc2c1)c1ccnc(Nc2ccc(C)c(c2)S(N)(=O)=O)n1
XAGMUUZPGZWTRP-ZETCQYMHSA-N,65957.0,pazufloxacin,C[C@H]1COc2c(c(F)cc3c2n1cc(C(O)=O)c3=O)C1(N)CC1
PEGQOIGYZLJMIB-UHFFFAOYSA-N,24749700.0,PBI-4050,CCCCCc1cccc(CC(O)=O)c1
YZPOQCQXOSEMAZ-UHFFFAOYSA-N,10016012.0,PBT-1033,CN(C)Cc1ccc2c(Cl)cc(Cl)c(O)c2n1
UJJUKZPBUMCSJZ-BQYQJAHWSA-N,25142799.0,PFK-015,O=C(\C=C\c1ccc2ccccc2n1)c1ccncc1
DHCNAWNKZMNTIS-GFCCVEGCSA-N,6604734.0,PCA-4248,COC(=O)C1=C(C)NC(C)=C([C@@H]1C)C(=O)OCCSc1ccccc1
MAUCONCHVWBMHK-UHFFFAOYSA-N,11749858.0,PCI-24781,CN(C)Cc1c(oc2ccccc12)C(=O)NCCOc1ccc(cc1)C(=O)NO
WDJHHCAKBRKCLW-IBGZPJMESA-N,135425273.0,PCI-27483,NC(=N)c1ccc2nc([nH]c2c1)-c1cc(CC(=O)N[C@@H](CC(O)=O)C(O)=O)cc(c1O)-c1cc(ccc1O)S(N)(=O)=O
GMJUPMONHWAZCP-UHFFFAOYSA-N,22347110.0,PCI-29732,Nc1ncnc2n(nc(-c3ccc(Oc4ccccc4)cc3)c12)C1CCCC1
AJRGHIGYPXNABY-UHFFFAOYSA-N,24753719.0,PCI-34051,COc1ccc(Cn2ccc3ccc(cc23)C(=O)NO)cc1
WJBHHTPFTVKZCV-CVEARBPZSA-N,129348.0,PCO-400,CC1(C)Oc2ccc(cc2[C@@H](OC2=CC(=O)CC2)[C@@H]1O)C#N
SUDAHWBOROXANE-SECBINFHSA-N,9826528.0,PD-0325901,OC[C@@H](O)CONC(=O)c1ccc(F)c(F)c1Nc1ccc(I)cc1F
VDDUJINYXKGZLV-JOCHJYFZSA-N,92845316.0,PD-102807,CCOC(=O)c1c(C)[nH]c2ccc3O[C@H]4N(CCc5cc(OC)ccc45)Cc3c12
ZCQOSCDABPVAFB-UHFFFAOYSA-N,9864959.0,PD-118057,OC(=O)c1ccccc1Nc1ccc(CCc2ccc(Cl)c(Cl)c2)cc1
YSTVFDAKLDMYCR-NDEPHWFRSA-N,5311345.0,PD-123319,CN(C)c1ccc(Cn2cnc3CN([C@@H](Cc23)C(O)=O)C(=O)C(c2ccccc2)c2ccccc2)cc1C
YOILXOMTHPUMRG-TZMCWYRMSA-N,5311346.0,PD-128907,CCCN1CCO[C@H]2[C@H]1COc1ccc(O)cc21
LSPANGZZENHZNJ-UHFFFAOYSA-N,4705.0,PD-153035,COc1cc2ncnc(Nc3cccc(Br)c3)c2cc1OC
OFCTYBMKKTVKCR-QQTULTPQSA-N,9871594.0,PD-156707,COc1ccc(cc1)C(=O)C(\Cc1cc(OC)c(OC)c(OC)c1)=C(/C(O)=O)c1ccc2OCOc2c1
KFHMLBXBRCITHF-UHFFFAOYSA-N,4707.0,PD-158780,CNc1cc2c(Nc3cccc(Br)c3)ncnc2cn1
YUVNGBZROXQYQH-UHFFFAOYSA-N,9820766.0,PD-160170,CC(C)c1ccccc1S(=O)(=O)c1cc(N)c2ncccc2c1[N+]([O-])=O
MKVMEJKNLUWFSQ-UHFFFAOYSA-N,5328135.0,PD-161570,CCN(CC)CCCCNc1ncc2cc(c(NC(=O)NC(C)(C)C)nc2n1)-c1c(Cl)cccc1Cl
IFPPYSWJNWHOLQ-UHFFFAOYSA-N,5311382.0,PD-166285,CCN(CC)CCOc1ccc(Nc2ncc3cc(-c4c(Cl)cccc4Cl)c(=O)n(C)c3n2)cc1
GJOCABIDMCKCEG-INIZCTEOSA-N,9887870.0,PD-166793,CC(C)[C@H](NS(=O)(=O)c1ccc(cc1)-c1ccc(Br)cc1)C(O)=O
DNULYRGWTFLJQL-UHFFFAOYSA-N,3645619.0,PD-168077,Cc1cccc(c1)C(=O)NCN1CCN(CC1)c1ccccc1C#N
HTUBKQUPEREOGA-UHFFFAOYSA-N,4708.0,PD-168393,Brc1cccc(Nc2ncnc3ccc(NC(=O)C=C)cc23)c1
WQEPZBNLBWDIRZ-OAQYLSRUSA-N,9928335.0,PD-168568,Cc1ccc(cc1C)N1CCN(CC[C@H]2NC(=O)c3ccccc23)CC1
DXCUKNQANPLTEJ-UHFFFAOYSA-N,1401.0,PD-173074,CCN(CC)CCCCNc1ncc2cc(c(NC(=O)NC(C)(C)C)nc2n1)-c1cc(OC)cc(OC)c1
GCDHMGROXQUFNR-HEVIKAOCSA-N,9916734.0,PD-173212,CC(C)C[C@H](N(C)Cc1ccc(cc1)C(C)(C)C)C(=O)N[C@@H](Cc1ccc(OCc2ccccc2)cc1)C(=O)NC(C)(C)C
GFMMXOIFOQCCGU-UHFFFAOYSA-N,6918454.0,PD-184352,Fc1ccc(C(=O)NOCC2CC2)c(Nc2ccc(I)cc2Cl)c1F
UHAXDAKQGVISBZ-UHFFFAOYSA-N,9956637.0,PD-198306,Cc1cc(I)ccc1Nc1c(F)c(F)c(F)cc1C(=O)NOCC1CC1
XXSSGBYXSKOLAM-MRVPVSSYSA-N,17753852.0,PD-318088,OC[C@@H](O)CONC(=O)c1cc(Br)c(F)c(F)c1Nc1ccc(I)cc1F
IAUZTOZLTFSMIE-UHFFFAOYSA-N,4369491.0,PD-407824,Oc1ccc2[nH]c3cc(c4C(=O)NC(=O)c4c3c2c1)-c1ccccc1
KKDKAWKYGCUOGR-UHFFFAOYSA-N,122028.0,PD-81723,Cc1sc(N)c(C(=O)c2cccc(c2)C(F)(F)F)c1C
QFWCYNPOPKQOKV-UHFFFAOYSA-N,4713.0,PD-98059,COc1cccc(c1N)-c1cc(=O)c2ccccc2o1
ZBOYJODMIAUJHH-SANMLTNESA-N,91663303.0,PD1-PDL-inhibitor-1,COc1cc(OCc2cccc(c2C)-c2ccccc2)cc(OC)c1CN1CCCC[C@H]1C(O)=O
IFWUBRBMMNTBRZ-UHFFFAOYSA-N,121398766.0,PDD-00017273,Cc1cc(Cn2c3ccc(cc3c(=O)n(Cc3cnc(C)s3)c2=O)S(=O)(=O)NC2(C)CC2)n(C)n1
ZLHNYULRKIEGAY-HZPDHXFCSA-N,72709059.0,PDE10-IN-1,Cc1c(nc2c3cccnc3ccn12)[C@@H]1C[C@H]1c1nc2c(C)ncc(C)n2n1
BIOVSNWTCKRADD-UHFFFAOYSA-N,69724031.0,PDP-EA,CCCCCCCCCCCCCCCc1cccc(OCC(=O)NCCO)c1
DREIJXJRTLTGJC-ZKVNVPQCSA-N,,peficitinib,NC(=O)c1cnc2[nH]ccc2c1N[C@H]1[C@H]2C[C@H]3C[C@@H]1C[C@](O)(C3)C2
FHFYDNQZQSQIAI-UHFFFAOYSA-N,6919009.0,pefloxacin,CCn1cc(C(O)=O)c(=O)c2cc(F)c(cc12)N1CCN(C)CC1
WPKPLSFHHBBLRY-UHFFFAOYSA-N,65435.0,pelanserin,O=c1[nH]c2ccccc2c(=O)n1CCCN1CCN(CC1)c1ccccc1
WVUNYSQLFKLYNI-AATRIKPKSA-N,6445562.0,pelitinib,CCOc1cc2ncc(C#N)c(Nc3ccc(F)c(Cl)c3)c2cc1NC(=O)\C=C\CN(C)C
NZXHFDXOCVIYLO-UHFFFAOYSA-N,135413516.0,pelrinone,Cc1nc(=O)c(C#N)c(NCc2cccnc2)[nH]1
ZHKNLJLMDFQVHJ-RUZDIDTESA-N,11526038.0,pemafibrate,CC[C@@H](Oc1cccc(CN(CCCOc2ccc(OC)cc2)c2nc3ccccc3o2)c1)C(O)=O
WBXPDJSOTKVWSJ-ZDUSSCGKSA-N,135410875.0,pemetrexed,Nc1nc(=O)c2c(CCc3ccc(cc3)C(=O)N[C@@H](CCC(O)=O)C(O)=O)c[nH]c2[nH]1
HIANJWSAHKJQTH-UHFFFAOYSA-N,57697.0,pemirolast,Cc1cccn2c1ncc(-c1nn[nH]n1)c2=O
XULIXFLCVXWHRF-UHFFFAOYSA-N,6603.0,pempidine,CN1C(C)(C)CCCC1(C)C
KQXKVJAGOJTNJS-HNNXBMFYSA-N,37464.0,penbutolol,CC(C)(C)NC[C@H](O)COc1ccccc1C1CCCC1
JNTOCHDNEULJHD-UHFFFAOYSA-N,135398748.0,penciclovir,Nc1nc(=O)c2ncn(CCC(CO)CO)c2[nH]1
MDLAAYDRRZXJIF-UHFFFAOYSA-N,33630.0,penfluridol,OC1(CCN(CCCC(c2ccc(F)cc2)c2ccc(F)cc2)CC1)c1ccc(Cl)c(c1)C(F)(F)F
VVNCNSJFMMFHPL-VKHMYHEASA-N,6926437.0,penicillamine-(D),CC(C)(S)[C@@H](N)C(O)=O
VVNCNSJFMMFHPL-VKHMYHEASA-N,6926437.0,penicillamine-(racemic),CC(C)(S)[C@@H](N)C(O)=O
BPLBGHOLXOTWMN-MBNYWOFBSA-N,6869.0,penicillin-v-potassium,CC1(C)S[C@@H]2[C@H](NC(=O)COc3ccccc3)C(=O)N2[C@H]1C(O)=O
MWMPEAHGUXCSMY-UHFFFAOYSA-N,10468.0,pentacosanoic-acid,CCCCCCCCCCCCCCCCCCCCCCCCC(O)=O
NEYNJQRKHLUJRU-DZUOILHNSA-N,9853654.0,pentagastrin,CSCC[C@H](NC(=O)[C@H](Cc1c[nH]c2ccccc12)NC(=O)CCNC(=O)OC(C)(C)C)C(=O)N[C@@H](CC(O)=O)C(=O)N[C@@H](Cc1ccccc1)C(N)=O
XDRYMKDFEDOLFX-UHFFFAOYSA-N,4735.0,pentamidine,NC(=N)c1ccc(OCCCCCOc2ccc(cc2)C(N)=N)cc1
QPCDCPDFJACHGM-UHFFFAOYSA-N,3053.0,pentetic-acid,OC(=O)CN(CCN(CC(O)=O)CC(O)=O)CCN(CC(O)=O)CC(O)=O
XSBSKEQEUFOSDD-UHFFFAOYSA-N,5850.0,pentolinium,C[N+]1(CCCCC[N+]2(C)CCCC2)CCCC1
FPVKHBSQESCIEP-JQCXWYLXSA-N,439693.0,pentostatin,OC[C@H]1O[C@H](C[C@@H]1O)n1cnc2[C@H](O)CN=CNc12
BYPFEZZEUUWMEJ-UHFFFAOYSA-N,4740.0,pentoxifylline,CC(=O)CCCCn1c(=O)n(C)c2ncn(C)c2c1=O
CWRVKFFCRWGWCS-UHFFFAOYSA-N,5917.0,pentylenetetrazol,C1CCc2nnnn2CC1
MOWXJLUYGFNTAL-DEOSSOPVSA-N,86292849.0,peposertib,COc1ccc(nn1)[C@@H](O)c1cc(c(F)cc1Cl)-c1ncnc2cc(ccc12)N1CCOCC1
FAXGPCHRFPCXOO-LXTPJMTPSA-N,5478883.0,pepstatin,CC(C)C[C@H](NC(=O)[C@H](C)NC(=O)C[C@H](O)[C@H](CC(C)C)NC(=O)[C@@H](NC(=O)[C@@H](NC(=O)CC(C)C)C(C)C)C(C)C)[C@@H](O)CC(O)=O
XRQDFNLINLXZLB-CKIKVBCHSA-N,154234.0,peramivir,CCC(CC)[C@H](NC(C)=O)[C@@H]1[C@H](O)[C@H](C[C@H]1NC(N)=N)C(O)=O
QTSJJDIDTYFLFC-BJMVGYQFSA-N,6433252.0,perchlozone,NC(=S)N\N=C\c1ccncc1
UUBHZHZSIKRVIV-KCXSXWJSSA-N,6437836.0,peretinoin,CC(C)=CCC\C(C)=C\CC\C(C)=C\C=C\C(\C)=C\C(O)=O
JAJLKEVKNDUJBG-UHFFFAOYSA-N,67645.0,perfluamine,FC(F)(F)C(F)(F)C(F)(F)N(C(F)(F)C(F)(F)C(F)(F)F)C(F)(F)C(F)(F)C(F)(F)F
WTWWXOGTJWMJHI-UHFFFAOYSA-N,9873.0,perflubron,FC(F)(F)C(F)(F)C(F)(F)C(F)(F)C(F)(F)C(F)(F)C(F)(F)C(F)(F)Br
UWEYRJFJVCLAGH-UHFFFAOYSA-N,9386.0,perfluorodecalin,FC1(F)C(F)(F)C(F)(F)C2(F)C(F)(F)C(F)(F)C(F)(F)C(F)(F)C2(F)C1(F)F
WRYIIOKOQSICTB-UHFFFAOYSA-N,10477896.0,perfluorohexyloctane,CCCCCCCCC(F)(F)C(F)(F)C(F)(F)C(F)(F)C(F)(F)C(F)(F)F
YEHCICAEULNIGD-MZMPZRCHSA-N,47811.0,pergolide,CCCN1C[C@H](CSC)C[C@H]2[C@H]1Cc1c[nH]c3cccc2c13
CYXKNKQEMFBLER-GOSISDBHSA-N,38988177.0,perhexiline,C(C(C1CCCCC1)C1CCCCC1)[C@H]1CCCCN1
SZFPYBIJACMNJV-UHFFFAOYSA-O,148178.0,perifosine,CCCCCCCCCCCCCCCCCCOP(O)(=O)OC1CC[N+](C)(C)CC1
NDTYTMIUWGWIMO-SNVBAGLBSA-N,369312.0,perillyl-alcohol,CC(=C)[C@H]1CCC(CO)=CC1
IPVQLZZIHOAWMC-QXKUPLGCSA-N,40466996.0,perindopril,CCC[C@H](N[C@@H](C)C(=O)N1[C@H]2CCCC[C@H]2C[C@H]1C(O)=O)C(=O)OCC
ODAIHABQVKJNIY-PEDHHIEDSA-N,72022.0,perindoprilat,CCC[C@H](N[C@@H](C)C(=O)N1[C@H]2CCCC[C@H]2C[C@H]1C(O)=O)C(O)=O
RLLPVAHGXHCWKJ-PKOBYXMFSA-N,40159.0,permethrin,CC1(C)[C@@H](C=C(Cl)Cl)[C@@H]1C(=O)OCc1cccc(Oc2ccccc2)c1
FBVFZWUMDDXLLG-HDICACEKSA-N,115368.0,perospirone,O=C1[C@H]2CCCC[C@H]2C(=O)N1CCCCN1CCN(CC1)c1nsc2ccccc12
RGCVKNLCSQQDEP-UHFFFAOYSA-N,4748.0,perphenazine,OCCN1CCN(CCCN2c3ccccc3Sc3ccc(Cl)cc23)CC1
PMTSPAGBAFCORP-BZEWZVDJSA-N,,peruvoside,CO[C@H]1[C@@H](O)[C@@H](C)O[C@@H](O[C@H]2CC[C@@]3(C=O)[C@H](CC[C@@H]4[C@@H]3CC[C@]3(C)[C@H](CC[C@]43O)C3=CC(=O)OC3)C2)[C@@H]1O
BDABGOLMYNHHTR-UHFFFAOYSA-N,6918236.0,perzinfotel,OP(O)(=O)CCN1CCCNc2c1c(=O)c2=O
NGTDJJKTGRNNAU-ZETCQYMHSA-N,736879.0,PETCM,O[C@@H](Cc1ccncc1)C(Cl)(Cl)Cl
MPUQHZXIXSTTDU-QXGSTGNESA-N,16720766.0,pevonedistat,NS(=O)(=O)OC[C@@H]1C[C@H](C[C@@H]1O)n1ccc2c(N[C@H]3CCc4ccccc34)ncnc12
JGWRKYUXBBNENE-UHFFFAOYSA-N,25151352.0,pexidartinib,FC(F)(F)c1ccc(CNc2ccc(Cc3c[nH]c4ncc(Cl)cc34)cn2)cn1
LNMRSSIMGCDUTP-UHFFFAOYSA-N,24765037.0,pexmetinib,Cc1ccc(cc1)-n1nc(cc1NC(=O)NCc1cc(F)ccc1Oc1ccc2n(CCO)ncc2c1)C(C)(C)C
QSFGZNVRVZHUGV-UHFFFAOYSA-N,16662425.0,PF-02413873,Cc1c(Oc2cc(C)c(C#N)c(C)c2)c(nn1CS(C)(=O)=O)C1CC1
AZEXWHKOMMASPA-UHFFFAOYSA-N,11581936.0,PF-02545920,Cn1cc(c(n1)-c1ccc(OCc2ccc3ccccc3n2)cc1)-c1ccncc1
MNLNAGRCHNMKKJ-UHFFFAOYSA-N,24963293.0,PF-03049423,CCCOCCn1c2cc(ncc2nc(N2CCN(CCO)CC2)c1=O)-c1ccc(OC)nc1
VFCRKLWBYMDAED-REWPJTCUSA-N,46224413.0,PF-03084014,CCC[C@H](N[C@H]1CCc2cc(F)cc(F)c2C1)C(=O)Nc1cn(cn1)C(C)(C)CNCC(C)(C)C
AYCPARAPKDAOEN-LJQANCHMSA-N,25227462.0,PF-03758309,CN(C)C[C@@H](NC(=O)N1Cc2c(Nc3nc(C)nc4ccsc34)[nH]nc2C1(C)C)c1ccccc1
RMUCZJUITONUFY-UHFFFAOYSA-N,3675.0,phenelzine,NNCCc1ccccc1
RYYNGWLOYLRZLK-RBUKOAKNSA-N,51346455.0,PF-03814735,CC(=O)NCC(=O)N1[C@H]2CC[C@@H]1c1cc(Nc3ncc(c(NC4CCC4)n3)C(F)(F)F)ccc21
XNULRSOGWPFPBL-AKRCKQFNSA-N,101541332.0,PF-03882845,OC(=O)c1ccc2C3=NN([C@@H](C4CCCC4)C3CCc2c1)c1ccc(C#N)c(Cl)c1
ZNSVOHSYDRPBGI-LXWOLXCRSA-N,,PF-04136309,O[C@]1(CC[C@@H](CC1)N[C@H]1CCN(C1)C(=O)CNC(=O)c1cccc(c1)C(F)(F)F)c1ccc(cn1)-c1ncccn1
PDMUGYOXRHVNMO-UHFFFAOYSA-N,17754438.0,PF-04217903,OCCn1cc(cn1)-c1cnc2nnn(Cc3ccc4ncccc4c3)c2n1
LWJGMYMNSNVCEM-UHFFFAOYSA-N,25114442.0,PF-04418948,COc1ccc2cc(OCC3(CN(C3)C(=O)c3ccc(F)cc3)C(O)=O)ccc2c1
IWXUVYOOUMLUTQ-CZUORRHYSA-N,135564558.0,PF-04447943,C[C@@H]1CN(Cc2ncccn2)C[C@H]1c1nc(=O)c2cnn(C3CCOCC3)c2[nH]1
BATCTBJIJJEPHM-UHFFFAOYSA-N,24771824.0,PF-04457845,FC(F)(F)c1ccc(Oc2cccc(C=C3CCN(CC3)C(=O)Nc3cccnn3)c2)nc1
GEVVQZHMFVFGLN-HDJSIYSDSA-N,,PF-04620110,Nc1ncnc2OCCN(c3ccc(cc3)[C@H]3CC[C@H](CC(O)=O)CC3)C(=O)c12
XDLYKKIQACFMJG-WKILWMFISA-N,,PF-04691502,COc1ccc(cn1)-c1cc2c(C)nc(N)nc2n([C@H]2CC[C@@H](CC2)OCCO)c1=O
AGORGFNWYAUYSU-UHFFFAOYSA-N,65459349.0,PF-04885614,CC(C)(N)c1nc(c[nH]1)-c1ccc(OC(F)(F)F)cc1
MASKQITXHVYVFL-UHFFFAOYSA-N,46916694.0,PF-04937319,CN(C)C(=O)c1ncc(Oc2cc(cc3oc(C)cc23)C(=O)Nc2cnc(C)cn2)cn1
WLLOFQROROXOMO-GOSISDBHSA-N,53354764.0,PF-04995274,OC1(CN2CCC(COc3noc4cccc(O[C@@H]5CCOC5)c34)CC2)CCOCC1
ZYSCOUXLBXGGIM-UHFFFAOYSA-N,46840946.0,PF-05089771,Nc1[nH]ncc1-c1cc(Cl)ccc1Oc1cc(F)c(cc1Cl)S(=O)(=O)Nc1cscn1
BDXXSFOJPYSYOC-UHFFFAOYSA-N,52934180.0,PF-05175157,[H]n1c(C)nc2ccc(cc12)C(=O)N1CCC2(CC1)Cc1cnn(C(C)C)c1C(=O)C2
CLGCHUKGBICQTE-UHFFFAOYSA-N,60143346.0,PF-05180999,Cc1nc(-c2cnn(C)c2-c2ccc(cn2)C(F)(F)F)c2c(ncnn12)N1CCC1
ZIUDADZJCKGWKR-AREMUKBSSA-N,58438464.0,PF-05190457,Cc1cn2cc(CC(=O)N3CCC4(CN(C4)[C@@H]4CCc5cc(ccc45)-c4cc(C)ncn4)CC3)nc2s1
DWZAEMINVBZMHQ-UHFFFAOYSA-N,44516953.0,PF-05212384,CN(C)C1CCN(CC1)C(=O)c1ccc(NC(=O)Nc2ccc(cc2)-c2nc(nc(n2)N2CCOCC2)N2CCOCC2)cc1
ZKAVFOXYJCREBQ-SNVBAGLBSA-N,76071881.0,PF-06260414,C[C@@H]1CNS(=O)(=O)N(C1)c1ccc2c(nccc2c1)C#N
BPIWZDNVMQQBQX-UHFFFAOYSA-N,66571548.0,PF-06273340,CC(C)(CO)n1cc(C(=O)c2cncc(NC(=O)Cc3ccc(Cl)cn3)c2)c2cnc(N)nc12
ICYNYWFGIDGBRD-UHFFFAOYSA-N,71571306.0,PF-06282999,COc1ccc(Cl)cc1-c1cc(=O)[nH]c(=S)n1CC(N)=O
ISWRGOKTTBVCFA-UHFFFAOYSA-N,40632.0,pirfenidone,Cc1ccc(=O)n(c1)-c1ccccc1
APWZIFIAVVFPNT-PELKAZGASA-N,71666749.0,PF-06305591,C[C@H]([C@H](N)c1nc2cc(ccc2[nH]1)C(C)(C)C)C(N)=O
FHQXLWCFSUSXBF-UHFFFAOYSA-N,71748255.0,PF-06409577,OC(=O)c1c[nH]c2cc(Cl)c(cc12)-c1ccc(cc1)C1(O)CCC1
IDIUJOHYYBNCPC-UHFFFAOYSA-N,74223726.0,PF-06412562,Cc1cc(Oc2nccc3[nH]ncc23)ccc1-c1c(C)ncnc1C
BHTWDJBVZQBRKP-UHFFFAOYSA-N,72706840.0,PF-06447475,N#Cc1cccc(c1)-c1c[nH]c2ncnc(N3CCOCC3)c12
ODMXWZROLKITMS-RISCZKNCSA-N,71535003.0,PF-06459988,CO[C@H]1CN(C[C@@H]1COc1nc(Nc2cnn(C)c2)nc2[nH]cc(Cl)c12)C(=O)C=C
IIXWYSCJSQVBQM-UHFFFAOYSA-N,78162481.0,PF-06463922,C[C@H]1Oc2cc(cnc2N)-c2c(CN(C)C(=O)c3ccc(F)cc13)nn(C)c2C#N
JKDGKIBAOAFRPJ-ZBINZKHDSA-N,118414016.0,PF-06650833,CC[C@H]1[C@@H](COc2nccc3cc(C(N)=O)c(OC)cc23)NC(=O)[C@H]1F
CBRJPFGIXUFMTM-WDEREUQCSA-N,118115473.0,PF-06651600,C[C@H]1CC[C@H](CN1C(=O)C=C)Nc1ncnc2[nH]ccc12
JYIUNVOCEFIUIU-GHMZBOCLSA-N,91668194.0,PF-06747775,COc1nn(C)cc1Nc1nc(nc2n(C)cnc12)N1C[C@@H](F)[C@@H](C1)NC(=O)C=C
ZLZUHACSRMOLLV-RAALSFIWSA-N,118435360.0,PF-06751979,C[C@H]1C[C@H]2CSC(N)=N[C@]2(CO1)c1nc(NC(=O)c2ccc(OC(F)F)cn2)cs1
MXKLDYKORJEOPR-MRVPVSSYSA-N,118512017.0,PF-06840003,Fc1ccc2[nH]cc([C@H]3CC(=O)NC3=O)c2c1
QIEKHLDZKRQLLN-FOIQADDNSA-N,134247638.0,PF-06873600,C[C@@]1(O)CCC[C@H]1n1c2nc(NC3CCN(CC3)S(C)(=O)=O)ncc2cc(C(F)F)c1=O
PHGTYMRDHDEHLI-HIFRSBDPSA-N,,PF-06928215,OC(=O)[C@@H]1CCCC[C@@H]1NC(=O)c1cnn2c(O)cc(nc12)-c1ccccc1
HNIFCPBQMKPRCX-UHFFFAOYSA-N,11683187.0,PF-3274167,COCc1nnc(N2CC(C2)Oc2ccc(F)cc2Cl)n1-c1ccc(OC)nc1
NBOJHRYUGLRASX-UHFFFAOYSA-N,25154867.0,PF-3845,FC(F)(F)c1ccc(Oc2cccc(CC3CCN(CC3)C(=O)Nc3cccnc3)c2)nc1
DVNQWYLVSNPCJZ-UHFFFAOYSA-N,24986635.0,PF-4191834,Cn1nccc1-c1ccc(Sc2cccc(c2)C2(CCOCC2)C(N)=O)cc1
XKPJTOHUPQWSOJ-HSZRJFAPSA-N,23661637.0,PF-429242,CCN(CC)Cc1ccc(cc1)C(=O)N(CCc1ccccc1OC)[C@@H]1CCNC1
POJZIZBONPAWIV-UHFFFAOYSA-N,11598628.0,PF-431396,CN(c1ccccc1CNc1nc(Nc2ccc3NC(=O)Cc3c2)ncc1C(F)(F)F)S(C)(=O)=O
FBLPQCAQRNSVHB-UHFFFAOYSA-N,51371303.0,PF-4708671,CCc1cncnc1N1CCN(Cc2nc3ccc(cc3[nH]2)C(F)(F)F)CC1
NDEXUOWTGYUVGA-LJQANCHMSA-N,135565545.0,PF-477736,Cn1cc(cn1)-c1[nH]c2cc(NC(=O)[C@H](N)C3CCCCC3)cc3c2c1cn[nH]c3=O
AUMDBEHGJRZSOO-UHFFFAOYSA-N,53472153.0,PF-4800567,Nc1ncnc2n(nc(COc3cccc(Cl)c3)c12)C1CCOCC1
WDWIMDKOXZZYHH-FQEVSTJZSA-N,71315139.0,PF-4981517,Cc1ccc(cc1)-c1c(cnn1C)-c1nn(C)c2ncnc(N3CC[C@@H](C3)N3CCCCC3)c12
FJMQJSUOOGOWBD-UHFFFAOYSA-N,11316919.0,PF-514273,CC(F)(F)CN1CCOc2c(nn(c2-c2ccc(Cl)cc2)-c2ccccc2Cl)C1=O
BBVNTTZIOTWDSV-UHFFFAOYSA-N,56956240.0,PF-5274857,Cc1cnc(c(C)c1)-c1cc(ncc1Cl)N1CCN(CC1)C(=O)CCS(C)(=O)=O
MZDKLVOWGIOKTN-UHFFFAOYSA-N,11713159.0,PF-562271,CN(c1ncccc1CNc1nc(Nc2ccc3NC(=O)Cc3c2)ncc1C(F)(F)F)S(C)(=O)=O
HESLKTSGTIBHJU-UHFFFAOYSA-N,11612883.0,PF-573228,CS(=O)(=O)c1cccc(CNc2nc(Nc3ccc4NC(=O)CCc4c3)ncc2C(F)(F)F)c1
WUDBUIUHVNECTM-UHFFFAOYSA-N,11681588.0,PF-670462,Nc1nccc(n1)-c1c(ncn1C1CCCCC1)-c1ccc(F)cc1
BIODYGOZWZNCAG-UHFFFAOYSA-N,25154868.0,PF-750,O=C(Nc1ccccc1)N1CCC(Cc2cnc3ccccc3c2)CC1
JMSUDQYHPSNBSN-UHFFFAOYSA-N,25265312.0,PF-8380,Clc1cc(Cl)cc(COC(=O)N2CCN(CCC(=O)c3ccc4[nH]c(=O)oc4c3)CC2)c1
ZESFDAKNYJQYKO-UHFFFAOYSA-N,23725123.0,PF-915275,Nc1cccc(NS(=O)(=O)c2ccc(cc2)-c2ccc(cc2)C#N)n1
TXZPMHLMPKIUGK-UHFFFAOYSA-N,71271629.0,PFI-1,COc1ccccc1S(=O)(=O)Nc1ccc2NC(=O)N(C)Cc2c1
INAICWLVUAKEPB-QSTFCLMHSA-N,78243717.0,PFI-3,Oc1ccccc1C(=O)\C=C\N1C[C@H]2C[C@@H]1CN2c1ccccn1
QCIJLRJBZDBVDB-UHFFFAOYSA-N,40642506.0,PFI-4,COc1ccccc1C(=O)Nc1cc2n(C)c(=O)n(C)c2cc1N1CCCC1
IAJOMYABKVAZCN-AATRIKPKSA-N,71730058.0,PFK-158,FC(F)(F)c1ccc2ccc(\C=C\C(=O)c3ccncc3)nc2c1
GHDWIFTUSXQYGK-FWYOQMDTSA-N,,PG-9,C[C@@H](C(=O)O[C@@H]1C[C@@H]2CC[C@H](C1)N2C)c1ccc(Br)cc1
XCPPIJCBCWUBNT-HXUWFJFHSA-N,76969933.0,PGL5001,N#C[C@@H](c1nc2ccccc2s1)c1ccnc(OCc2ccc(CN3CCOCC3)cc2)n1
KCAJXIDMCNPGHZ-UHFFFAOYSA-N,22049997.0,PH-797804,CNC(=O)c1ccc(C)c(c1)-n1c(C)cc(OCc2ccc(F)cc2F)c(Br)c1=O
IPKZCLGGYKRDES-ZDUSSCGKSA-N,9930121.0,PHA-543613,O=C(N[C@H]1CN2CCC1CC2)c1cc2ccoc2cn1
LUVXHMJTVXZFPD-ZDUSSCGKSA-N,9932000.0,PHA-568487,O=C(N[C@H]1CN2CCC1CC2)c1ccc2OCCOc2c1
OYONTEXKYJZFHA-SSHUPFPWSA-N,10461815.0,PHA-665752,Cc1[nH]c(\C=C2/C(=O)Nc3ccc(cc23)S(=O)(=O)Cc2c(Cl)cccc2Cl)c(C)c1C(=O)N1CCC[C@@H]1CN1CCCC1
OBWNXGOQPLDDPS-UHFFFAOYSA-N,11249084.0,PHA-680632,CCc1cccc(CC)c1NC(=O)N1Cc2n[nH]c(NC(=O)c3ccc(cc3)N3CCN(C)CC3)c2C1
DKXHSOUZPMHNIZ-UHFFFAOYSA-N,11715767.0,PHA-767491,O=C1NCCc2[nH]c(cc12)-c1ccncc1
HUXYBQXJVXOMKX-UHFFFAOYSA-N,46191454.0,PHA-793887,CC(C)CC(=O)Nc1[nH]nc2c1CN(C(=O)C1CCN(C)CC1)C2(C)C
RXZMYLDMFYNEIM-UHFFFAOYSA-N,16718576.0,PHA-848125,CNC(=O)c1nn(C)c-2c1C(C)(C)Cc1cnc(Nc3ccc(cc3)N3CCN(C)CC3)nc-21
FPXPIEZPAXSELW-RGNAGUPPSA-N,44572113.0,PHCCC,O\N=C1/[C@@H]2C[C@@]2(Oc2ccccc12)C(=O)Nc1ccccc1
QXDAEKSDNVPFJG-UHFFFAOYSA-N,7588.0,phenacaine,CCOc1ccc(NC(C)=Nc2ccc(OCC)cc2)cc1
XPFRXWCVYUEORT-UHFFFAOYSA-N,4753.0,phenacemide,NC(=O)NC(=O)Cc1ccccc1
CPJSUEIXXCENMM-UHFFFAOYSA-N,4754.0,phenacetin,CCOc1ccc(NC(C)=O)cc1
VEQOALNAAJBPNY-UHFFFAOYSA-N,2206.0,phenazone,Cc1cc(=O)n(-c2ccccc2)n1C
QPFYXYFORQJZEC-FOCLMDBBSA-N,,phenazopyridine,Nc1ccc(\N=N\c2ccccc2)c(N)n1
NONJJLVGHLVQQM-ADGXKJENSA-N,8604.0,phenethicillin,C[C@@H](Oc1ccccc1)C(=O)N[C@H]1[C@H]2SC(C)(C)[C@@H](N2C1=O)C(O)=O
IZJDOKYDEWTZSO-UHFFFAOYSA-N,16741.0,phenethyl-isothiocyanate,S=C=NCCc1ccccc1
ICFJFFQQTFMIBG-UHFFFAOYSA-N,8249.0,phenformin,NC(N)=NC(=N)NCCc1ccccc1
ISFHAYSTHMVOJR-LJQANCHMSA-N,57086802.0,phenindamine,CN1CCC2=C(C1)[C@@H](c1ccccc21)c1ccccc1
NFBAXHOPROOJAW-UHFFFAOYSA-N,4760.0,phenindione,O=C1C(C(=O)c2ccccc12)c1ccccc1
IJHNSHDBIRRJRN-HNNXBMFYSA-N,667440.0,pheniramine,CN(C)CC[C@@H](c1ccccc1)c1ccccn1
ISWSIDIOOBJBQZ-UHFFFAOYSA-N,996.0,phenol,Oc1ccccc1
KJFMBFZCATUALV-UHFFFAOYSA-N,4764.0,phenolphthalein,Oc1ccc(cc1)C1(OC(=O)c2ccccc12)c1ccc(O)cc1
BELBBZDIHDAJOR-UHFFFAOYSA-N,4766.0,phenolsulfonphthalein,Oc1ccc(cc1)C1(OS(=O)(=O)c2ccccc12)c1ccc(O)cc1
WJFKNYWRSNBZNX-UHFFFAOYSA-N,7108.0,phenothiazine,N1c2ccccc2Sc2ccccc12
SBNFWQZLDJGRLK-SFTDATJTSA-N,187827.0,phenothrin,CC(C)=C[C@H]1[C@@H](C(=O)OCc2cccc(Oc3ccccc3)c2)C1(C)C
QZVCTJOXCFMACW-UHFFFAOYSA-N,657233.0,phenoxybenzamine,CC(COc1ccccc1)N(CCCl)Cc1ccccc1
CAMYKONBWHRPDD-UHFFFAOYSA-N,4770.0,phenprobamate,NC(=O)OCCCc1ccccc1
DQDAYGNAKTZFIW-ZDUSSCGKSA-N,54681533.0,phenprocoumon,CC[C@@H](c1ccccc1)c1c(O)c2ccccc2oc1=O
PBHFNBQPZCRWQP-QUCCMNQESA-N,192706.0,phenserine,CN1CC[C@]2(C)[C@H]1N(C)c1ccc(OC(=O)Nc3ccccc3)cc21
WLWFNJKHKGIJNW-SECBINFHSA-N,6604215.0,phensuximide,CN1C(=O)C[C@@H](C1=O)c1ccccc1
MRBDMNSDAVCSSF-UHFFFAOYSA-N,5775.0,phentolamine,Cc1ccc(cc1)N(CC1=NCCN1)c1cccc(O)c1
DNVVZWSVACQWJE-UHFFFAOYSA-N,8609.0,phenyl-aminosalicylate,Nc1ccc(C(=O)Oc2ccccc2)c(O)c1
ZQBAKBUEJOMQEX-UHFFFAOYSA-N,8361.0,phenyl-salicylate,Oc1ccccc1C(=O)Oc1ccccc1
JFLIEFSWGNOPJJ-JTQLQIEISA-N,92258.0,phenylacetylglutamine,NC(=O)CC[C@H](NC(=O)Cc1ccccc1)C(O)=O
UVCJGUGAGLDPAA-UHFFFAOYSA-N,33919.0,phenylbenzimidazole-sulfonic-acid,OS(=O)(=O)c1ccc2nc([nH]c2c1)-c1ccccc1
VYMDGNCVAMGZFE-UHFFFAOYSA-N,4781.0,phenylbutazone,CCCCC1C(=O)N(N(C1=O)c1ccccc1)c1ccccc1
OBKXEAXTFZPCHS-UHFFFAOYSA-N,4775.0,phenylbutyrate,OC(=O)CCCc1ccccc1
SONNWYBIRXJNDC-VIFPVBQESA-N,6041.0,phenylephrine,CNC[C@H](O)c1cccc(O)c1
WRMNZCZEMHIOCP-UHFFFAOYSA-N,6054.0,phenylethyl-alcohol,OCCc1ccccc1
XEBWQGVWTUSTLN-UHFFFAOYSA-M,9905811.0,phenylmercuric-acetate,CC(=O)O[Hg]c1ccccc1
YBYRMVIVWMBXKQ-UHFFFAOYSA-N,4784.0,phenylmethylsulfonyl-fluoride,FS(=O)(=O)Cc1ccccc1
LYONXVJRBWWGQO-SNVBAGLBSA-N,781884.0,phenylpiracetam,NC(=O)CN1C[C@@H](CC1=O)c1ccccc1
CXOFVDLJLONNDW-UHFFFAOYSA-N,1775.0,phenytoin,O=C1NC(=O)C(N1)(c1ccccc1)c1ccccc1
LBPNOEAFWYTTEB-UHFFFAOYSA-N,4722579.0,PhiKan-083,CCn1c2ccccc2c2cc(CNC)ccc12
VGEREEWJJVICBM-UHFFFAOYSA-N,4788.0,phloretin,Oc1ccc(CCC(=O)c2c(O)cc(O)cc2O)cc1
IOUVKUPGCMBWBT-QNDFHXLGSA-N,6072.0,phlorizin,OC[C@H]1O[C@@H](Oc2cc(O)cc(O)c2C(=O)CCc2ccc(O)cc2)[C@H](O)[C@@H](O)[C@@H]1O
QCDYQQDYXPDABM-UHFFFAOYSA-N,359.0,phloroglucin,Oc1cc(O)cc(O)c1
LFDOEFHQLNGBQQ-HNNXBMFYSA-N,399465.0,phortress,Cc1cc(ccc1NC(=O)[C@@H](N)CCCCN)-c1nc2cc(F)ccc2s1
JLPULHDHAOZNQI-ZTIMHPMXSA-O,446962.0,phosphatidylcholine,CCCCCCCCCCCCCCCC(=O)OC[C@H](CO[P@](O)(=O)OCC[N+](C)(C)C)OC(=O)CCCCCCC\C=C/C\C=C/CCCCC
UHEYIOPHTBWBQN-UHFFFAOYSA-N,46204221.0,PHP-501,On1ncc(C2CCNCC2)c1-c1cccc(c1)-c1ccccc1
BYWWNRBKPCPJMG-UHFFFAOYSA-N,44240850.0,PHT-427,CCCCCCCCCCCCc1ccc(cc1)S(=O)(=O)Nc1nncs1
SNWQKAWITMVCQW-UHFFFAOYSA-N,8574.0,phthalylsulfacetamide,CC(=O)NS(=O)(=O)c1ccc(NC(=O)c2ccccc2C(O)=O)cc1
PBMSWVPMRUJMPE-UHFFFAOYSA-N,4806.0,phthalylsulfathiazole,OC(=O)c1ccccc1C(=O)Nc1ccc(cc1)S(=O)(=O)Nc1nccs1
AEZPAUSGTAHLOQ-UHFFFAOYSA-N,11201035.0,PHTPP,Oc1ccc(cc1)-c1c(nn2c(cc(nc12)C(F)(F)F)C(F)(F)F)-c1ccccc1
PIJVFDBKTWXHHD-HIFRSBDPSA-N,5983.0,physostigmine,CNC(=O)Oc1ccc2N(C)[C@H]3N(C)CC[C@@]3(C)c2c1
MBWXNTAXLNYFJB-NKFFZRIASA-N,5284607.0,phytonadione,CC(C)CCC[C@@H](C)CCC[C@@H](C)CCC\C(C)=C\CC1=C(C)C(=O)c2ccccc2C1=O
AERBNCYCJBRYDG-KSZLIROESA-N,122121.0,phytosphingosine,CCCCCCCCCCCCCC[C@@H](O)[C@@H](O)[C@@H](N)CO
TUVCWJQQGGETHL-UHFFFAOYSA-N,9884685.0,PI-103,Oc1cccc(c1)-c1nc(N2CCOCC2)c2oc3ncccc3c2n1
WUKMIBOGGXMBAC-UHFFFAOYSA-N,25181195.0,PI-828,Nc1ccc(cc1)-c1cccc2c1oc(cc2=O)N1CCOCC1
ADGGYDAFIHSYFI-UHFFFAOYSA-N,58507717.0,PI3K-IN-2,Nc1cc(c(cn1)-c1nc(nc(n1)N1CCOCC1)N1CCOCC1)C(F)(F)F
NVWKNQGHVMMAJW-UHFFFAOYSA-N,91754520.0,PI3Kd-IN-2,COc1ncc(cc1NS(C)(=O)=O)-c1nc(nc2c(CN3CCC(CC3)C(C)(C)O)cc(F)cc12)N1CCOCC1
PLUYFBRIGUAKBR-UHFFFAOYSA-N,71549093.0,PI4KIII-beta-inhibitor-1,COc1ccc(cc1S(=O)(=O)Nc1ccc(O)cc1)-c1sc(NC(=O)C(C)(C)C)nc1C
INAAIJLSXJJHOZ-UHFFFAOYSA-N,2392.0,pibenzimol,CN1CCN(CC1)c1ccc2nc([nH]c2c1)-c1ccc2nc([nH]c2c1)-c1ccc(O)cc1
KVCSJPATKXABRQ-UHFFFAOYSA-N,177336.0,piboserod,CCCCN1CCC(CNC(=O)c2c3OCCCn3c3ccccc23)CC1
ITNLONMDUMHEOK-NSHDSACASA-N,76960918.0,picartamide,CNC(=S)[C@]1(CCCS1)c1ccccn1
CDRPUGZCRXZLFL-OWOJBTEDSA-N,667639.0,piceatannol,Oc1cc(O)cc(\C=C\c2ccc(O)c(O)c2)c1
RRRUXBQSQLKHEL-UHFFFAOYSA-N,154575.0,piclamilast,COc1ccc(cc1OC1CCCC1)C(=O)Nc1c(Cl)cncc1Cl
HDOUGSFASVGDCS-UHFFFAOYSA-N,31018.0,picolamine,NCc1cccnc1
SIOXPEMLGUPBBT-UHFFFAOYSA-N,1018.0,picolinic-acid,OC(=O)c1ccccn1
SHNUBALDGXWUJI-UHFFFAOYSA-N,11474.0,piconol,OCc1ccccn1
KYWCWBXGRWWINE-UHFFFAOYSA-N,4814.0,picotamide,COc1ccc(cc1C(=O)NCc1cccnc1)C(=O)NCc1cccnc1
RYEFFICCPKWYML-XSVQNFTRSA-N,,picrotin,CC(C)(O)[C@H]1[C@H]2OC(=O)[C@@H]1[C@@]1(O)C[C@H]3O[C@]33C(=O)O[C@@H]2[C@@]13C
PIMZUZSSNYHVCU-KBLUICEQSA-N,7098683.0,picrotoxinin,CC(=C)[C@@H]1[C@H]2OC(=O)[C@H]1[C@]1(O)C[C@H]3O[C@]33C(=O)O[C@H]2[C@]13C
ODHCTXKNWHHXJC-VKHMYHEASA-N,7405.0,pidolic-acid,OC(=O)[C@@H]1CCC(=O)N1
UUTKICFRNVKFRG-WDSKDSINSA-N,65944.0,pidotimod,OC(=O)[C@@H]1CSCN1C(=O)[C@@H]1CCC(=O)N1
OLTZHXYLLRJLST-UHFFFAOYSA-N,4817.0,pifithrin-alpha,Cc1ccc(cc1)C(=O)Cn1c2CCCCc2sc1=N
IMUKUMUNZJILCG-UHFFFAOYSA-N,443278.0,pifithrin-cyclic,Cc1ccc(cc1)-c1cn2c3CCCCc3sc2n1
ZZUZYEMRHCMVTB-UHFFFAOYSA-N,327653.0,pifithrin-mu,NS(=O)(=O)C#Cc1ccccc1
KQDBVHKNIYROHU-UHFFFAOYSA-N,53245636.0,PIK-293,Cc1ccccc1-n1c(Cn2ncc3c(N)ncnc23)nc2cccc(C)c2c1=O
WFSLJOPRIJSOJR-UHFFFAOYSA-N,24905149.0,PIK-294,Cc1ccccc1-n1c(Cn2nc(-c3cccc(O)c3)c3c(N)ncnc23)nc2cccc(C)c2c1=O
QTHCAAFKVUWAFI-DJKKODMXSA-N,10275789.0,PIK-75,CN(\N=C\c1cnc2ccc(Br)cn12)S(=O)(=O)c1cc(ccc1C)[N+]([O-])=O
JFVNFXCESCXMBC-UHFFFAOYSA-N,6852167.0,PIK-93,CC(=O)Nc1nc(C)c(s1)-c1ccc(Cl)c(c1)S(=O)(=O)NCCO
NAJVRARAUNYNDX-UHFFFAOYSA-N,60608.0,pikamilone,OC(=O)CCCNC(=O)c1cccnc1
ASFKKFRSMGBFRO-MRXNPFEDSA-N,68571753.0,piketoprofen,C[C@@H](C(=O)Nc1cc(C)ccn1)c1cccc(c1)C(=O)c1ccccc1
QINPEPAQOBZPOF-UHFFFAOYSA-N,56599306.0,pilaralisib,COc1ccc(Cl)c(Nc2nc3ccccc3nc2NS(=O)(=O)c2cccc(NC(=O)C(C)(C)N)c2)c1
QCHFTSOMWOSFHM-WPRPVWTQSA-N,5910.0,pilocarpine,CC[C@H]1[C@@H](Cc2cncn2C)COC1=O
BCQTVJKBTWGHCX-UHFFFAOYSA-N,4820.0,pilsicainide,Cc1cccc(C)c1NC(=O)CC12CCCN1CCC2
AQVFETGXIRKVAQ-UHFFFAOYSA-N,2765355.0,PIM-1-Inhibitor-2,Nc1nccc(n1)-c1ccc2noc(-c3ccc(Cl)cc3)c2c1
VRQXRVAKPDCRCI-ZNMIVQPWSA-N,44814409.0,PIM-447,C[C@@H]1C[C@H](N)C[C@@H](C1)c1ccncc1NC(=O)c1ccc(F)c(n1)-c1c(F)cccc1F
RKEWSXXUOLRFBX-UHFFFAOYSA-N,10071196.0,pimavanserin,CC(C)COc1ccc(CNC(=O)N(Cc2ccc(F)cc2)C2CCN(C)CC2)cc1
KASDHRXLYQOAKZ-YFMQXNBHSA-N,133659920.0,pimecrolimus,CC[C@@H]1\C=C(C)\C[C@H](C)C[C@H](OC)[C@H]2O[C@](O)([C@H](C)C[C@@H]2OC)C(=O)C(=O)N2CCCC[C@H]2C(=O)O[C@@H]([C@H](C)[C@@H](O)CC1=O)C(\C)=C\[C@@H]1CC[C@H](Cl)[C@@H](C1)OC
NZLVRVYNQYGMAB-UHFFFAOYSA-N,4822.0,pimethixene,CN1CCC(CC1)=C1c2ccccc2Sc2ccccc12
GLBJJMFZWDBELO-LLVKDONJSA-N,7120080.0,pimobendan,COc1ccc(cc1)-c1nc2ccc(cc2[nH]1)C1=NNC(=O)C[C@H]1C
JGPXDNKSIXAZEQ-SBBZOCNPSA-N,67286591.0,pimodivir,OC(=O)[C@H]1C2CCC(CC2)[C@@H]1Nc1nc(ncc1F)-c1c[nH]c2ncc(F)cc12
WVWOOAYQYLJEFD-JTQLQIEISA-N,6713657.0,pimonidazole,O[C@@H](CN1CCCCC1)Cn1ccnc1[N+]([O-])=O
YVUQSNJEYSNKRX-UHFFFAOYSA-N,16362.0,pimozide,Fc1ccc(cc1)C(CCCN1CCC(CC1)n1c2ccccc2[nH]c1=O)c1ccc(F)cc1
IVVNZDGDKPTYHK-SNVBAGLBSA-N,12428581.0,pinacidil,C[C@@H](NC(Nc1ccncc1)=NC#N)C(C)(C)C
MOILFCKRQFQVFS-OORONAJNSA-N,10219606.0,pinanediol,CC1(C)[C@H]2C[C@@H]1[C@](C)(O)[C@H](O)C2
DDHUTBKXLWCZCO-CEMLEFRQSA-N,73416161.0,pinaverium,COc1cc(Br)c(C[N+]2(CCOCC[C@H]3CC[C@@H]4C[C@H]3C4(C)C)CCOCC2)cc1OC
RJOUHGWLHPOQSA-UHFFFAOYSA-N,71267.0,pincainide,Cc1cccc(C)c1NC(=O)CN1CCCCCC1
JZQKKSLKJUAGIC-LLVKDONJSA-N,155030.0,pindolol,CC(C)NC[C@@H](O)COc1cccc2[nH]ccc12
JZQKKSLKJUAGIC-NSHDSACASA-N,688095.0,pindolol-(-),CC(C)NC[C@H](O)COc1cccc2[nH]ccc12
URFCJEUYXNAHFI-ZDUSSCGKSA-N,68071.0,pinocembrin,Oc1cc(O)c2C(=O)C[C@H](Oc2c1)c1ccccc1
HYAFETHFCAUJAY-QGZVFWFLSA-N,29010894.0,pioglitazone,CCc1ccc(CCOc2ccc(C[C@H]3SC(=O)NC3=O)cc2)nc1
AXKPFOAXAHJUAG-UHFFFAOYSA-N,4830.0,pipamperone,NC(=O)C1(CCN(CCCC(=O)c2ccc(F)cc2)CC1)N1CCCCC1
JOHZPMXAZQZXHR-UHFFFAOYSA-N,6921791.0,pipemidic-acid,CCn1cc(C(O)=O)c(=O)c2cnc(nc12)N1CCNCC1
WPUKUEMZZRVAKZ-REWPJTCUSA-N,16048561.0,pipenzolate,CC[N@@+]1(C)CCC[C@@H](C1)OC(=O)C(O)(c1ccccc1)c1ccccc1
BTFMCMVEUCGQDX-UHFFFAOYSA-N,19675.0,piperacetazine,CC(=O)c1ccc2Sc3ccccc3N(CCCN3CCC(CCO)CC3)c2c1
IVBHGBMCVLDMKU-GXNBUGAJSA-N,43672.0,piperacillin,CCN1CCN(C(=O)N[C@@H](C(=O)N[C@H]2[C@H]3SC(C)(C)[C@@H](N3C2=O)C(O)=O)c2ccccc2)C(=O)C1=O
UCRHFBCYFMIWHC-UHFFFAOYSA-N,122262.0,piperaquine-phosphate,Clc1ccc2c(ccnc2c1)N1CCN(CCCN2CCN(CC2)c2ccnc3cc(Cl)ccc23)CC1
GLUUGHFHXGJENI-UHFFFAOYSA-N,4837.0,piperazine,C1CNCCN1
BXRNXXXXHLBUKK-UHFFFAOYSA-N,7817.0,piperazinedione,O=C1CNC(=O)CN1
KTHVBAZBLKXIHZ-IBGZPJMESA-N,688565.0,piperidolate,CCN1CCC[C@@H](C1)OC(=O)C(c1ccccc1)c1ccccc1
MXXWOMGUGJBKIW-YPCIICBESA-N,638024.0,piperine,O=C(\C=C\C=C\c1ccc2OCOc2c1)N1CCCCC1
FIPWRIJSWJWJAI-UHFFFAOYSA-N,5794.0,piperonyl-butoxide,CCCCOCCOCCOCc1cc2OCOc2cc1CCC
NJBFOOCLYDNZJN-UHFFFAOYSA-N,4842.0,pipobroman,BrCCC(=O)N1CCN(CC1)C(=O)CCBr
SDYYIRPAZHJOLM-UHFFFAOYSA-N,159977.0,pipofezine,CN1CCN(CC1)c1cc2N(C)c3ccccc3Oc2nn1
JOMHSQGEWSNUKU-UHFFFAOYSA-N,62867.0,pipotiazine,CN(C)S(=O)(=O)c1ccc2Sc3ccccc3N(CCCN3CCC(CCO)CC3)c2c1
KTOYYUONFQWSMW-UHFFFAOYSA-N,37767.0,pipotiazine-palmitate,CCCCCCCCCCCCCCCC(=O)OCCC1CCN(CCCN2c3ccccc3Sc3ccc(cc23)S(=O)(=O)N(C)C)CC1
GMZVRMREEHBGGF-UHFFFAOYSA-N,4843.0,piracetam,NC(=O)CN1CCCC1=O
KMSKQZKKOZQFFG-YXRRJAAWSA-N,11296583.0,pirarubicin,COc1cccc2C(=O)c3c(O)c4C[C@](O)(C[C@H](O[C@H]5C[C@H](N)[C@H](O[C@@H]6CCCCO6)[C@H](C)O5)c4c(O)c3C(=O)c12)C(=O)CO
OKPNYGAWTYOBFZ-UHFFFAOYSA-N,4846.0,pirenoxine,OC(=O)c1cc(=O)c2c3nc4ccccc4oc3cc(=O)c2[nH]1
HXCNRYXBZNHDNE-UHFFFAOYSA-N,4847.0,pirenperone,Cc1nc2ccccn2c(=O)c1CCN1CCC(CC1)C(=O)c1ccc(F)cc1
RMHMFHUVIITRHF-UHFFFAOYSA-N,4848.0,pirenzepine,CN1CCN(CC(=O)N2c3ccccc3C(=O)Nc3cccnc23)CC1
UJEWTUDSLQGTOA-UHFFFAOYSA-N,4849.0,piretanide,NS(=O)(=O)c1cc(cc(N2CCCC2)c1Oc1ccccc1)C(O)=O
OQDPVLVUJFGPGQ-UHFFFAOYSA-N,4850.0,piribedil,C(N1CCN(CC1)c1ncccn1)c1ccc2OCOc2c1
NCMIPRCQUMYAEC-JPYJTQIMSA-N,5545745.0,piricapiron,CC1(C)[C@@H]2CC[C@@]1(C)C(=O)N(CCCCN1CCN(CC1)c1ccccn1)C2=O
SZRPDCCEHVWOJX-UHFFFAOYSA-N,5694.0,pirinixic-acid,Cc1cccc(Nc2cc(Cl)nc(SCC(O)=O)n2)c1C
IWVRVEIKCBFZNF-ZDUSSCGKSA-N,667444.0,pirlindole,Cc1ccc2n3CCN[C@H]4CCCc(c34)c2c1
APUDBKTWDCXQJA-XQBPLPMBSA-N,76962234.0,pirmenol,C[C@H]1CCC[C@@H](C)N1CCC[C@@](O)(c1ccccc1)c1ccccn1
OIQJEQLSYJSNDS-NSHDSACASA-N,38988592.0,piroctone-olamine,C[C@@H](Cc1cc(C)cc(=O)n1O)CC(C)(C)C
KCHIOGFOPPOUJC-UHFFFAOYSA-N,71345.0,pirodavir,CCOC(=O)c1ccc(OCCC2CCN(CC2)c2ccc(C)nn2)cc1
RCIMBBZXSXFZBV-UHFFFAOYSA-N,4855.0,piromidic-acid,CCn1cc(C(O)=O)c(=O)c2cnc(nc12)N1CCCC1
QYSPLQLAKJAUJT-UHFFFAOYSA-N,54676228.0,piroxicam,CN1C(C(=O)Nc2ccccn2)=C(O)c2ccccc2S1(=O)=O
OQGWJZOWLHWFME-UHFFFAOYSA-N,55263.0,piroximone,CCc1[nH]c(=O)[nH]c1C(=O)c1ccncc1
DIIBXMIIOQXTHW-UHFFFAOYSA-N,68711.0,pirozadil,COc1cc(cc(OC)c1OC)C(=O)OCc1cccc(COC(=O)c2cc(OC)c(OC)c(OC)c2)n1
XLUKOGNIEDDIMV-UHFFFAOYSA-N,135449340.0,pirquinozol,OCc1cc2c3ccccc3[nH]c(=O)n2n1
LXEZPPZLNVOLDI-UHFFFAOYSA-N,124334.0,PIT,[O-][N+]1=C(C(=O)c2ccccc12)c1ccccn1
VGYFMXBACGZSIL-MCBHFWOFSA-N,5282452.0,pitavastatin,O[C@H](C[C@H](O)\C=C\c1c(nc2ccccc2c1-c1ccc(F)cc1)C1CC1)CC(O)=O
NNACHAUCXXVJSP-UHFFFAOYSA-N,9948102.0,pitolisant,Clc1ccc(CCCOCCCN2CCCCC2)cc1
SRPNQDXRVRCTNK-UHFFFAOYSA-N,68888.0,pivagabine,CC(C)(C)C(=O)NCCCC(O)=O
ZEMIJUDPLILVNQ-ZXFNITATSA-N,33478.0,pivampicillin,CC(C)(C)C(=O)OCOC(=O)[C@@H]1N2[C@H](SC1(C)C)[C@H](NC(=O)[C@H](N)c1ccccc1)C2=O
GYKLFBYWXZYSOW-UHFFFAOYSA-N,60748.0,pivanex,CCCC(=O)OCOC(=O)C(C)(C)C
NPGNOVNWUSPMDP-UTEPHESZSA-N,,pivmecillinam,CC(C)(C)C(=O)OCOC(=O)[C@@H]1N2[C@H](SC1(C)C)[C@H](\N=C\N1CCCCCC1)C2=O
PEZPMAYDXJQYRV-UHFFFAOYSA-N,134019.0,pixantrone,NCCNc1ccc(NCCN)c2C(=O)c3cnccc3C(=O)c12
FIADGNVRKBPQEU-UHFFFAOYSA-N,27400.0,pizotifen,CN1CCC(CC1)=C1c2ccsc2CCc2ccccc12
UYJZZVDLGDDTCL-UHFFFAOYSA-N,4858.0,PJ-34,CN(C)CC(=O)Nc1ccc2[nH]c(=O)c3ccccc3c2c1
RAVIZVQZGXBOQO-CQSZACIVSA-N,24839733.0,PK-11195,CC[C@@H](C)N(C)C(=O)c1cc2ccccc2c(n1)-c1ccccc1Cl
LIPWZZYFIVYJSI-MRVPVSSYSA-N,46208486.0,PK-44,N[C@@H](CC(=O)N1CCn2c(C1)nnc2C(F)(F)F)Cc1[nH]nc2c(F)c(F)ccc12
CJZGRIRZVHNUSM-UHFFFAOYSA-N,53464059.0,PK-THPP,CCCC(=O)C1CCN(CC1)c1ncnc2CCN(Cc12)C(=O)c1ccc(cc1)-c1ccccc1
XRYJULCDUUATMC-CYBMUJFWSA-N,6918403.0,PKI-166,C[C@@H](Nc1ncnc2[nH]c(cc12)-c1ccc(O)cc1)c1ccccc1
WXUUCRLKXQMWRY-OYRHEFFESA-N,76958312.0,PKI-179,O=C(Nc1ccncc1)Nc1ccc(cc1)-c1nc(nc(n1)N1CCOCC1)N1[C@H]2CC[C@@H]1COC2
KQOXLKOJHVFTRN-UHFFFAOYSA-N,1684.0,pleconaril,Cc1cc(CCCOc2c(C)cc(cc2C)-c2noc(n2)C(F)(F)F)on1
YIQPUIGJQJDJOS-UHFFFAOYSA-N,65015.0,plerixafor,C(N1CCCNCCNCCCNCC1)c1ccc(CN2CCCNCCNCCCNCC2)cc1
CFCUWKMKBJTWLW-BGLFSJPPSA-N,457831.0,plicamycin,CO[C@@H]([C@@H]1Cc2cc3cc(O[C@H]4C[C@@H](O[C@H]5C[C@@H](O)[C@H](O)[C@@H](C)O5)[C@@H](O)[C@@H](C)O4)c(C)c(O)c3c(O)c2C(=O)[C@H]1O[C@H]1C[C@@H](O[C@H]2C[C@@H](O[C@H]3C[C@](C)(O)[C@H](O)[C@@H](C)O3)[C@H](O)[C@@H](C)O2)[C@H](O)[C@@H](C)O1)C(=O)[C@@H](O)[C@@H](C)O
UNRCMCRRFYFGFX-TYPNBTCFSA-N,9949641.0,plinabulin,CC(C)(C)c1nc[nH]c1\C=c1/[nH]c(=O)\c(=C\c2ccccc2)[nH]c1=O
OUYCCCASQSFEME-QMMMGPOBSA-N,6942100.0,plovamer-acetate,N[C@@H](Cc1ccc(O)cc1)C(O)=O
VCMMXZQDRFWYSE-UHFFFAOYSA-N,10205.0,plumbagin,CC1=CC(=O)c2c(O)cccc2C1=O
HUDWXDLBWRHCKO-UHFFFAOYSA-N,225362.0,plurisin-1,O=C(NNc1ccccc1)c1ccncc1
YZDJQTHVDDOVHR-UHFFFAOYSA-N,24180719.0,PLX4720,CCCS(=O)(=O)Nc1ccc(F)c(C(=O)c2c[nH]c3ncc(Cl)cc23)c1F
AMSUHYUVOVCWTP-INIZCTEOSA-N,90448953.0,PLX51107,C[C@@H](c1ccccn1)n1cc(-c2ccc(cc2)C(O)=O)c2ncc(cc12)-c1c(C)noc1C
NODCQQSEMCESEC-UHFFFAOYSA-N,11545419.0,PLX647,FC(F)(F)c1ccc(CNc2ccc(Cc3c[nH]c4ncccc34)cn2)cc1
YYACLQUDUDXAPA-MRXNPFEDSA-N,90116675.0,PLX8394,F[C@@H]1CCN(C1)S(=O)(=O)Nc1ccc(F)c(C(=O)c2c[nH]c3ncc(cc23)-c2cnc(nc2)C2CC2)c1F
ISEYJGQFXSTPMQ-BYPYZUCNSA-N,11031538.0,PMPA,OC(=O)CC[C@@H](CP(O)(O)=O)C(O)=O
CEIIEALEIHQDBX-UHFFFAOYSA-N,311434.0,PNU-120596,COc1cc(OC)c(NC(=O)Nc2cc(C)on2)cc1Cl
PNTVCCRNJOGKGA-QFIPXVFZSA-N,9845148.0,PNU-142633,CNC(=O)c1ccc2[C@H](CCN3CCN(CC3)c3ccc(cc3)C(N)=O)OCCc2c1
JGGQWSXZZQPZTR-UHFFFAOYSA-N,9887351.0,PNU-177864,CCCNCCc1ccc(NS(=O)(=O)c2ccc(OC(F)(F)F)cc2)cc1
ZBXDOQWPGBISAR-UHFFFAOYSA-N,27559.0,PNU-22394,Cn1c2CCNCCc2c2ccccc12
WECKJONDRAUFDD-ZDUSSCGKSA-N,9795278.0,PNU-282987,Clc1ccc(cc1)C(=O)N[C@H]1CN2CCC1CC2
GKCGWXNLOYTUNC-UHFFFAOYSA-N,64393.0,PNU-37883,C1CCC(CC1)N=C(NC12CC3CC(CC(C3)C1)C2)N1CCOCC1
JJEDWBQZCRESJL-DEDYPNTBSA-N,9836739.0,PNU-74654,Cc1ccc(\C=N\NC(=O)c2ccccc2Oc2ccccc2)o1
UADIKEUOAMACNA-UHFFFAOYSA-N,154689.0,PNU-89843,Cc1cc2c(nc(nc2n1C)N1CCCC1)N1CCCC1
XXMDDBVNWRWNCW-UHFFFAOYSA-N,1455.0,pocapavir,COc1ccc(OCc2ccc(COc3c(Cl)cccc3Cl)cc2)c(Cl)c1
YJGVMLPVUAXIQN-XVVDYKMHSA-N,10607.0,podophyllotoxin,COc1cc(cc(OC)c1OC)[C@H]1[C@@H]2[C@H](COC2=O)[C@@H](O)c2cc3OCOc3cc12
VBHDYBCWTAXBNA-FJXQXJEOSA-M,,polaprezinc,O=C1CCN[Zn]OC(=O)[C@H](Cc2cnc[nH]2)N1
ONJQDTZCDSESIW-UHFFFAOYSA-N,656641.0,polidocanol,CCCCCCCCCCCCOCCOCCOCCOCCOCCOCCOCCOCCOCCO
HSTZMXCBWJGKHG-CUYWLFDKSA-N,5281718.0,polydatin,OC[C@H]1O[C@@H](Oc2cc(O)cc(\C=C\c3ccc(O)cc3)c2)[C@H](O)[C@@H](O)[C@@H]1O
GRSZFWQUAKGDAV-SQQSDITASA-N,138454308.0,polyinosine,O[C@H]1[C@@H](COP(O)(O)=O)O[C@@H]([C@@H]1O)n1cnc2c1[nH]cnc2=O
WQVJHHACXVLGBL-XLCZGQJLSA-N,,polymyxin-B-sulfate,CC[C@@H](C)CCCCC(=O)N[C@@H](CCN)C(=O)N[C@@H]([C@@H](C)O)C(=O)N[C@@H](CCN)C(=O)N[C@H]1CCNC(=O)[C@@H](NC(=O)[C@@H](CCN)NC(=O)[C@@H](CCN)NC(=O)[C@@H](CC(C)C)NC(=O)[C@@H](Cc2ccccc2)NC(=O)[C@@H](CCN)NC1=O)[C@@H](C)O
CYLWJCABXYDINA-JTQLQIEISA-N,12876779.0,polythiazide,CN1[C@@H](CSCC(F)(F)F)Nc2cc(Cl)c(cc2S1(=O)=O)S(N)(=O)=O
UVSMNLNDYGZFPF-QMMMGPOBSA-N,9965330.0,pomalidomide,Nc1cccc2C(=O)N([C@H]3CCC(=O)NC3=O)C(=O)c12
PHXJVRSECIGDHY-UHFFFAOYSA-N,24826799.0,ponatinib,CN1CCN(Cc2ccc(NC(=O)c3ccc(C)c(c3)C#Cc3cnc4cccnn34)cc2C(F)(F)F)CC1
LPAUOXUZGSBGDU-STDDISTJSA-N,,ponesimod,CCC\N=C1/S\C(=C/c2ccc(OC[C@H](O)CO)c(Cl)c2)C(=O)N1c1ccccc1C
RAGOYPUPXAKGKH-XAKZXMRKSA-N,468595.0,posaconazole,CC[C@@H]([C@H](C)O)n1ncn(-c2ccc(cc2)N2CCN(CC2)c2ccc(OC[C@@H]3CO[C@](Cn4cncn4)(C3)c3ccc(F)cc3F)cc2)c1=O
PBKZPPIHUVSDNM-WNHSNXHDSA-N,656615.0,potassium-canrenoate,C[C@]12CC[C@H]3[C@@H](C=CC4=CC(=O)CC[C@]34C)[C@@H]1CC[C@@]2(O)CCC(O)=O
KIRAUJWBCMCUBY-UHFFFAOYSA-N,,potassium-iodide,[K].I
ALYNCZNDIQEVRV-UHFFFAOYSA-N,978.0,potassium-p-aminobenzoate,Nc1ccc(cc1)C(O)=O
YRVIKLBSVVNSHF-JTQLQIEISA-N,178052.0,pozanicline,Cc1ncccc1OC[C@@H]1CCCN1
LPFWVDIFUFFKJU-UHFFFAOYSA-N,25127713.0,poziotinib,COc1cc2ncnc(Nc3ccc(Cl)c(Cl)c3F)c2cc1OC1CCN(CC1)C(=O)C=C
ZVPDNRVYHLRXLX-UHFFFAOYSA-N,1400.0,PP-1,Cc1ccc(cc1)-c1nn(c2ncnc(N)c12)C(C)(C)C
NVRXTLZYXZNATH-UHFFFAOYSA-N,24905142.0,PP-121,Nc1ncnc2n(nc(-c3cnc4[nH]ccc4c3)c12)C1CCCC1
PBBRWFOVCUAONR-UHFFFAOYSA-N,4878.0,PP-2,CC(C)(C)n1nc(-c2ccc(Cl)cc2)c2c(N)ncnc12
MFAQYJIYDMLAIM-UHFFFAOYSA-N,135565635.0,PP242,CC(C)n1nc(-c2cc3cc(O)ccc3[nH]2)c2c(N)ncnc12
IOTXSIGGFRQYKW-UHFFFAOYSA-N,5040063.0,PPT,CCCc1c(nn(c1-c1ccc(O)cc1)-c1ccc(O)cc1)-c1ccc(O)cc1
GYQRHHQPEMOLKH-UHFFFAOYSA-N,16750094.0,PPY-A,COc1ccccc1-c1c[nH]c2ncc(cc12)-c1cncc(c1)C(=O)N(C)C
YBLWOZUPHDKFOT-UHFFFAOYSA-N,9549305.0,PQ-401,COc1ccc(Cl)cc1NC(=O)Nc1cc(C)nc2ccccc12
ZXOBLNBVNROVLC-UHFFFAOYSA-N,2817763.0,PR-619,Nc1nc(N)c(SC#N)cc1SC#N
DURULFYMVIFBIR-CYBMUJFWSA-N,6918924.0,practolol,CC(C)NC[C@@H](O)COc1ccc(NC(C)=O)cc1
GWNHAOBXDGOXRR-HJFSHJIFSA-N,9604654.0,pradefovir,Nc1ncnc2n(CCOC[P@@]3(=O)OCC[C@H](O3)c3cccc(Cl)c3)cnc12
OGSBUKJUDHAQEA-ZBFHGGJFSA-N,11155808.0,pralatrexate,Nc1nc(N)c2nc(C[C@@H](CC#C)c3ccc(cc3)C(=O)N[C@@H](CCC(O)=O)C(O)=O)cnc2n1
JBKPUQTUERUYQE-UHFFFAOYSA-O,4884.0,pralidoxime,C[n+]1ccccc1\C=N\O
MHOAUIZFSQGCNM-UHFFFAOYSA-N,54072659.0,pralidoxime-chloride,C[n+]1ccccc1CN=O
HRNLPPBUBKMZMT-RDRUQFPZSA-N,6918245.0,pralmorelin,C[C@@H](N)C(=O)N[C@H](Cc1ccc2ccccc2c1)C(=O)N[C@@H](C)C(=O)N[C@@H](Cc1c[nH]c2ccccc12)C(=O)N[C@H](Cc1ccccc1)C(=O)N[C@@H](CCCCN)C(N)=O
FASDKYOPVNHBLU-ZETCQYMHSA-N,119570.0,pramipexole,CCCN[C@H]1CCc2nc(N)sc2C1
ZULJGOSFKWFVRX-UHFFFAOYSA-N,51712.0,pramiracetam,CC(C)N(CCNC(=O)CN1CCCC1=O)C(C)C
DQKXQSGTHWVTAD-UHFFFAOYSA-N,4886.0,pramoxine,CCCCOc1ccc(OCCCN2CCOCC2)cc1
XTFPDGZNWTZCMF-OXHGWOFKSA-N,29986494.0,pranidipine,COC(=O)C1=C(C)NC(C)=C([C@@H]1c1cccc(c1)[N+]([O-])=O)C(=O)OC\C=C\c1ccccc1
NBQKINXMPLXUET-UHFFFAOYSA-N,4887.0,pranlukast,O=C(Nc1cccc2c1oc(cc2=O)-c1nn[nH]n1)c1ccc(OCCCCc2ccccc2)cc1
TVQZAMVBTVNYLA-SECBINFHSA-N,40467222.0,pranoprofen,C[C@@H](C(O)=O)c1ccc2Oc3ncccc3Cc2c1
NCMZQTLCXHGLOK-ZKHIMWLXSA-N,14709.0,prasterone-acetate,CC(=O)O[C@H]1CC[C@]2(C)[C@H]3CC[C@@]4(C)[C@@H](CCC4=O)[C@@H]3CC=C2C1
DTGLZDAWLRGWQN-LJQANCHMSA-N,51698431.0,prasugrel,CC(=O)Oc1cc2CN(CCc2s1)[C@@H](C(=O)C1CC1)c1ccccc1F
MEUQWHZOUDZXHH-UHFFFAOYSA-N,56463.0,pravadoline,COc1ccc(cc1)C(=O)c1c(C)n(CCN2CCOCC2)c2ccccc12
TUZYXOIXSAXUGO-PZAWKZKUSA-N,54687.0,pravastatin,CC[C@H](C)C(=O)O[C@H]1C[C@H](O)C=C2C=C[C@H](C)[C@H](CC[C@@H](O)C[C@@H](O)CC(O)=O)[C@@H]12
FSVJFNAIGNNGKK-QGZVFWFLSA-N,1917817.0,praziquantel,O=C(C1CCCCC1)N1C[C@H]2N(CCc3ccccc23)C(=O)C1
IENZQIKPVFGBNW-UHFFFAOYSA-N,4893.0,prazosin,COc1cc2nc(nc(N)c2cc1OC)N1CCN(CC1)C(=O)c1ccco1
RQHKZUBCUZVZEF-UHFFFAOYSA-N,126402.0,PRE-084,O=C(OCCN1CCOCC1)C1(CCCCC1)c1ccccc1
HTSNFXAICLXZMA-ZDUSSCGKSA-N,202478.0,preclamol,CCCN1CCC[C@@H](C1)c1cccc(O)c1
FNPXMHRZILFCKX-HGVFMWMISA-N,,prednicarbate,CCOC(=O)O[C@@]1(CC[C@H]2[C@H]3CCC4=CC(=O)C=C[C@]4(C)[C@@H]3[C@@H](O)C[C@]12C)C(=O)COC(=O)CC
OIGNJSKKLXVSLS-VWUMJDOOSA-N,5755.0,prednisolone,C[C@]12C[C@H](O)[C@H]3[C@@H](CCC4=CC(=O)C=C[C@]34C)[C@@H]1CC[C@]2(O)C(=O)CO
LRJOMUJRLNCICJ-JZYPGELDSA-N,5834.0,prednisolone-acetate,CC(=O)OCC(=O)[C@@]1(O)CC[C@H]2[C@@H]3CCC4=CC(=O)C=C[C@]4(C)[C@H]3[C@@H](O)C[C@]12C
APGDTXUMTIZLCJ-CGVGKPPMSA-N,656804.0,prednisolone-hemisuccinate,C[C@]12C[C@H](O)[C@H]3[C@@H](CCC4=CC(=O)C=C[C@]34C)[C@@H]1CC[C@]2(O)C(=O)COC(=O)CCC(O)=O
JDOZJEUDSLGTLU-VWUMJDOOSA-N,72078.0,prednisolone-sodium-phosphate,[H][C@@]12CC[C@](O)(C(=O)COP(O)(O)=O)[C@@]1(C)C[C@H](O)[C@@]1([H])[C@@]2([H])CCC2=CC(=O)C=C[C@]12C
HUMXXHTVHHLNRO-HGVFMWMISA-N,,prednisolone-tebutate,CC(C)(C)CC(=O)OCC(=O)[C@@]1(O)CC[C@H]2[C@H]3CCC4=CC(=O)C=C[C@]4(C)[C@@H]3[C@@H](O)C[C@]12C
XOFYZVNMUHMLCC-ZPOLXVRWSA-N,5865.0,prednisone,C[C@]12CC(=O)[C@H]3[C@@H](CCC4=CC(=O)C=C[C@]34C)[C@@H]1CC[C@]2(O)C(=O)CO
ORNBQBCIOKFOEO-QGVNFLHTSA-N,8955.0,pregnenolone,CC(=O)[C@H]1CC[C@H]2[C@@H]3CC=C4C[C@@H](O)CC[C@]4(C)[C@H]3CC[C@]12C
OZZAYJQNMKMUSD-VQLNUFJUSA-N,,pregnenolone-succinate,CC(=O)[C@H]1CC[C@H]2[C@H]3CC=C4C[C@H](CC[C@]4(C)[C@@H]3CC[C@]12C)OC(=O)CCC(O)=O
DTYWJKSSUANMHD-UHFFFAOYSA-N,10117987.0,preladenant,COCCOc1ccc(cc1)N1CCN(CCn2ncc3c2nc(N)n2nc(nc32)-c2ccco2)CC1
IFFPICMESYHZPQ-FQEVSTJZSA-N,181757.0,prenylamine,C[C@@H](Cc1ccccc1)NCCC(c1ccccc1)c1ccccc1
GOFXWTVKPWJNGD-UWJYYQICSA-N,58029842.0,presatovir,Cc1cn2nc(cc2nc1N1CC[C@H](N)C1)[C@@H]1CCCCN1C(=O)c1cc(Cl)ccc1NS(C)(=O)=O
ZLHZLMOSPGACSZ-NSHDSACASA-N,456199.0,pretomanid,[O-][N+](=O)c1cn2C[C@@H](COc2n1)OCc1ccc(OC(F)(F)F)cc1
RQXCLMGKHJWMOA-UHFFFAOYSA-N,4904.0,pridinol,OC(CCN1CCCCC1)(c1ccccc1)c1ccccc1
YGKUEOZJFIXDGI-UHFFFAOYSA-N,9795739.0,pridopidine,CCCN1CCC(CC1)c1cccc(c1)S(C)(=O)=O
MVFGUOIZUNYYSO-NSHDSACASA-N,6603976.0,prilocaine,CCCN[C@@H](C)C(=O)Nc1ccccc1C
RFBVBRVVOPAAFS-UHFFFAOYSA-N,322968.0,PRIMA1,OCC1(CO)N2CCC(CC2)C1=O
INDBQLZJXZLFIT-NSHDSACASA-N,3044369.0,primaquine,COc1cc(N[C@@H](C)CCCN)c2ncccc2c1
DQMZLTXERSFNPB-UHFFFAOYSA-N,4909.0,primidone,CCC1(C(=O)NCNC1=O)c1ccccc1
MQIMZDXIAHJKQP-UHFFFAOYSA-N,656954.0,prinaberel,Oc1cc(C=C)c2oc(nc2c1)-c1ccc(O)c(F)c1
YKPYIPVDTNNYCN-INIZCTEOSA-N,466151.0,prinomastat,CC1(C)SCCN([C@H]1C(=O)NO)S(=O)(=O)c1ccc(Oc2ccncc2)cc1
BHJIBOFHEFDSAU-LBPRGKRZSA-N,5745207.0,priralfinamide,C[C@H](NCc1ccc(OCc2ccccc2F)cc1)C(N)=O
WQRPBKUCJBWQRT-SECBINFHSA-N,76965811.0,prisotinol,CC(C)N[C@H](C)Cc1ccc(O)cn1
IVZKZONQVYTCKC-UHFFFAOYSA-N,491941.0,pritelivir,CN(C(=O)Cc1ccc(cc1)-c1ccccn1)c1nc(C)c(s1)S(N)(=O)=O
OBWOSMGNXYUDFB-UHFFFAOYSA-N,11559627.0,PRLX-93936,CCOc1ccccc1-n1c(CN2CCNCC2)nc2ccccc2c1=O
LCFFREMLXLZNHE-GBOLQPHISA-N,73388818.0,PRN1008,CC(C)(\C=C(/C#N)C(=O)N1CCC[C@H](C1)n1nc(-c2ccc(Oc3ccccc3)cc2F)c2c(N)ncnc12)N1CCN(CC1)C1COC1
PUIXMSRTTHLNKI-UHFFFAOYSA-N,118295624.0,PRN1371,CNc1ncc2cc(-c3c(Cl)c(OC)cc(OC)c3Cl)c(=O)n(CCCN3CCN(CC3)C(=O)C=C)c2n1
KKKHJYGCTVKQEM-UHFFFAOYSA-N,3068148.0,proacipimox,COCc1c[n+]([O-])c(C)cn1
SNTQPLDRUZOSDP-UHFFFAOYSA-N,4910.0,proadifen,CCCC(C(=O)OCCN(CC)CC)(c1ccccc1)c1ccccc1
DBABZHXKTCFAPX-UHFFFAOYSA-N,4911.0,probenecid,CCCN(CCC)S(=O)(=O)c1ccc(cc1)C(O)=O
FYPMFJGVHOHGLL-UHFFFAOYSA-N,4912.0,probucol,CC(C)(Sc1cc(c(O)c(c1)C(C)(C)C)C(C)(C)C)Sc1cc(c(O)c(c1)C(C)(C)C)C(C)(C)C
REQCZEXYDRLIBE-UHFFFAOYSA-N,4913.0,procainamide,CCN(CC)CCNC(=O)c1ccc(N)cc1
MFDFERRIHVXMIY-UHFFFAOYSA-N,4914.0,procaine,CCN(CC)CCOC(=O)c1ccc(N)cc1
CPTBDICYNRMXFX-UHFFFAOYSA-N,4915.0,procarbazine,CNNCc1ccc(cc1)C(=O)NC(C)C
FKNXQNWAXFXVNW-BLLLJJGKSA-N,688561.0,procaterol,CC[C@H](NC(C)C)[C@H](O)c1ccc(O)c2[nH]c(=O)ccc12
WIKYUJGCLQQFNW-UHFFFAOYSA-N,4917.0,prochlorperazine,CN1CCN(CCCN2c3ccccc3Sc3ccc(Cl)cc23)CC1
XYWJNTOURDMTPI-UHFFFAOYSA-N,65708.0,procodazole,OC(=O)CCc1nc2ccccc2[nH]1
XFZJEEAOWLFHDH-UKWJTHFESA-N,11250133.0,procyanidin-B-2,O[C@H]1Cc2c(O)cc(O)c([C@@H]3[C@@H](O)[C@H](Oc4cc(O)cc(O)c34)c3ccc(O)c(O)c3)c2O[C@@H]1c1ccc(O)c(O)c1
INDBQLZJXZLFIT-NSHDSACASA-N,3044369.0,procyclidine,COc1cc(N[C@@H](C)CCCN)c2ncccc2c1
BMLMGCPTLHPWPY-REOHCLBHSA-N,72390.0,procysteine,OC(=O)[C@@H]1CSC(=O)N1
CDOZDBSBBXSXLB-HNNXBMFYSA-N,667534.0,profenamine,CCN(CC)[C@@H](C)CN1c2ccccc2Sc2ccccc12
WDVSHHCDHLJJJR-UHFFFAOYSA-N,7099.0,proflavine-hemisulfate,Nc1ccc2cc3ccc(N)cc3nc2c1
RJKFOVLPORLFTN-LEKSSAKUSA-N,5994.0,progesterone,CC(=O)[C@H]1CC[C@H]2[C@@H]3CCC4=CC(=O)CC[C@]4(C)[C@H]3CC[C@]12C
PTXGHCGBYMQQIG-RRHRGVEJSA-N,76965948.0,proglumetacin,CCCN(CCC)C(=O)[C@@H](CCC(=O)OCCCN1CCN(CCOC(=O)Cc2c(C)n(C(=O)c3ccc(Cl)cc3)c3ccc(OC)cc23)CC1)NC(=O)c1ccccc1
DGMKFQYCZXERLX-OAHLLOKOSA-N,6603906.0,proglumide,CCCN(CCC)C(=O)[C@@H](CCC(O)=O)NC(=O)c1ccccc1
SSOLNOMRVKKSON-UHFFFAOYSA-N,6178111.0,proguanil,CC(C)NC(=N)N=C(N)Nc1ccc(Cl)cc1
NOOJLZTTWSNHOX-NXEZZACHSA-N,51387302.0,prolylleucylglycinamide,CC(C)C[C@@H](NC(=O)[C@H]1CCCN1)C(=O)NCC(N)=O
ZGUGWUXLJSTTMA-UHFFFAOYSA-N,4926.0,promazine,CN(C)CCCN1c2ccccc2Sc2ccccc12
IUWKNLFTJBHTSD-AANPDWTMSA-N,9883915.0,promestriene,CCCOc1ccc2[C@H]3CC[C@]4(C)[C@H](CC[C@H]4[C@@H]3CCc2c1)OC
PWWVAXIEGOYWEE-UHFFFAOYSA-N,89044377.0,promethazine,CC(CN1c2ccccc2Sc2ccccc12)N(C)C
HRSANNODOVBCST-OAHLLOKOSA-N,25271722.0,pronethalol,CC(C)NC[C@@H](O)c1ccc2ccccc2c1
QTGAJCQTLIRCFL-UHFFFAOYSA-N,68865.0,propacetamol,CCN(CC)CC(=O)Oc1ccc(NC(C)=O)cc1
JWHAUXFOSRPERK-GOSISDBHSA-N,184819.0,propafenone,CCCNC[C@@H](O)COc1ccccc1C(=O)CCc1ccccc1
XEABSBMNTNXEJM-UHFFFAOYSA-N,83030.0,propagermanium,OC(=O)CC[Ge](=O)O[Ge](=O)CCC(O)=O
VVWYOYDLCMFIEM-UHFFFAOYSA-N,4934.0,propantheline,CC(C)[N+](C)(CCOC(=O)C1c2ccccc2Oc2ccccc12)C(C)C
YZZCJYJBCUJISI-UHFFFAOYSA-N,66261.0,propatylnitrate,CCC(CO[N+]([O-])=O)(CO[N+]([O-])=O)CO[N+]([O-])=O
RBQOQRRFDPXAGN-UHFFFAOYSA-N,4938.0,propentofylline,CCCn1cnc2n(C)c(=O)n(CCCCC(C)=O)c(=O)c12
ZDWVWKDAWBGPDN-UHFFFAOYSA-O,4939.0,propidium-iodide,CC[N+](C)(CC)CCC[n+]1c(-c2ccccc2)c2cc(N)ccc2c2ccc(N)cc12
VEZXCJBBBCKRPI-UHFFFAOYSA-N,2365.0,propiolactone,O=C1CCO1
QPCVHQBVMYCJOM-UHFFFAOYSA-N,4942.0,propiverine,CCCOC(C(=O)OC1CCN(C)CC1)(c1ccccc1)c1ccccc1
OLBCVFGFOZPWHH-UHFFFAOYSA-N,4943.0,propofol,CC(C)c1cccc(C(C)C)c1O
ISRUGXGCCGIOQO-UHFFFAOYSA-N,4944.0,propoxur,CNC(=O)Oc1ccccc1OC(C)C
CAJIGINSTLKQMM-UHFFFAOYSA-N,6843.0,propoxycaine,CCCOc1cc(N)ccc1C(=O)OCCN(CC)CC
AQHHHDLHHXJYJD-UHFFFAOYSA-N,62882.0,propranolol,CC(C)NCC(O)COc1cccc2ccccc12
AQHHHDLHHXJYJD-CQSZACIVSA-N,21138.0,propranolol-(R),CC(C)NC[C@@H](O)COc1cccc2ccccc12
AQHHHDLHHXJYJD-AWEZNQCLSA-N,91536.0,propranolol-(S),CC(C)NC[C@H](O)COc1cccc2ccccc12
UDEWPOVQBGFNGE-UHFFFAOYSA-N,16846.0,propyl-benzoate,CCCOC(=O)c1ccccc1
DNIAPMSPPWPWGF-GSVOUGTGSA-N,259994.0,propylene-glycol,C[C@@H](O)CO
JCRIVQIOJSSCQD-VIFPVBQESA-N,71197.0,propylhexedrine,CN[C@@H](C)CC1CCCCC1
QELSKZZBTMNZEB-UHFFFAOYSA-N,7175.0,propylparaben,CCCOC(=O)c1ccc(O)cc1
KNAHARQHSZJURB-UHFFFAOYSA-N,657298.0,propylthiouracil,CCCc1cc(=O)[nH]c(=S)[nH]1
PXWLVJLKJGVOKE-UHFFFAOYSA-N,3778.0,propyphenazone,CC(C)c1c(C)n(C)n(-c2ccccc2)c1=O
JTIGKVIOEQASGT-UHFFFAOYSA-N,31508.0,proquazone,CC(C)n1c2cc(C)ccc2c(nc1=O)-c1ccccc1
MYEJFUXQJGHEQK-ALRJYLEOSA-N,5284613.0,proscillaridin-A,C[C@@H]1O[C@@H](O[C@H]2CC[C@]3(C)[C@H]4CC[C@]5(C)[C@H](CC[C@]5(O)[C@@H]4CCC3=C2)c2ccc(=O)oc2)[C@H](O)[C@H](O)[C@H]1O
VRDIULHPQTYCLN-UHFFFAOYSA-N,666418.0,protionamide,CCCc1cc(ccn1)C(N)=S
XNSAINXGIQZQOO-SRVKXCTJSA-N,638678.0,protirelin,NC(=O)[C@@H]1CCCN1C(=O)[C@H](Cc1c[nH]cn1)NC(=O)[C@@H]1CCC(=O)N1
HGXFBVDWWKPUKZ-UJJXFSCMSA-N,,protoporphyrin-IX,Cc1c(C=C)c2cc3[nH]c(cc4[nH]c(cc5nc(cc1n2)c(C=C)c5C)c(C)c4CCC(O)=O)c(CCC(O)=O)c3C
BWPIARFWQZKAIA-UHFFFAOYSA-N,4976.0,protriptyline,CNCCCC1c2ccccc2C=Cc2ccccc12
CEDZURSVVKNCSL-ZDUSSCGKSA-N,940099.0,proxodolol,Cc1noc(COc2ccccc2OC[C@@H](O)CNC(C)(C)C)n1
WNWALBVQAAIULR-UHFFFAOYSA-N,6421522.0,proxyfan,C(COCc1ccccc1)Cc1cnc[nH]1
KCLANYCVBBTKTO-UHFFFAOYSA-N,4935.0,proxymetacaine,CCCOc1ccc(cc1N)C(=O)OCCN(CC)CC
KYHQZNGJUGFTGR-ZCFIWIBFSA-N,158962.0,Proxyphylline,C[C@@H](O)Cn1cnc2n(C)c(=O)n(C)c(=O)c12
BGLPECHZZQDNCD-UHFFFAOYSA-N,44595079.0,PRT062070,CCS(=O)(=O)N1CCN(CC1)c1ccc(Nc2ncc(C(N)=O)c(NC3CC3)n2)cc1
TXGKRVFSSHPBAJ-JKSUJKDBSA-N,44462758.0,PRT062607,N[C@H]1CCCC[C@H]1Nc1ncc(C(N)=O)c(Nc2cccc(c2)-n2nccn2)n1
OMHZFEWYVFWVLI-UHFFFAOYSA-N,207893.0,PRT4165,O=C1C(=Cc2cccnc2)C(=O)c2ccccc12
ZPMNHBXQOOVQJL-UHFFFAOYSA-N,3052762.0,prucalopride,COCCCN1CCC(CC1)NC(=O)c1cc(Cl)c(N)c2CCOc12
PWNMXPDKBYZCOO-LLVKDONJSA-N,6556267.0,prulifloxacin,C[C@H]1Sc2c(C(O)=O)c(=O)c3cc(F)c(cc3n12)N1CCN(Cc2oc(=O)oc2C)CC1
AQRLDDAFYYAIJP-UHFFFAOYSA-N,6433122.0,pruvanserin,Fc1ccc(CCN2CCN(CC2)C(=O)c2cccc3c(c[nH]c23)C#N)cc1
BSLXKMCHXRCBIH-AWEZNQCLSA-N,67147340.0,PRX-07034,COc1cc(Cl)cc([C@H](C)Nc2cc(ccc2S(C)(=O)=O)N2CCNCC2)c1OC
IENZFHBNCRQMNP-UHFFFAOYSA-N,11502243.0,PRX-08066,Fc1ccc(CN2CCC(CC2)Nc2ncnc3sc(Cl)cc23)cc1C#N
KEJORAMIZFOODM-PWSUYJOCSA-N,9882972.0,PS178990,Cc1c(Cl)c(ccc1N1C(=O)[C@@H]2[C@H](O)CCN2C1=O)C#N
ZHQRPIRGSWEALJ-UHFFFAOYSA-N,25124826.0,PSB-06126,Nc1c2C(=O)c3ccccc3C(=O)c2c(Nc2cccc3ccccc23)cc1S(O)(=O)=O
RGDHRCXUMURWBJ-LLVKDONJSA-N,,PSB-11,CC[C@@H]1CN2C(=N1)c1nc([nH]c1N(C)C2=O)-c1ccccc1
UYDRRQPGDSIMNU-UHFFFAOYSA-N,5311479.0,PSB-1115,CCCn1c(=O)[nH]c2nc([nH]c2c1=O)-c1ccc(cc1)S(O)(=O)=O
CIBIXJYFYPFMTN-FZUGUKJMSA-N,,PSB-36,[H][C@]12C[C@H]3C[C@]([H])(C[C@]3(C1)c1nc3n(CCCO)c(=O)n(CCCC)c(=O)c3[nH]1)C2
OVHCTHHFOHMNFV-UHFFFAOYSA-N,44185871.0,PSB-603,CCCn1c(=O)[nH]c2nc([nH]c2c1=O)-c1ccc(cc1)S(=O)(=O)N1CCN(CC1)c1ccc(Cl)cc1
NYPIRLYMDJMKGW-VPCXQMTMSA-N,6481236.0,PSI-6130,C[C@@]1(F)[C@H](O)[C@@H](CO)O[C@H]1n1ccc(N)nc1=O
DIEPFYNZGUUVHD-UHFFFAOYSA-N,12004316.0,PSI-697,OC(=O)c1c(O)c(Cc2ccc(Cl)cc2)nc2c3CCCCc3ccc12
TTZHDVOVKQGIBA-YBSJRAAASA-N,45375809.0,PSI-7976,CC(C)OC(=O)[C@H](C)N[P@@](=O)(OC[C@H]1O[C@@H](n2ccc(=O)[nH]c2=O)[C@](C)(F)[C@@H]1O)Oc1ccccc1
OAVLEYPTWABFLF-UHFFFAOYSA-N,2875918.0,PSN-375963,CCCCC1CCC(CC1)c1nc(no1)-c1ccncc1
HDAYFSFWIPRJSO-UHFFFAOYSA-N,11560249.0,PSNCBAM-1,Clc1ccc(NC(=O)Nc2cccc(c2)-c2cccc(n2)N2CCCC2)cc1
ZCCUUQDIBDJBTK-UHFFFAOYSA-N,6199.0,psoralen,O=c1ccc2cc3ccoc3cc2o1
ONBSHRSJOPSEGS-INIZCTEOSA-N,91754484.0,PT-2385,CS(=O)(=O)c1ccc(Oc2cc(F)cc(c2)C#N)c2CC(F)(F)[C@@H](O)c12
JEZGPBWIZWPDHP-UHFFFAOYSA-N,73427235.0,PTC-028,Cc1nc2cc(F)c(F)cc2n1-c1cncc(Nc2ccc(cc2)C(F)(F)F)n1
XVOOCQSWCCRVDY-UHFFFAOYSA-N,1117196.0,PTC-209,COc1cc(Br)c(Nc2nc(cs2)-c2c(C)nc3ncccn23)c(Br)c1
VLEUZFDZJKSGMX-ONEGZZNKSA-N,5281727.0,pterostilbene,COc1cc(OC)cc(\C=C\c2ccc(O)cc2)c1
SUPVGFZUWFMATN-UHFFFAOYSA-N,9549213.0,PU-H71,CC(C)NCCCn1c(Sc2cc3OCOc3cc2I)nc2c(N)ncnc12
HKEAFJYKMMKDOR-VPRICQMDSA-N,5281807.0,puerarin,OC[C@H]1O[C@H]([C@H](O)[C@@H](O)[C@@H]1O)c1c(O)ccc2c1occ(-c1ccc(O)cc1)c2=O
AFUWQWYPPZFWCO-LBPRGKRZSA-N,154104.0,pumosetrag,O=C(N[C@H]1CN2CCC1CC2)c1c[nH]c2ccsc2c1=O
FYBHCRQFSFYWPY-UHFFFAOYSA-N,5284329.0,purmorphamine,C1CCC(CC1)n1cnc2c(Nc3ccc(cc3)N3CCOCC3)nc(Oc3cccc4ccccc34)nc12
RXWNCPJZOCPEPQ-NVWDDTSBSA-N,439530.0,puromycin,COc1ccc(C[C@H](N)C(=O)N[C@@H]2[C@@H](CO)O[C@H]([C@@H]2O)n2cnc3c(ncnc23)N(C)C)cc1
PMXCMJLOPOFPBT-HNNXBMFYSA-N,456214.0,purvalanol-A,CC(C)[C@H](CO)Nc1nc(Nc2cccc(Cl)c2)c2ncn(C(C)C)c2n1
ZKDXRFMOHZVXSG-HNNXBMFYSA-N,448991.0,purvalanol-B,CC(C)[C@H](CO)Nc1nc(Nc2ccc(C(O)=O)c(Cl)c2)c2ncn(C(C)C)c2n1
KIDHWZJUCRJVML-UHFFFAOYSA-N,1045.0,putrescine,NCCCCN
BPBPYQWMFCTCNG-ZCFIWIBFSA-N,86308851.0,PX-12,CC[C@@H](C)SSc1ncc[nH]1
GSKQMLGAUOTSKT-LBPRGKRZSA-N,11234795.0,PX-478,N[C@@H](Cc1ccc(cc1)[N+]([O-])(CCCl)CCCl)C(O)=O
GMBQZIIUCVWOCD-WWASVFFGSA-N,92095.0,PYM50028,C[C@H]1[C@H]2[C@H](C[C@H]3[C@@H]4CC[C@@H]5C[C@@H](O)CC[C@]5(C)[C@H]4CC[C@]23C)O[C@]11CC[C@H](C)CO1
ARGIPZKQJGFSGQ-LCYFTJDESA-N,5335621.0,PYR-41,CCOC(=O)c1ccc(cc1)N1NC(=O)\C(=C\c2ccc(o2)[N+]([O-])=O)C1=O
WLJNZVDCPSBLRP-UHFFFAOYSA-N,8546.0,pyrantel,OC(=O)c1cc2ccccc2c(Cc2c(O)c(cc3ccccc23)C(O)=O)c1O
YSAUAVHXTIETRK-AATRIKPKSA-N,708857.0,pyrantel-pamoate,CN1CCCN=C1\C=C\c1cccs1
IPEHBUMCGVEMRF-UHFFFAOYSA-N,1046.0,pyrazinamide,NC(=O)c1cnccn1
WNBSDCKJFDZMHT-UHFFFAOYSA-N,137321773.0,pyrazinoylguanidine,NC(=N)NC(=O)c1cnccn1
ACPOUJIDANTYHO-UHFFFAOYSA-N,8515.0,pyrazolanthrone,O=C1c2ccccc2-c2[nH]nc3cccc1c23
HVRZAFDJOWIDMM-UHFFFAOYSA-N,,pyrazoloacridine,COc1ccc2nc3c(ccc4n(CCCN(C)C)[nH]c(c34)c2c1)[N+]([O-])=O
ROVGZAWFACYCSP-VUMXUWRFSA-N,5281045.0,pyrethrins,CC(C)=C[C@@H]1[C@@H](C(=O)O[C@H]2CC(=O)C(C\C=C/C=C)=C2C)C1(C)C
RADKZDMFGJYCBB-UHFFFAOYSA-N,1050.0,pyridoxal,Cc1ncc(CO)c(C=O)c1O
BQYIXOPJPLGCRZ-REZTVBANSA-N,135409539.0,pyridoxal-isonicotinoyl-hydrazone,Cc1ncc(CO)c(\C=N\NC(=O)c2ccncc2)c1O
NHZMQXZHNVQTQA-UHFFFAOYSA-N,11205997.0,pyridoxamine,Cc1ncc(CO)c(CN)c1O
LXNHXLLTXMVWPM-UHFFFAOYSA-N,1054.0,pyridoxine,Cc1ncc(CO)c(CO)c1O
WKSAUQYGYAYLPV-UHFFFAOYSA-N,4993.0,pyrimethamine,CCc1nc(N)nc(N)c1-c1ccc(Cl)cc1
QRJTZIJWDLJKQO-UHFFFAOYSA-N,46223724.0,pyrintegrin,Oc1ccc2N(CCCc2c1)c1ccnc(Nc2ccc(cc2)S(=O)(=O)NCC2CC2)n1
KTIHEFSORPLWRR-UHFFFAOYSA-L,,pyrithione-zinc,O1[n+]2ccccc2S[Zn]11O[n+]2ccccc2S1
NZASCBIBXNPDMH-UHFFFAOYSA-N,4994.0,pyrithyldione,CCC1(CC)C(=O)NC=CC1=O
SIXLXDIJGIWWFU-UHFFFAOYSA-N,14190.0,pyritinol,Cc1ncc(CSSCc2cnc(C)c(O)c2CO)c(CO)c1O
DJUFPMUQJKWIJB-UHFFFAOYSA-N,107771.0,pyronaridine,COc1ccc2nc3cc(Cl)ccc3c(Nc3cc(CN4CCCC4)c(O)c(CN4CCCC4)c3)c2n1
SADXACCFNXBCFY-IYNHSRRRSA-N,51039030.0,pyrotinib,CCOc1cc2ncc(C#N)c(Nc3ccc(OCc4ccccn4)c(Cl)c3)c2cc1NC(=O)\C=C\[C@H]1CCCN1C
PTJGLFIIZFVFJV-UHFFFAOYSA-N,4996.0,pyroxamide,ONC(=O)CCCCCCC(=O)Nc1cccnc1
VSWDORGPIHIGNW-UHFFFAOYSA-N,65351.0,pyrrolidine-dithiocarbamate,SC(=S)N1CCCC1
QMHSXPLYMTVAMK-UHFFFAOYSA-N,5281035.0,pyrvinium-pamoate,CN(C)c1ccc2[n+](C)c(\C=C\c3cc(C)n(c3C)-c3ccccc3)ccc2c1
LGWDVWIZDPGCFG-UHFFFAOYSA-N,132260806.0,PZ-2891,CC(C)c1ccc(CC(=O)N2CCN(CC2)c2ccc(nn2)C#N)cc1
OJICYBSWSZGRFB-UHFFFAOYSA-N,68234908.0,Q-203,CCc1nc2ccc(Cl)cn2c1C(=O)NCc1ccc(cc1)N1CCC(CC1)c1ccc(OC(F)(F)F)cc1
BHZFZYLBVSWUMT-UHFFFAOYSA-N,135511466.0,quazinone,CC1N2Cc3c(Cl)cccc3NC2=NC1=O
REFJWTPEDVJJIY-UHFFFAOYSA-N,5280343.0,quercetin,Oc1cc(O)c2c(c1)oc(-c1ccc(O)c(O)c1)c(O)c2=O
URKOMYMAXPYINW-UHFFFAOYSA-N,5002.0,quetiapine,OCCOCCN1CCN(CC1)C1=Nc2ccccc2Sc2ccccc12
NZOONKHCNQFYCI-UHFFFAOYSA-N,60923.0,quiflapon,CC(C)(C)Sc1c(CC(C)(C)C(O)=O)n(Cc2ccc(Cl)cc2)c2ccc(OCc3ccc4ccccc4n3)cc12
GDFGTRDCCWFXTG-ZIFCJYIRSA-N,3086401.0,quinagolide,CCCN1C[C@H](C[C@@H]2Cc3c(O)cccc3C[C@@H]12)NS(=O)(=O)N(CC)CC
JSDRRTOADPPCHY-HSQYWUDLSA-N,54892.0,quinapril,CCOC(=O)[C@H](CCc1ccccc1)N[C@@H](C)C(=O)N1Cc2ccccc2C[C@H]1C(O)=O
FLSLEGPOVLMJMN-YSSFQJQWSA-N,107994.0,quinaprilat,C[C@H](N[C@@H](CCc1ccccc1)C(O)=O)C(=O)N1Cc2ccccc2C[C@H]1C(O)=O
TUFADSGTJUOBEH-ZWNOBZJWSA-N,57242.0,quinelorane,CCCN1CCC[C@@H]2Cc3nc(N)ncc3C[C@@H]12
PWZUUYSISTUNDW-VAFBSOEGSA-N,9046.0,quinestrol,C[C@]12CC[C@H]3[C@@H](CCc4cc(OC5CCCC5)ccc34)[C@@H]1CC[C@@]2(O)C#C
AGMMTXLNIQSRCG-SECBINFHSA-N,6604207.0,quinethazone,CC[C@H]1NC(=O)c2cc(c(Cl)cc2N1)S(N)(=O)=O
RUOKEQAAGRXIBM-GFCCVEGCSA-N,3052776.0,rasagiline,C#CCN[C@@H]1CCc2ccccc12
LOUPRKONTZGTKE-LHHVKLHASA-N,441074.0,quinidine,COc1ccc2nccc([C@H](O)[C@H]3C[C@@H]4CC[N@]3C[C@@H]4C=C)c2c1
LOUPRKONTZGTKE-WZBLMQSHSA-N,3034034.0,quinine,COc1ccc2nccc([C@@H](O)[C@@H]3C[C@@H]4CC[N@]3C[C@@H]4C=C)c2c1
NSBRKSWSLRQPJW-FRMGNDQPSA-N,5702001.0,quinine-ethyl-carbonate,CCOC(=O)O[C@H]([C@H]1C[C@@H]2CC[N@]1C[C@@H]2C=C)c1ccnc2ccc(OC)cc12
GJAWHXHKYYXBSV-UHFFFAOYSA-N,1066.0,quinolinic-acid,OC(=O)c1cccnc1C(O)=O
FTSUPYGMFAPCFZ-ZWNOBZJWSA-N,54562.0,quinpirol-(-),CCCN1CCC[C@@H]2Cc3[nH]ncc3C[C@@H]12
XRXDAJYKGWNHTQ-UHFFFAOYSA-N,5011.0,quipazine,C1CN(CCN1)c1ccc2ccccc2n1
CVWXJKQAOSCOAB-UHFFFAOYSA-N,24889392.0,quizartinib,CC(C)(C)c1cc(NC(=O)Nc2ccc(cc2)-c2cn3c(n2)sc2cc(OCCN4CCOCC4)ccc32)no1
QYUXPWDVDMSTKR-UHFFFAOYSA-O,5014.0,QX-222,Cc1cccc(C)c1NC(=O)C[N+](C)(C)C
PYEBKOFMWAMBFV-UHFFFAOYSA-O,3925.0,QX-314,CC[N+](CC)(CC)CC(=O)Nc1c(C)cccc1C
ANNRUWYFVIGKHA-UHFFFAOYSA-N,9821250.0,R-121919,CCCN(CCC)c1cc(C)nc2c(c(C)nn12)-c1cnc(cc1C)N(C)C
ODLGMSQBFONGNG-JVZYCSMKSA-N,457388.0,R-1479,Nc1ccn([C@@H]2O[C@@](CO)(N=[N+]=[N-])[C@@H](O)[C@H]2O)c(=O)n1
UPROBLPRPWYJGN-UHFFFAOYSA-N,11689373.0,R-1485,Fc1ccccc1S(=O)(=O)N1CCOc2c(cccc12)N1CCNCC1
KKKRKRMVJRHDMG-UHFFFAOYSA-N,11406590.0,R-1487,Cn1c2nc(NC3CCOCC3)ncc2cc(Oc2ccc(F)cc2F)c1=O
JQGOCCALXFSRHZ-UHFFFAOYSA-N,11703284.0,R-268712,Cc1cccc(n1)-c1n[nH]cc1-c1ccc(F)c(c1)-c1cnn(CCO)c1
KXMZDGSRSGHMMK-VWLOTQADSA-N,46215462.0,R-428,Nc1nc(Nc2ccc3CC[C@@H](CCc3c2)N2CCCC2)nn1-c1cc2CCCc3ccccc3-c2nn1
MFVJXLPANKSLLD-UHFFFAOYSA-N,3012.0,R-59022,Cc1nc2sccn2c(=O)c1CCN1CCC(CC1)=C(c1ccccc1)c1ccc(F)cc1
AFZLABYDOCWQBQ-WOJBJXKFSA-N,10668211.0,R-96544,COc1cccc(CCc2ccccc2OCC[C@@H]2C[C@@H](O)CN2C)c1
TVKGTSHBQZEFEE-UHFFFAOYSA-N,9904854.0,R112,Oc1cccc(Nc2ncc(F)c(Nc3cccc(O)c3)n2)c1
MUTBJZVSRNUIHA-UHFFFAOYSA-N,10309899.0,R306465,ONC(=O)c1cnc(nc1)N1CCN(CC1)S(=O)(=O)c1ccc2ccccc2c1
NHHQJBCNYHBUSI-UHFFFAOYSA-N,11213558.0,R406,COc1cc(Nc2ncc(F)c(Nc3ccc4OC(C)(C)C(=O)Nc4n3)n2)cc(OC)c1OC
JRNJNYBQQYBCLE-UHFFFAOYSA-N,6918852.0,R547,COc1ccc(F)c(F)c1C(=O)c1cnc(NC2CCN(CC2)S(C)(=O)=O)nc1N
YREYEVIYCVEVJK-RUZDIDTESA-N,9906855.0,rabeprazole,COCCCOc1ccnc(C[S@@](=O)c2nc3ccccc3[nH]2)c1C
RVNOANDLZIIFHB-MRXNPFEDSA-N,7023847.0,rac-BHFF,CC(C)(C)c1cc2c(OC(=O)[C@@]2(O)C(F)(F)F)c(c1)C(C)(C)C
ODUOJXZPIYUATO-LJQANCHMSA-N,60561.0,racecadotril,CC(=O)SC[C@@H](Cc1ccccc1)C(=O)NCC(=O)OCc1ccccc1
WAOQONBSWFLFPE-VIFPVBQESA-N,3033769.0,raclopride,CCN1CCC[C@H]1CNC(=O)c1c(O)c(Cl)cc(Cl)c1OC
YJQZYXCXBBCEAQ-SCLBCKFNSA-N,9862660.0,ractopamine,C[C@@H](CCc1ccc(O)cc1)NC[C@@H](O)c1ccc(O)cc1
XMBUPPIEVAFYHO-KPZWWZAWSA-N,44200882.0,RAD140,[H][C@@](C)(O)[C@@]([H])(Nc1ccc(C#N)c(Cl)c1C)c1nnc(o1)-c1ccc(cc1)C#N
RCOBKSKAZMVBHT-TVQRCGJNSA-N,9795056.0,radafaxine,C[C@@H]1NC(C)(C)CO[C@@]1(O)c1cccc(Cl)c1
BTTNOGHPGJANSW-IBGZPJMESA-N,11224409.0,radezolid,CC(=O)NC[C@H]1CN(C(=O)O1)c1ccc(c(F)c1)-c1ccc(CNCc2cn[nH]n2)cc1
GKGRZLGAQZPEHO-UHFFFAOYSA-N,10200813.0,radiprodil,Fc1ccc(CC2CCN(CC2)C(=O)C(=O)Nc2ccc3[nH]c(=O)oc3c2)cc1
DUPWHXBITIZIKZ-UHFFFAOYSA-N,16063245.0,radotinib,Cc1cn(cn1)-c1cc(NC(=O)c2ccc(C)c(Nc3nccc(n3)-c3cnccn3)c2)cc(c1)C(F)(F)F
YABJJWZLRMPFSI-UHFFFAOYSA-N,11656518.0,RAF265,Cn1c(Nc2ccc(cc2)C(F)(F)F)nc2cc(Oc3ccnc(c3)-c3ncc([nH]3)C(F)(F)F)ccc12
FYNMINFUAIDIFL-UHFFFAOYSA-N,90408826.0,RAF709,Cc1ncc(NC(=O)c2cccc(c2)C(F)(F)F)cc1-c1cnc(OC2CCOCC2)c(c1)N1CCOCC1
NPDKXVKJRHPDQT-IYARVYRRSA-N,,ralinepag,OC(=O)COC[C@H]1CC[C@H](COC(=O)N(c2ccccc2)c2ccc(Cl)cc2)CC1
GZUITABIAKMVPG-UHFFFAOYSA-N,5035.0,raloxifene,Oc1ccc(cc1)-c1sc2cc(O)ccc2c1C(=O)c1ccc(OCCN2CCCCC2)cc1
CZFFBEXEKNGXKS-UHFFFAOYSA-N,54671008.0,raltegravir,Cc1nnc(o1)C(=O)NC(C)(C)c1nc(C(=O)NCc2ccc(F)cc2)c(O)c(=O)n1C
IVTVGDXNLFLDRM-HNNXBMFYSA-N,135400182.0,raltitrexed,CN(Cc1ccc2[nH]c(C)nc(=O)c2c1)c1ccc(s1)C(=O)N[C@@H](CCC(O)=O)C(O)=O
LDXDSHIEDAPSSA-OAHLLOKOSA-N,123879.0,ramatroban,OC(=O)CCn1c2CC[C@H](Cc2c2ccccc12)NS(=O)(=O)c1ccc(F)cc1
YLXDSYKOBKBWJQ-LBPRGKRZSA-N,208902.0,ramelteon,CCC(=O)NCC[C@@H]1CCc2ccc3OCCc3c12
XOZLRRYPUKAKMU-UHFFFAOYSA-N,5037.0,ramifenazone,CC(C)Nc1c(C)n(C)n(-c2ccccc2)c1=O
HDACQVRGBOVJII-JBDAPHQKSA-N,6992028.0,ramipril,CCOC(=O)[C@H](CCc1ccccc1)N[C@@H](C)C(=O)N1[C@H]2CCC[C@H]2C[C@H]1C(O)=O
NTHPAPBPFQJABD-LLVKDONJSA-N,135418340.0,ramosetron,Cn1cc(C(=O)[C@@H]2CCc3nc[nH]c3C2)c2ccccc12
QCVNMNYRNIMDKV-QGZVFWFLSA-N,153948.0,ranirestat,Fc1cc(Br)ccc1CN1C(=O)c2cccn2[C@@]2(CC(=O)NC2=O)C1=O
SYNOVMDJYWJCON-UHFFFAOYSA-N,9883333.0,ranitidine,CN=C(C[N+]([O-])=O)NCCSCc1ccc(CN(C)C)o1
XKLMZUWKNUAPSZ-FQEVSTJZSA-N,13560750.0,ranolazine,COc1ccccc1OC[C@@H](O)CN1CCN(CC(=O)Nc2c(C)cccc2C)CC1
GIBQQARAXHVEGD-BSOLPCOYSA-N,14539800.0,rapastinel,C[C@@H](O)[C@H](N)C(=O)N1CCC[C@H]1C(=O)N1CCC[C@H]1C(=O)N[C@@H]([C@@H](C)O)C(N)=O
BLGXFZZNTVWLAY-DIRVCLHFSA-N,643606.0,rauwolscine,COC(=O)[C@@H]1[C@@H](O)CC[C@@H]2CN3CCc4c([nH]c5ccccc45)[C@@H]3C[C@H]12
RZUOCXOYPYGSKL-GOSISDBHSA-N,71727581.0,ravoxertinib,Cn1nccc1Nc1nccc(n1)-c1ccn([C@H](CO)c2ccc(Cl)c(F)c2)c(=O)c1
OPAHEYNNJWPQPX-RCDICMHDSA-N,467825.0,ravuconazole,C[C@@H](c1nc(cs1)-c1ccc(cc1)C#N)[C@](O)(Cn1cncn1)c1ccc(F)cc1F
RFEAEBNMNYRJFD-VGAJERRHSA-N,,RBC8,COc1ccc(OC)c(c1)[C@@H]1C(C#N)C(=N)Oc2[nH]nc(c12)-c1ccc2ccccc2c1
ALLWOAVDORUJLA-MRXNPFEDSA-N,969464.0,rebamipide,OC(=O)[C@@H](Cc1cc(=O)[nH]c2ccccc12)NC(=O)c1ccc(Cl)cc1
WVXNSAVVKYZVOE-UHFFFAOYSA-N,25066467.0,rebastinib,CNC(=O)c1cc(Oc2ccc(NC(=O)Nc3cc(nn3-c3ccc4ncccc4c3)C(C)(C)C)c(F)c2)ccn1
CBQGYUDMJHNJBX-RTBURBONSA-N,127151.0,reboxetine,CCOc1ccccc1O[C@@H]([C@H]1CNCCO1)c1ccccc1
ZZMFJJDBKSYGRM-UHFFFAOYSA-N,9891980.0,Rec-15/2615,COc1cc2nc(nc(N)c2cc1OC)N1CCN(CC1)C(=O)COc1c(OC)cccc1C(C)C
RDSACQWTXKSHJT-NSHDSACASA-N,44182295.0,refametinib,COc1cc(F)c(F)c(Nc2ccc(I)cc2F)c1NS(=O)(=O)C1(C[C@H](O)CO)CC1
LZPZPHGJDAGEJZ-AKAIJSEGSA-N,219024.0,regadenoson,CNC(=O)c1cnn(c1)-c1nc(N)c2ncn([C@@H]3O[C@H](CO)[C@@H](O)[C@H]3O)c2n1
FNHKPVJBJVTLMP-UHFFFAOYSA-N,11167602.0,regorafenib,CNC(=O)c1cc(Oc2ccc(NC(=O)Nc3ccc(Cl)c(c3)C(F)(F)F)c(F)c2)ccn1
CEBYCSRFKCEUSW-NAYZPBBASA-N,60943.0,relcovaptan,COc1ccc(cc1OC)S(=O)(=O)N1[C@@H](C(=O)N2CCC[C@H]2C(N)=O)[C@](O)(c2cc(Cl)ccc12)c1ccccc1Cl
SMOBCLHAZXOKDQ-ZJUUUORDSA-N,44129647.0,relebactam,OS(=O)(=O)ON1[C@H]2CN([C@@H](CC2)C(=O)NC2CCNCC2)C1=O
AOMXMOCNKJTRQP-UHFFFAOYSA-N,10348973.0,relugolix,CONC(=O)Nc1ccc(cc1)-c1sc2n(Cc3c(F)cccc3F)c(=O)n(-c3ccc(OC)nn3)c(=O)c2c1CN(C)C
YSGASDXSLKIKOD-KRWDZBQOSA-N,760423.0,remacemide,C[C@@](Cc1ccccc1)(NC(=O)CN)c1ccccc1
XDZAHHULFQIBFE-UHFFFAOYSA-N,24875489.0,remetinostat,COC(=O)c1ccc(OC(=O)CCCCCCC(=O)NO)cc1
CYHWMBVXXDIZNZ-KRWDZBQOSA-N,9867812.0,remimazolam,COC(=O)CC[C@@H]1N=C(c2ccccn2)c2cc(Br)ccc2-n2c(C)cnc12
XAEJIFARBQJLML-UHFFFAOYSA-N,44442376.0,remodelin,N#Cc1ccc(cc1)-c1csc(NN=C2CCCC2)n1
GUJRSXAPGDDABA-NSHDSACASA-N,54477.0,remoxipride,CCN1CCC[C@H]1CNC(=O)c1c(OC)ccc(Br)c1OC
FAEKWTJYAYMJKF-QHCPKHFHSA-N,65981.0,repaglinide,CCOc1cc(CC(=O)N[C@@H](CC(C)C)c2ccccc2N2CCCCC2)ccc1C(O)=O
KQDRVXQXKZXMHP-LLVKDONJSA-N,9838712.0,reparixin,CC(C)Cc1ccc(cc1)[C@@H](C)C(=O)NS(C)(=O)=O
FIKPXCOQUIZNHB-VUWPPUDQSA-N,,repotrectinib,C[C@H]1CNC(=O)c2cnn3ccc(N[C@H](C)c4cc(F)ccc4O1)nc23
LBPKYPYHDKKRFS-UHFFFAOYSA-N,449054.0,repsox,Cc1cccc(n1)-c1n[nH]cc1-c1ccc2ncccc2n1
LEEIJTHMHDMWLJ-CQSZACIVSA-N,11703255.0,resatorvid,CCOC(=O)C1=CCCC[C@H]1S(=O)(=O)Nc1ccc(F)cc1Cl
QEVHRUUCFGRFIF-MDEJGZGSSA-N,5770.0,reserpine,CO[C@H]1[C@@H](C[C@@H]2CN3CCc4c([nH]c5cc(OC)ccc45)[C@H]3C[C@@H]2[C@@H]1C(=O)OC)OC(=O)c1cc(OC)c(OC)c(OC)c1
ATLJNLYIJOCWJE-CWMZOUAVSA-N,6917974.0,resibufogenin,C[C@]12CC[C@H]3[C@@H](CC[C@@H]4C[C@@H](O)CC[C@]34C)[C@]11O[C@@H]1C[C@@H]2c1ccc(=O)oc1
BXNMTOQRYBFHNZ-UHFFFAOYSA-N,159603.0,resiquimod,CCOCc1nc2c(N)nc3ccccc3c2n1CC(C)(C)O
FDBYIYFVSAHJLY-UHFFFAOYSA-N,15981237.0,resmetirom,CC(C)c1cc(Oc2c(Cl)cc(cc2Cl)-n2nc(C#N)c(=O)[nH]c2=O)nnc1O
FECGNJPYVFEKOD-VMPITWQZSA-N,11609955.0,resminostat,CN(C)Cc1ccc(cc1)S(=O)(=O)n1ccc(\C=C\C(=O)NO)c1
GHMLBKRAJCXXBS-UHFFFAOYSA-N,5054.0,resorcinol,Oc1cccc(O)c1
ZZPKZRHERLGEKA-UHFFFAOYSA-N,5055.0,resorcinol-monoacetate,CC(=O)Oc1cccc(O)c1
LUKBXSAWLPMMSZ-OWOJBTEDSA-N,445154.0,resveratrol,Oc1ccc(\C=C\c2cc(O)cc(O)c2)cc1
WIIAMRXFUJLYEF-SNVBAGLBSA-N,44193830.0,retagliptin,COC(=O)c1nc(n2CCN(Cc12)C(=O)C[C@H](N)Cc1cc(F)c(F)cc1F)C(F)(F)F
STZYTFJPGGDRJD-NHUWBDDWSA-N,,retapamulin,C[C@@H]1CC[C@@]23CCC(=O)[C@H]2[C@]1(C)[C@@H](C[C@@](C)(C=C)[C@@H](O)[C@@H]3C)OC(=O)CS[C@H]1C[C@@H]2CC[C@H](C1)N2C
OAKGNIRUXAZDQF-FBDSWQSESA-N,25169033.0,retaspimycin,CO[C@H]1C[C@H](C)Cc2c(O)c(NC(=O)\C(C)=C\C=C/[C@H](OC)[C@@H](OC(N)=O)\C(C)=C\[C@H](C)[C@H]1O)cc(O)c2NCC=C
NCYCYZXNIZJOKI-OVSJKPMPSA-N,638015.0,retinaldehyde,C\C(\C=C\C=C(/C)\C=C\C1=C(C)CCCC1(C)C)=C/C=O
FPIPGXGPPPQFEQ-OVSJKPMPSA-N,445354.0,retinol,C\C(=C/CO)\C=C\C=C(/C)\C=C\C1=C(C)CCCC1(C)C
QGNJRVVDBSJHIZ-QHLGVNSISA-N,638034.0,retinyl-acetate,CC(=O)OC\C=C(/C)\C=C\C=C(/C)\C=C\C1=C(C)CCCC1(C)C
VYGQUTWHTHXGQB-FFHKNEKCSA-N,5280531.0,retinyl-palmitate,CCCCCCCCCCCCCCCC(=O)OC\C=C(/C)\C=C\C=C(/C)\C=C\C1=C(C)CCCC1(C)C
JRLOEMCOOZSCQP-JOCHJYFZSA-N,40428144.0,REV-5901,CCCCC[C@@H](O)c1cccc(OCc2ccc3ccccc3n2)c1
LECZXZOBEZITCL-MRXNPFEDSA-N,40462255.0,revaprazan,C[C@H]1N(CCc2ccccc12)c1nc(Nc2ccc(F)cc2)nc(C)c1C
FYDWDCIFZSGNBU-UHFFFAOYSA-N,11753673.0,revefenacin,CN(CCN1CCC(CC1)OC(=O)Nc1ccccc1-c1ccccc1)C(=O)c1ccc(CN2CCC(CC2)C(N)=O)cc1
JTRXWCLQFAZHGP-UHFFFAOYSA-N,2298706.0,reversan,O=C(NCCCN1CCOCC1)c1cnn2c(cc(nc12)-c1ccccc1)-c1ccccc1
ZFLJHSQHILSNCM-UHFFFAOYSA-N,210332.0,reversine,C1CCC(CC1)Nc1nc(Nc2ccc(cc2)N2CCOCC2)nc2nc[nH]c12
PZZRDJXEMZMZFD-BWYUNELBSA-N,5320861.0,reynoutrin,O[C@@H]1CO[C@@H](Oc2c(oc3cc(O)cc(O)c3c2=O)-c2ccc(O)c(O)c2)[C@H](O)[C@H]1O
HPTXLHAHLXOAKV-INIZCTEOSA-N,702558.0,RG108,OC(=O)[C@H](Cc1c[nH]c2ccccc12)N1C(=O)c2ccccc2C1=O
XXAKBYBCWYYQTL-UHFFFAOYSA-N,,RG1530,COc1cc2N=C3NN=C(C)C3N=C(c3ccccc3Cl)c2cc1F
VOPDXHFYDJAYNS-UHFFFAOYSA-N,56654642.0,RG2833,Cc1ccc(cc1)C(=O)NCCCCCC(=O)Nc1ccccc1N
OJPLJFIFUQPSJR-INIZCTEOSA-N,49867930.0,RG4733,CC(C)(C(=O)NCC(F)(F)C(F)(F)F)C(=O)N[C@H]1c2ccccc2-c2ccccc2NC1=O
QBGKPEROWUKSBK-QPPIDDCLSA-N,57406853.0,RG7112,CCOc1cc(ccc1C1=N[C@@](C)(c2ccc(Cl)cc2)[C@](C)(N1C(=O)N1CCN(CCCS(C)(=O)=O)CC1)c1ccc(Cl)cc1)C(C)(C)C
GYFRQCMDLBNZSF-UHFFFAOYSA-N,89741565.0,RG7800,CCc1nc(C)cn2nc(cc12)-c1cc(=O)n2cc(cc(C)c2n1)C1CCN(C)CC1
KBXLMOYQNDMHQT-KRWDZBQOSA-N,134305955.0,RG7834,COCCCOc1cc2C[C@@H](C(C)C)n3cc(C(O)=O)c(=O)cc3-c2cc1OC
XLSYZSRXVVCHLS-UHFFFAOYSA-N,11285002.0,RGB-286638,COCCN1CCN(Cc2ccc(cc2)-c2n[nH]c3-c4cccc(NC(=O)NN5CCOCC5)c4C(=O)c23)CC1
BLVQHYHDYFTPDV-VCABWLAWSA-N,56650312.0,RGFP966,Nc1cc(F)ccc1NC(=O)\C=C\c1cnn(C\C=C\c2ccccc2)c1
ZLJZDYOBXVOTSA-XMMPIXPASA-N,10218693.0,RGX-104,C[C@H](CCOc1cccc(CC(O)=O)c1)N(CC(c1ccccc1)c1ccccc1)Cc1cccc(c1Cl)C(F)(F)F
RXSVYGIGWRDVQC-UHFFFAOYSA-N,5063.0,RHC-80267,O=C(NCCCCCCNC(=O)ON=C1CCCCC1)ON=C1CCCCC1
FCDLCPWAQCPTKC-UHFFFAOYSA-N,10168.0,rhein,OC(=O)c1cc(O)c2C(=O)c3c(O)cccc3C(=O)c2c1
FFWOKTFYGVYKIR-UHFFFAOYSA-N,10639.0,rheochrysidin,COc1cc(O)c2C(=O)c3c(O)cc(C)cc3C(=O)c2c1
ZWODABSNRKVFCK-UHFFFAOYSA-N,,rhodamine-123,COC(=O)c1ccccc1-c1c2ccc(N)cc2[o+]c2cc(N)ccc12
MWSUIZKGNWELRF-UHFFFAOYSA-N,1074953.0,RI-1,ClC1=C(N2CCOCC2)C(=O)N(C1=O)c1ccc(Cl)c(Cl)c1
IWUCXVSUMQZMFG-AFCXAGJDSA-N,37542.0,ribavirin,NC(=O)c1ncn(n1)[C@@H]1O[C@H](CO)[C@@H](O)[C@H]1O
HEBKCHPVOIAQTA-ZXFHETKHSA-N,,ribitol,OC[C@H](O)[C@H](O)[C@H](O)CO
RHXHGRAEPCAFML-UHFFFAOYSA-N,44631912.0,ribociclib,CN(C)C(=O)c1cc2cnc(Nc3ccc(cn3)N3CCNCC3)nc2n1C1CCCC1
AUNGANRZJHBGPY-SCRDCRAPSA-N,493570.0,riboflavin,Cc1cc2nc3c(nc(=O)[nH]c3=O)n(C[C@H](O)[C@H](O)[C@H](O)CO)c2cc1C
FVTCRASFADXXNN-SCRDCRAPSA-N,643976.0,riboflavin-5-phosphate-sodium,Cc1cc2nc3c(nc(=O)[nH]c3=O)n(C[C@H](O)[C@H](O)[C@H](O)COP(O)(O)=O)c2cc1C
MJNIWUJSIGSWKK-BBANNHEPSA-N,92140.0,riboflavin-tetrabutyrate,CCCC(=O)OC[C@@H](OC(=O)CCC)[C@@H](OC(=O)CCC)[C@H](Cn1c2cc(C)c(C)cc2nc2c1nc(=O)[nH]c2=O)OC(=O)CCC
NSKGQURZWSPSBC-VVPCINPTSA-N,33042.0,ribostamycin,NC[C@H]1O[C@H](O[C@@H]2[C@@H](N)C[C@@H](N)[C@H](O)[C@H]2O[C@@H]2O[C@H](CO)[C@@H](O)[C@H]2O)[C@H](N)[C@@H](O)[C@@H]1O
NSKGQURZWSPSBC-NZJHKTKDSA-N,,ribostamycin-sulfate,NC[C@H]1O[C@H](O[C@@H]2[C@@H](N)C[C@@H](N)[C@H](O)[C@@H]2O[C@@H]2O[C@H](CO)[C@@H](O)[C@H]2O)[C@H](N)[C@@H](O)[C@@H]1O
WBHHMMIMDMUBKC-QJWNTBNXSA-N,643684.0,ricinoleic-acid,CCCCCC[C@@H](O)C\C=C/CCCCCCCC(O)=O
UHQFBTAJFNVZIV-UHFFFAOYSA-N,16659285.0,ridinilazole,c1cc(ccn1)-c1nc2ccc(cc2[nH]1)-c1ccc2nc([nH]c2c1)-c1ccncc1
ATEBXHFBFRCZMA-DVAZEERGSA-N,,rifabutin,CO[C@H]1\C=C\O[C@@]2(C)Oc3c(C2=O)c2C4=NC5(CCN(CC(C)C)CC5)NC4=C(NC(=O)\C(C)=C/C=C/[C@H](C)[C@H](O)[C@@H](C)[C@@H](O)[C@@H](C)[C@H](OC(C)=O)[C@@H]1C)C(=O)c2c(O)c3C
JQXXHWHPUNPDRT-YOPQJBRCSA-N,135925261.0,rifampin,CO[C@H]1\C=C\O[C@@]2(C)Oc3c(C2=O)c2c(O)c(\C=N\N4CCN(C)CC4)c(NC(=O)\C(C)=C/C=C/[C@H](C)[C@H](O)[C@@H](C)[C@@H](O)[C@@H](C)[C@H](OC(C)=O)[C@@H]1C)c(O)c2c(O)c3C
HSYCMGWPPRTNKH-UHFFFAOYSA-N,9840648.0,SA-47,CNC(=O)COC(=O)NCCC1CCN(CC1)c1cccc(C)n1
HJYYPODYNSCCOU-WURVRSKISA-N,5282048.0,rifamycin,CO[C@H]1\C=C\O[C@@]2(C)Oc3c(C2=O)c2c(O)cc(NC(=O)\C(C)=C/C=C/[C@H](C)[C@H](O)[C@@H](C)[C@@H](O)[C@@H](C)[C@H](OC(C)=O)[C@@H]1C)c(O)c2c(O)c3C
HJYYPODYNSCCOU-WURVRSKISA-N,5282048.0,rifamycin-sv,CO[C@H]1\C=C\O[C@@]2(C)Oc3c(C2=O)c2c(O)cc(NC(=O)\C(C)=C/C=C/[C@H](C)[C@H](O)[C@@H](C)[C@@H](O)[C@@H](C)[C@H](OC(C)=O)[C@@H]1C)c(O)c2c(O)c3C
WDZCUPBHRAEYDL-NAFQJNKLSA-N,136238508.0,rifapentine,CO[C@H]1\C=C\O[C@@]2(C)Oc3c(C2=O)c2c(O)c(\C=N\N4CCN(CC4)C4CCCC4)c(NC(=O)\C(C)=C/C=C/[C@H](C)[C@H](O)[C@@H](C)[C@@H](O)[C@@H](C)[C@H](OC(C)=O)[C@@H]1C)c(O)c2c(O)c3C
NZCRJKRKKOLAOJ-LGPAXTBISA-N,46783403.0,rifaximin,CO[C@H]1\C=C\O[C@@]2(C)Oc3c(C2=O)c2c4nc5cc(C)ccn5c4c(NC(=O)\C(C)=C/C=C/[C@H](C)[C@H](O)[C@@H](C)[C@@H](O)[C@@H](C)[C@H](OC(C)=O)[C@@H]1C)c(O)c2c(O)c3C
OWBFCJROIKNMGD-BQYQJAHWSA-N,6918736.0,rigosertib,COc1cc(OC)c(\C=C\S(=O)(=O)Cc2ccc(OC)c(NCC(O)=O)c2)c(OC)c1
JZCPYUJPEARBJL-UHFFFAOYSA-N,104850.0,rimonabant,Cc1c(nn(c1-c1ccc(Cl)cc1)-c1ccc(Cl)cc1Cl)C(=O)NN1CCCCC1
NNBGCSGCRSCFEA-UHFFFAOYSA-N,9918381.0,rilapladib,COCCN1CCC(CC1)N(Cc1ccc(cc1)-c1ccc(cc1)C(F)(F)F)C(=O)Cn1c(SCc2cccc(F)c2F)cc(=O)c2ccccc12
CQXADFVORZEARL-UHFFFAOYSA-N,68712.0,rilmenidine,C1CC1C(NC1=NCCO1)C1CC1
YIBOMRUWOWDFLG-ONEGZZNKSA-N,6451164.0,rilpivirine,Cc1cc(\C=C\C#N)cc(C)c1Nc1ccnc(Nc2ccc(cc2)C#N)n1
FTALBRSUTCGOEG-UHFFFAOYSA-N,5070.0,riluzole,Nc1nc2ccc(OC(F)(F)F)cc2s1
UBCHPRBFMUDMNC-AAWJQDODSA-N,7048786.0,rimantadine,C[C@@H](N)C12CC3CC(CC(C3)C1)C2
GUDVQJXODNJRIJ-CALCHBBNSA-N,53389.0,rimcazole,C[C@H]1CN(CCCn2c3ccccc3c3ccccc23)C[C@@H](C)N1
KRNAOFGYEFKHPB-ANJVHQHFSA-N,51049968.0,rimegepant,N[C@H]1[C@@H](CC[C@@H](OC(=O)N2CCC(CC2)n2c3cccnc3[nH]c2=O)c2ncccc12)c1cccc(F)c1F
GROMEQPXDKRRIE-UHFFFAOYSA-N,9799487.0,rimeporide,Cc1cc(c(cc1C(=O)NC(N)=N)S(C)(=O)=O)S(C)(=O)=O
QTTRZHGPGKRAFB-OOKHYKNYSA-N,5311412.0,rimexolone,CCC(=O)[C@@]1(C)[C@H](C)C[C@H]2[C@@H]3CCC4=CC(=O)C=C[C@]4(C)[C@H]3[C@@H](O)C[C@]12C
WXXSNCNJFUAIDG-UHFFFAOYSA-N,11304743.0,riociguat,COC(=O)N(C)c1c(N)nc(nc1N)-c1nn(Cc2ccccc2F)c2ncccc12
AZVFIZVKGSPGPK-UHFFFAOYSA-N,68909.0,riodipine,COC(=O)C1=C(C)NC(C)=C(C1c1ccccc1OC(F)F)C(=O)OC
XKFZYVWWXHCHIX-UHFFFAOYSA-N,152256.0,riodoxol,Oc1c(I)cc(I)c(O)c1I
QSKQVZWVLOIIEV-NSHDSACASA-N,9863672.0,ripasudil,C[C@H]1CNCCCN1S(=O)(=O)c1cccc2cncc(F)c12
YFHYNLHGFKXAIQ-UHFFFAOYSA-N,33474.0,ripazepam,CCn1nc(C)c2NC(=O)CN=C(c12)c1ccccc1
CEFJVGZHQAGLHS-UHFFFAOYSA-N,71584930.0,ripretinib,CCn1c2cc(NC)ncc2cc(-c2cc(NC(=O)Nc3ccccc3)c(F)cc2Br)c1=O
ASKZRYGFUPSJPN-UHFFFAOYSA-N,118513932.0,risdiplam,Cc1cn2nc(cc(C)c2n1)-c1cc(=O)n2cc(ccc2n1)N1CCNC2(CC2)C1
IIDJRNMFWXDHID-UHFFFAOYSA-N,5245.0,risedronate,OC(Cc1cccnc1)(P(O)(O)=O)P(O)(O)=O
RECBFDWSXWAXHY-IAGOWNOFSA-N,11394238.0,rislenemdaz,Cc1ccc(COC(=O)N2CC[C@H](CNc3ncccn3)[C@H](F)C2)cc1
RAPZEAPATHNIPO-UHFFFAOYSA-N,5073.0,risperidone,Cc1nc2CCCCn2c(=O)c1CCN1CCC(CC1)c1noc2cc(F)ccc12
KZENBFUSKMWCJF-UHFFFAOYSA-N,374536.0,RITA,OCc1ccc(s1)-c1ccc(o1)-c1ccc(CO)s1
JUQLTPCYUFPYKE-UHFFFAOYSA-N,5074.0,ritanserin,Cc1nc2sccn2c(=O)c1CCN1CCC(CC1)=C(c1ccc(F)cc1)c1ccc(F)cc1
IOVGROKTTNBUGK-SJKOYZFVSA-N,688570.0,ritodrine,C[C@@H](NCCc1ccc(O)cc1)[C@@H](O)c1ccc(O)cc1
NCDNCNXCDXHOMX-XGKFQTDJSA-N,392622.0,ritonavir,CC(C)[C@H](NC(=O)N(C)Cc1csc(n1)C(C)C)C(=O)N[C@H](C[C@H](O)[C@H](Cc1ccccc1)NC(=O)OCc1cncs1)Cc1ccccc1
JUOSGGQXEBBCJB-GORDUTHDSA-N,5310967.0,rivanicline,CNCC\C=C\c1cccnc1
KGFYHTZWPPHNLQ-AWEZNQCLSA-N,9875401.0,rivaroxaban,Clc1ccc(s1)C(=O)NC[C@H]1CN(C(=O)O1)c1ccc(cc1)N1CCOCC1=O
XSVMFMHYUFZWBK-NSHDSACASA-N,77991.0,rivastigmine,CCN(C)C(=O)Oc1cccc(c1)[C@H](C)N(C)C
ULFRLSNUDGIQQP-UHFFFAOYSA-N,5078.0,rizatriptan,CN(C)CCc1c[nH]c2ccc(Cn3cncn3)cc12
GDVRVPIXWXOKQO-UHFFFAOYSA-N,60138149.0,RKI-1447,Oc1cccc(CNC(=O)Nc2nc(cs2)-c2ccncc2)c1
HTLIIBRHXAULMB-UHFFFAOYSA-N,78144.0,RLX,O=c1n2CCCCCc2nc2ccccc12
IKUYEYLZXGGCRD-ORAYPTAESA-N,134183206.0,RMC-4550,C[C@@H]1OCC2(CCN(CC2)c2nc(C)c(nc2CO)-c2cccc(Cl)c2Cl)[C@@H]1N
YAMSXCOVJUUMCT-FCHUYYIVSA-N,45376076.0,RN-1,CN1CCN(CC1)C(=O)CN[C@@H]1C[C@H]1c1ccc(OCc2ccccc2)cc1
IHYZMEAZAIFMTN-UHFFFAOYSA-N,3601086.0,RN-1734,CC(C)NCCN(C(C)C)S(=O)(=O)c1ccc(Cl)cc1Cl
ZNLVYSJQUMALEO-UHFFFAOYSA-N,5068295.0,RN-1747,[O-][N+](=O)c1cc(Cl)ccc1S(=O)(=O)N1CCN(Cc2ccccc2)CC1
DSTWURHEHMZWEI-KRWDZBQOSA-N,92169474.0,Ro-04-5595,COc1cc2CCN(C)[C@@H](CCc3ccc(Cl)cc3)c2cc1O
JDEMVNYMYPJJIM-UHFFFAOYSA-N,17756791.0,Ro-08-2750,Cc1cc2nc3c(nc(=O)[nH]c3=O)n(C)c2cc1C=O
KABDATZAOUSYES-UHFFFAOYSA-N,16759175.0,Ro-10-5824,Cc1ncc(CN2CCC(=CC2)c2ccccc2)c(N)n1
JFSXSNSCPNFCDM-KRWDZBQOSA-N,92510314.0,Ro-106-9920,O=[S@@](c1ccccc1)c1ccc2nnnn2n1
GYYRMJMXXLJZAB-UHFFFAOYSA-N,9839644.0,Ro-1138452,CC(C)Oc1ccc(Cc2ccc(NC3=NCCN3)cc2)cc1
CFSOJZTUTOQNIA-UHFFFAOYSA-N,5081.0,Ro-15-4513,CCOC(=O)c1ncn-2c1CN(C)C(=O)c1cc(ccc-21)N=[N+]=[N-]
ZIGMMUKDYCABPW-UHFFFAOYSA-N,127382.0,Ro-19-4605,CN1Cc2c(ncn2-c2ccsc2C1=O)C(=O)OC(C)(C)C
PDMUULPVBYQBBK-LBPRGKRZSA-N,6998998.0,Ro-20-1724,CCCCOc1cc(C[C@H]2CNC(=O)N2)ccc1OC
WVZSEUPGUDIELE-HTAPYJJXSA-N,6604887.0,Ro-25-6981,C[C@@H](CN1CCC(Cc2ccccc2)CC1)[C@@H](O)c1ccc(O)cc1
NEQSWPCDHDQINX-MRXNPFEDSA-N,9886086.0,Ro-28-1675,CS(=O)(=O)c1ccc(cc1)[C@@H](CC1CCCC1)C(=O)Nc1nccs1
PYNPWUIBJMVRIG-UHFFFAOYSA-N,11289644.0,Ro-3,COc1cc(Cc2cnc(N)nc2N)c(cc1OC)C(C)C
XOLMRFUGOINFDQ-YBEGLDIGSA-N,135400873.0,Ro-3306,O=C1N=C(NCc2cccs2)S\C1=C/c1ccc2ncccc2c1
NOQIYRGMEFBZTI-UHFFFAOYSA-N,9953485.0,Ro-48-6791,CCCN(CCC)Cc1nc(no1)-c1ncn-2c1CN(C)C(=O)c1cc(F)ccc-21
CMYCCJYVZIMDFU-UHFFFAOYSA-N,1949.0,Ro-48-8071,CN(CCCCCCOc1ccc(C(=O)c2ccc(Br)cc2)c(F)c1)CC=C
FIMYFEGKMOCQKT-UHFFFAOYSA-N,11548630.0,Ro-4987655,OCCONC(=O)c1cc(CN2OCCCC2=O)c(F)c(F)c1Nc1ccc(I)cc1F
QZXVLRCMAHJVIP-UHFFFAOYSA-N,59657596.0,Ro-5028442,CN(C)CCn1cc(C(=O)N2CCC3(CC2)OCc2ccccc32)c2ccc(Cl)cc12
LMMJFBMMJUMSJS-UHFFFAOYSA-N,16719221.0,Ro-5126766,CNS(=O)(=O)Nc1nccc(Cc2c(C)c3ccc(Oc4ncccn4)cc3oc2=O)c1F
IOHOUWIYOVWGHV-SECBINFHSA-N,56835991.0,Ro-5263397,Cc1c(F)cccc1[C@H]1COC(N)=N1
XJJZQXUGLLXTHO-ZETCQYMHSA-N,3045227.0,Ro-60-0175,C[C@H](N)Cn1ccc2cc(F)c(Cl)cc12
NDPBMCKQJOZAQX-UHFFFAOYSA-N,5282337.0,Ro-61-8048,COc1ccc(cc1OC)S(=O)(=O)Nc1nc(cs1)-c1cccc(c1)[N+]([O-])=O
DAEHFYNGSSBGSS-KRWDZBQOSA-N,32681978.0,Ro-67-7476,Cc1ccc(cc1)S(=O)(=O)N1CCC[C@H]1c1ccc(F)cc1
PAGZCEHLFCJSPV-UHFFFAOYSA-N,824226.0,Ro-90-7501,Nc1ccc(cc1)-c1nc2ccc(cc2[nH]1)-c1nc2ccc(N)cc2[nH]1
ODLGMSQBFONGNG-XZMZPDFPSA-N,11514721.0,Ro-9187,Nc1ccn([C@@H]2O[C@@](CO)(N=[N+]=[N-])[C@@H](O)[C@@H]2O)c(=O)n1
MQTUXRKNJYPMCG-CYBMUJFWSA-N,3055171.0,robalzotan,NC(=O)c1ccc(F)c2OC[C@@H](Cc12)N(C1CCC1)C1CCC1
BHKDKKZMPODMIQ-UHFFFAOYSA-N,118036971.0,roblitinib,COCCNc1cc(NC(=O)N2CCCc3cc(CN4CCN(C)CC4=O)c(C=O)nc23)ncc1C#N
HUFOZJXAKZVRNJ-UHFFFAOYSA-N,57335384.0,rociletinib,COc1cc(ccc1Nc1ncc(c(Nc2cccc(NC(=O)C=C)c2)n1)C(F)(F)F)N1CCN(CC1)C(C)=O
YXRDKMPIGHSVRX-OOJCLDBCSA-N,441290.0,rocuronium,CC(=O)O[C@H]1[C@H](C[C@H]2[C@@H]3CC[C@H]4C[C@H](O)[C@H](C[C@]4(C)[C@H]3CC[C@]12C)N1CCOCC1)[N+]1(CC=C)CCCC1
RZJQGNCSTQAWON-UHFFFAOYSA-N,5090.0,rofecoxib,CS(=O)(=O)c1ccc(cc1)C1=C(C(=O)OC1)c1ccccc1
MNDBXUUTURYVHR-UHFFFAOYSA-N,449193.0,roflumilast,FC(F)Oc1ccc(cc1OCC1CC1)C(=O)Nc1c(Cl)cncc1Cl
HNLRRJSKGXOYNO-UHFFFAOYSA-N,71611869.0,rogaratinib,COCc1c(CN2CCNC(=O)C2)n2ncnc(N)c2c1-c1cc2cc(C)cc(OC)c2s1
FIVSJYGQAIEMOC-ZGNKEGEESA-N,10311306.0,rolapitant,[H][C@](C)(OC[C@]1(CC[C@]2(CCC(=O)N2)CN1)c1ccccc1)c1cc(cc(c1)C(F)(F)F)C(F)(F)F
HJORMJIFDVBMOB-GFCCVEGCSA-N,158758.0,rolipram,COc1ccc(cc1OC1CCCC1)[C@H]1CNC(=O)C1
YEHCEZXUSLIKDU-IAHYZSEUSA-N,,rolitetracycline,CN(C)[C@H]1[C@@H]2C[C@H]3C(=C(O)[C@]2(O)C(O)=C(C(=O)NCN2CCCC2)C1=O)C(=O)c1c(O)cccc1[C@@]3(C)O
RNRYULFRLCBRQS-UHFFFAOYSA-N,9799284.0,roluperidone,Fc1ccc(cc1)C(=O)CN1CCC(CN2Cc3ccccc3C2=O)CC1
IEZDOKQWPWZVQF-UHFFFAOYSA-N,71893.0,rolziracetam,O=C1CCC2CCC(=O)N12
OHRURASPPZQGQM-WDCUYUQDSA-N,56840936.0,romidepsin,C\C=C1/NC(=O)[C@H]2CSSCC\C=C\[C@H](CC(=O)N[C@H](C(C)C)C(=O)N2)OC(=O)[C@@H](NC1=O)C(C)C
PQFRTXSWDXZRRS-UHFFFAOYSA-N,5094.0,ronidazole,Cn1c(COC(N)=O)ncc1[N+]([O-])=O
UHSKFQJFRQCDBE-UHFFFAOYSA-N,5095.0,ropinirole,CCCN(CCC)CCc1cccc2NC(=O)Cc12
ZKMNUMMKYBVTFN-HNNXBMFYSA-N,175805.0,ropivacaine,CCCN1CCCC[C@H]1C(=O)Nc1c(C)cccc1C
SGOOQMRIPALTEL-UHFFFAOYSA-N,54676478.0,roquinimex,CN(C(=O)c1c(O)c2ccccc2n(C)c1=O)c1ccccc1
IUPCWCLVECYZRV-WMNDRESDSA-N,,rosamicin,CC[C@H]1OC(=O)C[C@@H](O)[C@H](C)[C@@H](O[C@@H]2O[C@H](C)C[C@@H]([C@H]2O)N(C)C)[C@@H](CC=O)C[C@@H](C)C(=O)\C=C\[C@]2(C)O[C@H]2[C@@H]1C
BTIHMVBBUGXLCJ-OAHLLOKOSA-N,160355.0,roscovitine,CC[C@H](CO)Nc1nc(NCc2ccccc2)c2ncn(C(C)C)c2n1
CVHZOJJKTDOEJC-UHFFFAOYSA-N,5143.0,saccharin,O=C1NS(=O)(=O)c2ccccc12
VDNLFJGJEQUWRB-UHFFFAOYSA-N,25474.0,rose-bengal,OC(=O)c1c(Cl)c(Cl)c(Cl)c(Cl)c1-c1c2cc(I)c(O)c(I)c2oc2c(I)c(=O)c(I)cc12
IICCLYANAQEHCI-UHFFFAOYSA-N,69439.0,rose-bengal-lactone,Oc1c(I)cc2c(Oc3c(I)c(O)c(I)cc3C22OC(=O)c3c2c(Cl)c(Cl)c(Cl)c3Cl)c1I
YASAKCUCGLMORW-OAHLLOKOSA-N,10021239.0,rosiglitazone,CN(CCOc1ccc(C[C@H]2SC(=O)NC2=O)cc1)c1ccccn1
MDEJTPWQNNMAQF-BVMLLJBZSA-N,76965484.0,rosiptor,[H][C@@]12CCC(=C)[C@@]1(C)CC[C@@]([H])([C@H]2CN)[C@@]1(C)CC[C@H](O)C[C@@H]1CO
DOUMFZQKYFQNTF-WUTVXBCWSA-N,5281792.0,rosmarinic-acid,OC(=O)[C@@H](Cc1ccc(O)c(O)c1)OC(=O)\C=C\c1ccc(O)c(O)c1
XBPZXDSZHPDXQU-UHFFFAOYSA-N,287180.0,rosoxacin,CCn1cc(C(O)=O)c(=O)c2ccc(cc12)-c1ccncc1
AEAPORIZZWBIEX-DTBDINHYSA-N,153976.0,rostafuroxine,C[C@]12CC[C@H]3[C@@H](CC[C@@H]4C[C@@H](O)CC[C@]34C)[C@@]1(O)CC[C@]2(O)c1ccoc1
BPRHUIZQVSMCRT-VEUZHWNKSA-N,446157.0,rosuvastatin,CC(C)c1nc(nc(-c2ccc(F)cc2)c1\C=C\[C@@H](O)C[C@@H](O)CC(O)=O)N(C)S(C)(=O)=O
KFQYTPMOWPVWEJ-INIZCTEOSA-N,59227.0,rotigotine,CCCN(CCc1cccs1)[C@H]1CCc2c(O)cccc2C1
AEQDJSLRWYMAQI-KRWDZBQOSA-N,72301.0,rotundine,COc1cc2CCN3Cc4c(C[C@H]3c2cc1OC)ccc(OC)c4OC
ZUMNJDGBYXHASJ-UHFFFAOYSA-N,89792952.0,rovazolac,CCOC(=O)Cn1nc(cc1-c1ccc(cc1)-c1cccc(c1)S(C)(=O)=O)C(F)(F)F
XMVJITFPVVRMHC-UHFFFAOYSA-N,5104.0,roxarsone,Oc1ccc(cc1[N+]([O-])=O)[As](O)(O)=O
SMTZFNFIKUPEJC-UHFFFAOYSA-N,5105.0,roxatidine-acetate,CC(=O)OCC(=O)NCCCOc1cccc(CN2CCCCC2)c1
RXZBMPWDPOLZGW-SWCVOMKCSA-N,,roxithromycin,CC[C@H]1OC(=O)[C@H](C)[C@@H](O[C@H]2C[C@@](C)(OC)[C@@H](O)[C@H](C)O2)[C@H](C)[C@@H](O[C@@H]2O[C@H](C)C[C@@H]([C@H]2O)N(C)C)[C@](C)(O)C[C@@H](C)\C(=N/OCOCCOC)[C@H](C)[C@@H](O)[C@]1(C)O
WNDDDFYFTSGSEC-HXUWFJFHSA-N,58344861.0,RP-001,CC(C)Oc1ccc(cc1C#N)-c1nc(no1)-c1cccc2[C@@H](CCc12)NCCC(O)=O
VWBOQFANCXZMAU-LOSJGSFVSA-N,107686.0,RP67580,COc1ccccc1CC(=N)N1C[C@H]2[C@@H](C1)C(CCC2=O)(c1ccccc1)c1ccccc1
IJGQFZYYEHCCIZ-UHFFFAOYSA-N,49783953.0,RQ-00203078,OC(=O)c1ccc(cc1)S(=O)(=O)N(Cc1ccc(OC(F)(F)F)cc1)c1ncc(cc1Cl)C(F)(F)F
JODKFOVZURLVTG-UHFFFAOYSA-N,15950826.0,RRx-001,[O-][N+](=O)C1(CN(C1)C(=O)CBr)[N+]([O-])=O
RCOBWVAGWYRNHZ-UHFFFAOYSA-N,3567002.0,RS-100329,Cc1c[nH]c(=O)n(CCCN2CCN(CC2)c2ccccc2OCC(F)(F)F)c1=O
HZZZZODVDSHQRG-UHFFFAOYSA-N,3693566.0,RS-102221,COc1cc(OC)c(cc1NS(=O)(=O)c1ccc(cc1)C(F)(F)F)C(=O)CCCCN1CCC2(CC1)NC(=O)NC2=O
HIDWEYPGMLIQSN-UHFFFAOYSA-N,10000456.0,RS-102895,FC(F)(F)c1ccc(CCN2CCC3(CC2)OC(=O)Nc2ccccc32)cc1
ZZZQXCUPAJFVBN-UHFFFAOYSA-N,196968.0,RS-127445,CC(C)c1cc(nc(N)n1)-c1ccc(F)c2ccccc12
OGXMGJGFLBSEJW-HNNXBMFYSA-N,6604794.0,RS-16566,CC(C)n1cnc2c(cc(Cl)cc12)C(=O)N[C@H]1C[N@@]2CC[C@H]1CC2
XLZHXAXXJVKTFM-UHFFFAOYSA-N,3894573.0,RS-17053,CC(C)(Cc1c[nH]c2ccc(Cl)cc12)NCCOc1ccccc1OCC1CC1
RLSGBCUXLRMTPF-UHFFFAOYSA-N,182593.0,RS-23597-190,COc1cc(N)c(Cl)cc1C(=O)OCCCN1CCCCC1
BKVIWGRFRKLFIO-UHFFFAOYSA-N,5145950.0,RS-39604,COc1cc(COc2cc(N)c(Cl)cc2C(=O)CCC2CCN(CCNS(C)(=O)=O)CC2)cc(OC)c1
IVCMOOBKRRDNHX-UHFFFAOYSA-N,127951.0,RS-45041-190,Clc1cccc2CN(Cc12)C1=NCCN1
ODNICNWASXKNNQ-UHFFFAOYSA-N,9953769.0,RS-504393,Cc1oc(nc1CCN1CCC2(CC1)OC(=O)Nc1ccc(C)cc21)-c1ccccc1
ZNAPADWWBWFMCQ-HNNXBMFYSA-N,6604789.0,RS-56812,Cn1cc(C(=O)C(=O)N[C@H]2C[N@@]3CC[C@H]2CC3)c2ccccc12
JBHLYIVFFLNISJ-UHFFFAOYSA-N,183782.0,RS-67333,CCCCN1CCC(CCC(=O)c2cc(Cl)c(N)cc2OC)CC1
UATDVRSFFGFTAI-UHFFFAOYSA-N,133076.0,RS-67506,COc1cc(N)c(Cl)cc1C(=O)CCC1CCN(CCNS(C)(=O)=O)CC1
UMGBFFAJXFXOIL-MNEFBYGVSA-N,9908992.0,RS-79948,CCS(=O)(=O)N1CCC[C@@H]2CN3CCc4cc(OC)ccc4[C@@H]3C[C@H]12
MTPVBMVUENFFLL-HXUWFJFHSA-N,5279172.0,RSV604,Fc1ccccc1NC(=O)N[C@H]1N=C(c2ccccc2)c2ccccc2NC1=O
RJCWBNBKOKFWNY-IDPLTSGASA-N,71811910.0,RTA-408,CC(F)(F)C(=O)N[C@]12CCC(C)(C)C[C@H]1[C@H]1C(=O)C=C3[C@@]4(C)C=C(C#N)C(=O)C(C)(C)[C@@H]4CC[C@@]3(C)[C@]1(C)CC2
KRVMLPUDAOWOGN-UHFFFAOYSA-N,108029.0,RU-24969,COc1ccc2[nH]cc(C3=CCNCC3)c2c1
DNHCHRGCTVRAFT-JEHIOXJOSA-N,3034004.0,RU-28318,CCC[C@@H]1CC2=CC(=O)CC[C@]2(C)[C@H]2CC[C@@]3(C)[C@@H](CC[C@@]3(O)CCC(O)=O)[C@H]12
ZSTCZWJCLIRCOJ-DGCLKSJQSA-N,3086576.0,RU-42173,CC(C)N[C@@H]1CCn2c3c(cccc3[nH]c2=O)[C@H]1O
ARBYGDBJECGMGA-UHFFFAOYSA-N,132981.0,RU-58841,CC1(C)N(CCCCO)C(=O)N(C1=O)c1ccc(C#N)c(c1)C(F)(F)F
AEENEMOEBJOKGN-UZLBHIALSA-N,93160320.0,RU-SKI-43,CC[C@@H](C)CNCC(=O)N1CCc2sccc2[C@@H]1COc1cccc(C)c1
VHXNKPBCCMUMSW-FQEVSTJZSA-N,472335.0,rubitecan,CC[C@@]1(O)C(=O)OCc2c1cc1-c3nc4cccc([N+]([O-])=O)c4cc3Cn1c2=O
ZCBUQCWBWNUWSU-SFHVURJKSA-N,153999.0,ruboxistaurin,CN(C)C[C@@H]1CCn2cc(C3=C(C(=O)NC3=O)c3cn(CCO1)c1ccccc31)c1ccccc21
HMABYWSNWIZPAG-UHFFFAOYSA-N,9931954.0,rucaparib,CNCc1ccc(cc1)-c1[nH]c2cc(F)cc3C(=O)NCCc1c23
HFNKQEVNSGCOJV-OAHLLOKOSA-N,25126798.0,ruxolitinib,N#CC[C@H](C1CCCC1)n1cc(cn1)-c1ncnc2[nH]ccc12
CSHZYWUPJWVTMQ-UHFFFAOYSA-N,205912.0,rucinol,CCCCc1ccc(O)cc1O
POGQSBRIGCQNEG-UHFFFAOYSA-N,129228.0,rufinamide,NC(=O)c1cn(Cc2c(F)cccc2F)nn1
NJCJBUHJQLFDSW-UHFFFAOYSA-N,58258.0,rufloxacin,CN1CCN(CC1)c1c(F)cc2c3c1SCCn3cc(C(O)=O)c2=O
WUZYKBABMWJHDL-UHFFFAOYSA-N,133017.0,rupatadine,Cc1cncc(CN2CCC(CC2)=C2c3ccc(Cl)cc3CCc3cccnc23)c1
ACVGWSKVRYFWRP-UHFFFAOYSA-N,65752.0,rutaecarpine,O=c1n2CCc3c([nH]c4ccccc34)-c2nc2ccccc12
IKGXIBQEEMLURG-NVPNHPEKSA-N,5280805.0,rutin,C[C@@H]1O[C@@H](OC[C@H]2O[C@@H](Oc3c(oc4cc(O)cc(O)c4c3=O)-c3ccc(O)c(O)c3)[C@H](O)[C@@H](O)[C@@H]2O)[C@H](O)[C@H](O)[C@H]1O
HFNKQEVNSGCOJV-HNNXBMFYSA-N,50878566.0,ruxolitinib-(S),N#CC[C@@H](C1CCCC1)n1cc(cn1)-c1ncnc2[nH]ccc12
UBLOHCIYTDRGJH-UHFFFAOYSA-N,52913198.0,RV1729,COCCN(CCOC)C(=O)CCCC#Cc1cccc2nc(Cn3nc(-c4cccc(O)c4)c4c(N)ncnc34)n(Cc3ccccc3Cl)c(=O)c12
VDCRFBBZFHHYGT-IOSLPCCCSA-N,135410906.0,RWJ-21757,Nc1nc(=O)c2n(CC=C)c(=O)n([C@@H]3O[C@H](CO)[C@@H](O)[C@H]3O)c2[nH]1
HOFGTYCLOKDAES-UHFFFAOYSA-N,9953357.0,RWJ-50271,Cc1c(cnn1-c1nc(cs1)-c1cccc(c1)C(F)(F)F)C(=O)NCCCO
QSUSKMBNZQHHPA-UHFFFAOYSA-N,3008319.0,RWJ-67657,OCCC#Cc1nc(c(-c2ccncc2)n1CCCc1ccccc1)-c1ccc(F)cc1
QLLGKCJUPWYJON-HLTSFMKQSA-N,11242315.0,RX-3117,Nc1ccn([C@H]2[C@H](O)[C@H](O)C(CO)=C2F)c(=O)n1
HQGWKNGAKBPTBX-LBPRGKRZSA-N,67743720.0,RX-821002,CO[C@]1(COc2ccccc2O1)C1=NCCN1
HFPLHASLIOXVGS-UHFFFAOYSA-N,481747.0,ryuvidine,Cc1nc2c(s1)C(=O)C=C(Nc1ccc(C)cc1)C2=O
UITFWLJMEZPXOF-UHFFFAOYSA-N,2732040.0,S-07662,Cc1oc2ccccc2c1CNC(=O)NCc1cccs1
PYXFVCFISTUSOO-HKUCOEKDSA-N,11213350.0,S-111,CC(C)=CCC[C@](C)(O)[C@H]1CC[C@]2(C)[C@@H]1[C@H](O)C[C@@H]1[C@@]3(C)CC[C@H](O)C(C)(C)[C@@H]3CC[C@@]21C
IFMQODYDAUKKEN-UHFFFAOYSA-N,131906.0,S-14506,COc1ccc2cccc(N3CCN(CCNC(=O)c4ccc(F)cc4)CC3)c2c1
NXSXRIHXEQSYEZ-KNJMJIDISA-N,9929984.0,S-17092,O=C([C@@H]1C[C@H]1c1ccccc1)N1[C@H]2CCCC[C@H]2C[C@H]1C(=O)N1CCSC1
YWCLDDLVLSQGSZ-JOCHJYFZSA-N,10718956.0,S-3304,Cc1ccc(cc1)C#Cc1ccc(s1)S(=O)(=O)N[C@H](Cc1c[nH]c2ccccc12)C(O)=O
MRNMYWNBLVJWKG-GASCZTMLSA-N,70941112.0,S-38093,NC(=O)c1ccc(OCCCN2C[C@@H]3CCC[C@@H]3C2)cc1
XSSNABKEYXKKMK-UHFFFAOYSA-N,445319.0,S-isopropylisothiourea,CC(C)SC(N)=N
IDIDJDIHTAOVLG-VKHMYHEASA-N,7058174.0,S-methylcysteine,CSC[C@H](N)C(O)=O
NOKPBJYHPHHWAN-REOHCLBHSA-N,7068808.0,S-sulfo-L-cysteine,N[C@@H](CSS(O)(=O)=O)C(O)=O
DLMYFMLKORXJPO-HXUWFJFHSA-N,7271796.0,S-trityl-L-cysteine,N[C@H](CSC(c1ccccc1)(c1ccccc1)c1ccccc1)C(O)=O
QJPPEMXOOWNICQ-UHFFFAOYSA-N,132787.0,S15535,C1C(Cc2ccccc12)N1CCN(CC1)c1cccc2OCCOc12
MNTIJYGEITVWHU-SNVBAGLBSA-N,637863.0,S18986,O=S1(=O)N[C@H]2CCCN2c2ccccc12
MLDQTQOMWDNTNN-UHFFFAOYSA-N,54764919.0,S1P1-agonist-III,COc1ccncc1C(=O)NC(=O)Nc1ccc(-c2ccccc2)c(c1)C(F)(F)F
NSMJEHGOMXSLCW-UHFFFAOYSA-N,9958279.0,S26948,COC(=O)C(Cc1ccc(OCCn2c3ccc(cc3sc2=O)C(=O)c2ccccc2)cc1)C(=O)OC
HGVHSNXRZYOTPD-UHFFFAOYSA-N,53342705.0,S4,Cc1cc(C)cc(NC(=O)Nc2ccc(OS(N)(=O)=O)cc2)c1
AREYWCZYVPSHGS-NVMNQCDNSA-N,49870909.0,S49076,O=C1CSC(=O)N1Cc1ccc2NC(=O)\C(=C/c3cc(CN4CCOCC4)c[nH]3)c2c1
ZFBHXVOCZBPADE-SSEXGKCCSA-N,122197581.0,S63845,CN1CCN(CCOc2ccc(-c3c(sc4ncnc(O[C@H](Cc5ccccc5OCc5ccnn5CC(F)(F)F)C(O)=O)c34)-c3ccc(F)o3)c(C)c2Cl)CC1
JYLNVJYYQQXNEK-QMMMGPOBSA-N,57453816.0,saclofen,NC[C@@H](CS(O)(=O)=O)c1ccc(Cl)cc1
PYNXFZCZUAOOQC-UTKZUKDTSA-N,9811834.0,sacubitril,CCOC(=O)[C@H](C)C[C@@H](Cc1ccc(cc1)-c1ccccc1)NC(=O)CCC(O)=O
DOBNVUFHFMVMDB-BEFAXECRSA-N,10430040.0,sacubitrilat,[H]N([C@@H](C[C@@H](C)C(O)=O)Cc1ccc(cc1)-c1ccccc1)C(=O)CCC(O)=O
HLUBVUICXYRPPM-DVSWWXTKSA-N,,safflower-yellow,OC[C@H]1O[C@@H]([C@H](O)[C@@H](O)[C@@H]1O)[C@]1(O)C(=O)[C@@H](\C=C2/C(=O)C(=C(O)\C=C\c3ccc(O)cc3)C(=O)[C@@](O)([C@H]3O[C@H](CO)[C@@H](O)[C@H](O)[C@H]3O)C2=O)C(=O)C(=C(O)\C=C\c2ccc(O)cc2)C1=O
NEMGRZFTLSKBAP-LBPRGKRZSA-N,131682.0,safinamide,C[C@H](NCc1ccc(OCc2cccc(F)c2)cc1)C(N)=O
OTKJDMGTUTTYMP-ZWKOTPCHSA-N,91486.0,safingol,CCCCCCCCCCCCCCC[C@@H](O)[C@@H](N)CO
SGAWOGXMMPSZPB-UHFFFAOYSA-N,61041.0,safranal,CC1=C(C=O)C(C)(C)CC=C1
VFSUUTYAEQOIMW-YHBQERECSA-N,,SAG,CN[C@H]1CC[C@@H](CC1)N(Cc1cccc(c1)-c1ccncc1)C(=O)c1sc2ccccc2c1Cl
TVNBASWNLOIQML-RFKZRZAASA-N,2252542.0,sal003,Clc1ccc(NC(=S)N[C@H](NC(=O)\C=C\c2ccccc2)C(Cl)(Cl)Cl)cc1
YFUATOCFMCWUEH-UHFFFAOYSA-N,65707.0,salazodine,COc1ccc(NS(=O)(=O)c2ccc(cc2)N=Nc2ccc(O)c(c2)C(O)=O)nn1
NGFMICBWJRZIBI-UJPOAAIJSA-N,439503.0,salicin,OC[C@H]1O[C@@H](Oc2ccccc2CO)[C@H](O)[C@@H](O)[C@@H]1O
CQRYARSYNCAZFO-UHFFFAOYSA-N,5146.0,salicyl-alcohol,OCc1ccccc1O
SKZKKFZAGNVIMN-UHFFFAOYSA-N,5147.0,salicylamide,NC(=O)c1ccccc1O
WKEDVNSFRWHDNR-UHFFFAOYSA-N,6872.0,salicylanilide,Oc1ccccc1C(=O)Nc1ccccc1
YGSDEFSMJLZEOE-UHFFFAOYSA-N,338.0,salicylic-acid,OC(=O)c1ccccc1O
ILRCGYURZSFMEG-RKQHYHRCSA-N,159278.0,salidroside,OC[C@H]1O[C@@H](OCCc2ccc(O)cc2)[C@H](O)[C@@H](O)[C@@H]1O
KQXDHUJYNAXLNZ-XQSDOZFQSA-N,3085092.0,salinomycin,CC[C@H]([C@H]1CC[C@H](C)[C@@H](O1)[C@@H](C)[C@H](O)[C@H](C)C(=O)[C@H](CC)[C@H]1O[C@@]2(O[C@@]3(CC[C@](C)(O3)[C@H]3CC[C@](O)(CC)[C@H](C)O3)[C@H](O)C=C2)[C@H](C)C[C@@H]1C)C(O)=O
WUILNKCFCLNXOK-CFBAGHHKSA-N,5469318.0,salirasib,CC(C)=CCC\C(C)=C\CC\C(C)=C\CSc1ccccc1C(O)=O
GIIZNNXWQWCKIB-VWLOTQADSA-N,6604001.0,salmeterol,OCc1cc(ccc1O)[C@@H](O)CNCCCCCCOCCCCc1ccccc1
XHGLVMDBZZZXDP-LLVKDONJSA-N,6992720.0,salsolinol-1-carboxylic-acid,C[C@]1(NCCc2cc(O)c(O)cc12)C(O)=O
LCOIAYJMPKXARU-CVTTXWKISA-N,2305942.0,salubrinal,ClC(Cl)(Cl)[C@H](NC(=S)Nc1cccc2cccnc12)NC(=O)\C=C\c1ccccc1
YMGFTDKNIWPMGF-UCPJVGPRSA-N,5281793.0,salvianolic-acid-A,OC(=O)[C@@H](Cc1ccc(O)c(O)c1)OC(=O)\C=C\c1ccc(O)c(O)c1\C=C\c1ccc(O)c(O)c1
SNKFFCBZYFGCQN-PDVBOLEISA-N,11629084.0,salvianolic-acid-B,OC(=O)[C@@H](Cc1ccc(O)c(O)c1)OC(=O)\C=C\c1ccc(O)c2O[C@H]([C@H](C(=O)O[C@H](Cc3ccc(O)c(O)c3)C(O)=O)c12)c1ccc(O)c(O)c1
OBSYBRPAKCASQB-AGQYDFLVSA-N,128563.0,salvinorin-A,COC(=O)[C@@H]1C[C@H](OC(C)=O)C(=O)[C@H]2[C@@]1(C)CC[C@H]1C(=O)O[C@@H](C[C@]21C)c1ccoc1
FYOVZCDHYOEKDE-UHFFFAOYSA-N,10430623.0,SAM-315,O=S(=O)(c1n[nH]c2ccc(cc12)N1CCNCC1)c1cccc2ccccc12
TYWUGCGYWNSRPS-UHFFFAOYSA-N,65996.0,sameridine,CCCCCCN1CCC(CC1)(C(=O)N(C)CC)c1ccccc1
YKDRHKCETNMLHL-UHFFFAOYSA-N,119163.0,sanazole,COCCNC(=O)Cn1cnc(n1)[N+]([O-])=O
CRNIKQQPTHSPBA-IEPLVVIMSA-N,,sancycline,[H][C@@]12Cc3cccc(O)c3C(=O)[C@@H]1C(=O)[C@]1(O)C(=O)[C@H](C(N)=O)C(=O)[C@@H](N(C)C)[C@]1([H])C2
OBZJZDHRXBKKTJ-JTFADIMSSA-N,14978.0,sangivamycin,NC(=O)c1cn([C@@H]2O[C@H](CO)[C@@H](O)[C@H]2O)c2ncnc(N)c12
INVGWHRKADIJHF-UHFFFAOYSA-N,5154.0,sanguinarium-chloride,C[n+]1cc2c3OCOc3ccc2c2ccc3cc4OCOc4cc3c12
FOORCIAZMIWALX-JJIBRWJFSA-N,6878030.0,SANT-1,Cc1nn(c(C)c1\C=N\N1CCN(Cc2ccccc2)CC1)-c1ccccc1
VQOJFGFKIVFMDH-UHFFFAOYSA-N,1367095.0,SANT-2,CCOc1cc(cc(OCC)c1OCC)C(=O)Nc1ccc(Cl)c(c1)-c1nc2ccccc2[nH]1
LBGFKUUHOPIEMA-PEARBKPGSA-N,153970.0,sapacitabine,CCCCCCCCCCCCCCCC(=O)Nc1ccn([C@@H]2O[C@H](CO)[C@@H](O)[C@@H]2C#N)c(=O)n1
FNKQXYHWGSIFBK-RPDRRWSUSA-N,135398654.0,sapropterin,C[C@H](O)[C@H](O)[C@H]1CNc2[nH]c(N)nc(=O)c2N1
QWAXKHKRTORLEM-UGJKXSETSA-N,441243.0,saquinavir,CC(C)(C)NC(=O)[C@@H]1C[C@@H]2CCCC[C@@H]2CN1C[C@@H](O)[C@H](Cc1ccccc1)NC(=O)[C@H](CC(N)=O)NC(=O)c1ccc2ccccc2n1
HJSSPYJVWLTYHG-UHFFFAOYSA-N,49867926.0,SAR-245409,COc1cc(Nc2nc3ccccc3nc2NS(=O)(=O)c2ccc(NC(=O)c3ccc(C)c(OC)c3)cc2)cc(OC)c1
PFMPOBVAYMTUOX-GOSISDBHSA-N,71295845.0,SAR131675,CCn1c(N)c(C(=O)NC)c(=O)c2ccc(nc12)C#C[C@@](C)(O)COC
SPDQRCUBFSRAFI-DOMZBBRYSA-N,72709209.0,SAR405,C[C@@H]1COCCN1c1cc(=O)n2CC[C@H](N(Cc3cncc(Cl)c3)c2n1)C(F)(F)F
IDKAKZRYYDCJDU-HBMMIIHUSA-N,,SAR405838,CC(C)(C)C[C@@H]1N[C@H]([C@H](c2cccc(Cl)c2F)[C@]11C(=O)Nc2cc(Cl)ccc12)C(=O)N[C@H]1CC[C@H](O)CC1
IPEXHQGMTHOKQV-UHFFFAOYSA-N,15604510.0,SAR407899,O=c1[nH]ccc2cc(OC3CCNCC3)ccc12
OUKYUETWWIPKQR-UHFFFAOYSA-N,10302451.0,saracatinib,CN1CCN(CCOc2cc(OC3CCOCC3)c3c(Nc4c5OCOc5ccc4Cl)ncnc3c2)CC1
XBHBWNFJWIASRO-UHFFFAOYSA-N,56208.0,sarafloxacin,OC(=O)c1cn(-c2ccc(F)cc2)c2cc(N3CCNCC3)c(F)cc2c1=O
FSYKKLYZXJSNPZ-UHFFFAOYSA-N,7311726.0,sarcosine,CNCC(O)=O
CYPGNVSXMAUSJY-CXUHLZMHSA-N,9576789.0,sardomozide,NC(=N)N\N=C1/CCc2c1cccc2C(N)=N
GMGOZCSXMVXXRS-HNNXBMFYSA-N,92236766.0,sari-59-801,CCc1noc(C)c1-c1[nH]c2ccccc2c1[C@@H](O)CN(C)C
MRWFZSLZNUJVQW-DEOSSOPVSA-N,60151560.0,saroglitazar,CCO[C@@H](Cc1ccc(OCCn2c(C)ccc2-c2ccc(SC)cc2)cc1)C(O)=O
FFYNAVGJSYHHFO-OAQYLSRUSA-N,40468125.0,sarpogrelate,COc1cccc(CCc2ccccc2OC[C@@H](CN(C)C)OC(=O)CCC(O)=O)c1
WVYADZUPLLSGPU-UHFFFAOYSA-N,5161.0,sasapyrine,OC(=O)c1ccccc1OC(=O)c1ccccc1O
JWTNVKZACPRKPF-UHFFFAOYSA-J,,satraplatin,CC(=O)O[Pt](N)(Cl)(Cl)(NC1CCCCC1)OC(C)=O
XYDNMOZJKOGZLS-NSHDSACASA-N,68289010.0,savolitinib,C[C@@H](c1ccc2nccn2c1)n1nnc2ncc(nc12)-c1cnn(C)c1
QGJUIPDUBHWZPV-YQBUGCKMSA-N,,saxagliptin,N[C@H](C(=O)N1[C@H]2C[C@H]2C[C@H]1C#N)[C@]12C[C@H]3C[C@H](C[C@](O)(C3)C1)C2
OJZZJTLBYXHUSJ-UHFFFAOYSA-N,126769.0,SB-200646,Cn1ccc2cc(NC(=O)Nc3cccnc3)ccc12
QHKYPYXTTXKZST-UHFFFAOYSA-N,5169.0,SB-202190,Oc1ccc(cc1)-c1nc(c([nH]1)-c1ccc(F)cc1)-c1ccncc1
YGKPIROTKVQCCU-UHFFFAOYSA-N,3272300.0,SB-203186,O=C(OCCN1CCCCC1)c1c[nH]c2ccccc12
CDMGBJANTYXAIV-HHHXNRCGSA-N,40467016.0,SB-203580,C[S@@](=O)c1ccc(cc1)-c1nc(c([nH]1)-c1ccc(F)cc1)-c1ccncc1
JDTZAGLGBRRCJT-JTQLQIEISA-N,15991599.0,SB-205384,CC#CCOC(=O)c1c(C)nc2sc3C[C@@H](O)CCc3c2c1N
QJQORSLQNXDVGE-UHFFFAOYSA-N,5163.0,SB-206553,Cn1ccc2cc3N(CCc3cc12)C(=O)Nc1cccnc1
JRNUKVFYILMMLX-UHFFFAOYSA-N,3292447.0,SB-216641,COc1ccc(NC(=O)c2ccc(cc2)-c2ccc(cc2C)-c2noc(C)n2)cc1OCCN(C)C
JCSGFHVFHSKIJH-UHFFFAOYSA-N,176158.0,SB-216763,Cn1cc(C2=C(C(=O)NC2=O)c2ccc(Cl)cc2Cl)c2ccccc12
IUMQXQJZIHWLIN-HSZRJFAPSA-N,6604858.0,SB-218795,COC(=O)[C@H](NC(=O)c1cc(nc2ccccc12)-c1ccccc1)c1ccccc1
OQZOXHCRSXYSPM-UHFFFAOYSA-N,443389.0,SB-221284,CSc1cc2CCN(C(=O)Nc3cccnc3)c2cc1C(F)(F)F
MQNYRKWJSMQECI-QFIPXVFZSA-N,6604009.0,SB-222200,CC[C@H](NC(=O)c1c(C)c(nc2ccccc12)-c1ccccc1)c1ccccc1
MQBZVUNNWUIPMK-UHFFFAOYSA-N,3854666.0,SB-225002,Oc1cc(ccc1NC(=O)Nc1ccccc1Br)[N+]([O-])=O
RRJLJKRFFRZRAF-UHFFFAOYSA-N,443390.0,SB-228357,COc1cc2CCN(C(=O)Nc3cc(F)cc(c3)-c3cccnc3)c2cc1C(F)(F)F
QYBGBLQCOOISAR-UHFFFAOYSA-N,46912230.0,SB-2343,CC(C)n1c(C)nc2c(nc(nc12)N1CCOCC1)-c1cnc(N)nc1
ZQUSFAUAYSEREK-WKILWMFISA-N,,SB-239063,COc1nccc(n1)-c1c(ncn1[C@H]1CC[C@H](O)CC1)-c1ccc(F)cc1
PDTYLGXVBIWRIM-UHFFFAOYSA-N,9863367.0,SB-242235,COc1nccc(n1)-c1c(ncn1C1CCNCC1)-c1ccc(F)cc1
ZETBBVYSBABLHL-UHFFFAOYSA-N,443391.0,SB-243213,Cc1cc2CCN(C(=O)Nc3ccc(Oc4cccnc4C)nc3)c2cc1C(F)(F)F
BDHMSYNBSBZCAF-UHFFFAOYSA-N,3248571.0,SB-258585,COc1ccc(NS(=O)(=O)c2ccc(I)cc2)cc1N1CCN(C)CC1
YXHLPJQQPOMPGE-HHHXNRCGSA-N,93475590.0,SB-268262,CN(C(=O)c1ccc(c(c1)[N+]([O-])=O)[S@@](=O)c1nccs1)c1ccccc1C
HWKROQUZSKPIKQ-MRXNPFEDSA-N,6604889.0,SB-269970,CC1CCN(CC[C@H]2CCCN2S(=O)(=O)c2cccc(O)c2)CC1
LOCQRDBFWSXQQI-UHFFFAOYSA-N,5312149.0,SB-271046,COc1ccc(NS(=O)(=O)c2sc3ccc(Cl)cc3c2C)cc1N1CCNCC1
BEZXGSZPWXRHIN-INIZCTEOSA-N,9840971.0,SB-297006,CCOC(=O)[C@H](Cc1ccc(cc1)[N+]([O-])=O)NC(=O)c1ccccc1
VMFGCGRAIBLAFY-IBGZPJMESA-N,10474776.0,SB-328437,COC(=O)[C@H](Cc1ccc(cc1)[N+]([O-])=O)NC(=O)c1cccc2ccccc12
AKMNUCBQGHFICM-UHFFFAOYSA-N,6604926.0,SB-334867,Cc1nc2ccc(NC(=O)Nc3ccnc4cccnc34)cc2o1
RYAMDQKWNKKFHD-JXMROGBWSA-N,667594.0,SB-366791,COc1cccc(NC(=O)\C=C\c2ccc(Cl)cc2)c1
ATKZKAYWARYLBW-UHFFFAOYSA-N,6918649.0,SB-399885,COc1ccc(cc1N1CCNCC1)S(=O)(=O)Nc1cc(Cl)cc(Cl)c1OC
JTARFZSNUAGHRB-UHFFFAOYSA-N,4331799.0,SB-408124,CN(C)c1ccc(NC(=O)Nc2cc(C)nc3c(F)cc(F)cc23)cc1
PQCXVIPXISBFPN-UHFFFAOYSA-N,4210951.0,SB-415286,Oc1ccc(NC2=C(C(=O)NC2=O)c2ccccc2[N+]([O-])=O)cc1Cl
FHYUGAJXYORMHI-UHFFFAOYSA-N,4521392.0,SB-431542,NC(=O)c1ccc(cc1)-c1nc(c([nH]1)-c1ccc2OCOc2c1)-c1ccccn1
IFJYEGJUQIBBQV-UHFFFAOYSA-N,9842609.0,SB-452533,CCN(CCNC(=O)Nc1ccccc1Br)c1cccc(C)c1
WGZOTBUYUFBEPZ-UHFFFAOYSA-N,9858940.0,SB-505124,Cc1cccc(n1)-c1nc([nH]c1-c1ccc2OCOc2c1)C(C)(C)C
DKPQHFZUICCZHF-UHFFFAOYSA-N,9967941.0,SB-525334,Cc1cccc(n1)-c1nc([nH]c1-c1ccc2nccnc2c1)C(C)(C)C
MLSAQOINCGAULQ-QFMPWRQOSA-N,135421339.0,SB-590885,CN(C)CCOc1ccc(cc1)-c1nc(c([nH]1)-c1ccc2\C(CCc2c1)=N\O)-c1ccncc1
ZFGXZJKLOFCECI-UHFFFAOYSA-N,753704.0,SKI-II,Oc1ccc(Nc2nc(cs2)-c2ccc(Cl)cc2)cc1
OHRDCQFCAWLDBP-SBUREZEXSA-N,10047612.0,SB-612111,Cc1cccc2[C@@H](O)C[C@@H](CN3CCC(CC3)c3c(Cl)cccc3Cl)CCc12
ZJXIUGNEAIHSBI-IBGZPJMESA-N,25195495.0,SB-649868,Cc1nc(C(=O)N2CCCC[C@H]2CNC(=O)c2cccc3occc23)c(s1)-c1ccc(F)cc1
KQCZCINJGIRLCD-CYBMUJFWSA-N,11272107.0,SB-657510,COc1cc(Br)c(cc1OC)S(=O)(=O)Nc1ccc(Cl)c(O[C@@H]2CCN(C)C2)c1
DRSJLVGDSNWQBI-SFHVURJKSA-N,9912743.0,SB-683698,COc1cccc(OC)c1-c1ccc(C[C@H](NC(=O)c2c(Cl)cccc2Cl)C(O)=O)cc1
JYILLRHXRVTRSH-GFCCVEGCSA-N,9910486.0,SB-705498,FC(F)(F)c1ccc(nc1)N1CC[C@H](C1)NC(=O)Nc1ccccc1Br
BPOWQJYAMDEAFF-CYBMUJFWSA-N,21023902.0,SB-706375,COc1cc(Br)c(cc1OC)S(=O)(=O)Nc1ccc(c(O[C@@H]2CCN(C)C2)c1)C(F)(F)F
JJZFWROHYSMCMU-UHFFFAOYSA-N,11256720.0,SB-742457,O=S(=O)(c1ccccc1)c1cnc2c(cccc2c1)N1CCNCC1
PGXYIBJJCLWJST-MUUNZHRXSA-N,9936388.0,SB-743921,CC(C)[C@@H](N(CCCN)C(=O)c1ccc(C)cc1)c1oc2cc(Cl)ccc2c(=O)c1Cc1ccccc1
MBCJUIJWPYUEBX-UHFFFAOYSA-N,11393719.0,SB-747651A,CCn1c(nc2cncc(CNC3CCNCC3)c12)-c1nonc1N
GJUFPAZNBPFNRI-UHFFFAOYSA-N,1520267.0,SB-756050,COc1ccc(cc1OC)S(=O)(=O)N1CCCN(CC1)S(=O)(=O)c1ccc(OC)c(OC)c1
PHWHNHYZZNJPLB-QMMMGPOBSA-N,16095343.0,SB-772077B,CCn1c(nc2cncc(C(=O)N3CC[C@H](N)C3)c12)-c1nonc1N
JHDKZFFAIZKUCU-ZRDIBKRKSA-N,49855250.0,SB-939,CCCCc1nc2cc(\C=C\C(=O)NO)ccc2n1CCN(CC)CC
XNPRQBVQOJZMMA-UHFFFAOYSA-N,4719406.0,SBE-13,COc1ccc(CCNCc2ccc(OCc3ccc(Cl)nc3)c(OC)c2)cc1OC
IDQPVOFTURLJPT-UHFFFAOYSA-N,5173.0,SBHA,ONC(=O)CCCCCCC(=O)NO
IJPXOPBVXVPPEW-UHFFFAOYSA-N,18879973.0,SBI-115,CCS(=O)(=O)c1ncc(Cl)c(n1)C(=O)Oc1cccc(C)c1
MJMJERJFCHYXEM-UHFFFAOYSA-N,5175.0,SC-10,CCCCCCCNS(=O)(=O)c1cccc2c(Cl)cccc12
XPRDUGXOWVXZLL-UHFFFAOYSA-N,9820008.0,SC-12267,COc1cccc(c1)-c1ccc(NC(=O)C2=C(CCC2)C(O)=O)c(F)c1
UEADAWQSJOWXBK-UHFFFAOYSA-N,400169.0,SC-144,Fc1ccc2c(c1)nc(NNC(=O)c1cnccn1)c1cccn21
KNURFLJTOUGOOQ-UHFFFAOYSA-N,4336830.0,SC-19220,CC(=O)NNC(=O)N1Cc2ccccc2Oc2ccc(Cl)cc12
NSQNZEUFHPTJME-UHFFFAOYSA-N,9865808.0,SC-236,NS(=O)(=O)c1ccc(cc1)-n1nc(cc1-c1ccc(Cl)cc1)C(F)(F)F
XDJPQOUDGROSEU-UHFFFAOYSA-N,132749.0,SC-51089,Clc1ccc2Oc3ccccc3CN(C(=O)NNC(=O)CCc3ccncc3)c2c1
PQUGCKBLVKJMNT-UHFFFAOYSA-N,4306515.0,SC-560,COc1ccc(cc1)-n1nc(cc1-c1ccc(Cl)cc1)C(F)(F)F
YUXMTDYHFPRPLG-UHFFFAOYSA-N,124172.0,SC-9,Clc1cccc2c(cccc12)S(=O)(=O)NCCCCCCc1ccccc1
FTPHYXGWMIZVMP-WQYRJXRXSA-N,93959111.0,scabertopin,[H][C@]12C\C(C)=C/[C@@]3([H])OC(=O)C(=C)[C@]3([H])[C@H](CC(=C1)C(=O)O2)OC(=O)C(\C)=C/C
FFUBTEITUNMMOK-UHFFFAOYSA-N,682802.0,SCH-202676,CN=c1nc(-c2ccccc2)n(s1)-c1ccccc1
LOSJNRBXNQTUNT-FOURXJPJSA-N,,SCH-221510,Cc1ccccc1C(N1[C@H]2CC[C@@H]1C[C@](O)(C2)c1ccccc1)c1ccccc1C
GOTMKOSCLKVOGG-OAHLLOKOSA-N,3036864.0,SCH-23390,CN1CCc2cc(Cl)c(O)cc2[C@H](C1)c1ccccc1
PYKJFEPAUKAXNN-UHFFFAOYSA-N,108137.0,SCH-28080,Cc1nc2c(OCc3ccccc3)cccn2c1CC#N
YWEGXZZAORIRQR-UHFFFAOYSA-N,9995890.0,SCH-51344,COc1ccc2nc3n[nH]c(C)c3c(NCCOCCO)c2c1
UTLPKQYUXOEJIL-UHFFFAOYSA-N,176408.0,SCH-58261,Nc1nc2n(CCc3ccccc3)ncc2c2nc(nn12)-c1ccco1
GMIZZEXBPRLVIV-SECBINFHSA-N,46239015.0,SCH-900776,Cn1cc(cn1)-c1cnn2c(N)c(Br)c(nc12)[C@@H]1CCCNC1
RTZKSTLPRTWFEV-QWHCGFSZSA-N,174277.0,schisandrin-B,COc1cc2C[C@H](C)[C@H](C)Cc3cc4OCOc4c(OC)c3-c2c(OC)c1OC
ZWRRJEICIPUPHZ-MYODQAERSA-N,3001662.0,schisandrol-B,COc1cc2C[C@](C)(O)[C@@H](C)Cc3cc4OCOc4c(OC)c3-c2c(OC)c1OC
XVULBTBTFGYVRC-SVPXJYONSA-N,56842011.0,sclareol,CC(O)(CC[C@H]1[C@](C)(O)CC[C@H]2C(C)(C)CCC[C@]12C)C=C
IMKJGXCIJJXALX-SHUKQUCYSA-N,929262.0,sclareolide,C[C@@]12CC[C@H]3C(C)(C)CCC[C@]3(C)[C@H]1CC(=O)O2
GBFLZEXEOZUWRN-VKHMYHEASA-N,193653.0,SCMC-Lys,N[C@@H](CSCC(O)=O)C(O)=O
FIMXSEMBHGTNKT-RZVDLVGDSA-N,,scopine,CN1[C@H]2C[C@H](O)C[C@@H]1[C@H]1O[C@@H]21
STECJAGHUSJQJN-FWXGHANASA-N,,scopolamine,CN1[C@H]2C[C@@H](C[C@@H]1[C@H]1O[C@@H]21)OC(=O)[C@H](CO)c1ccccc1
GSYQNAMOFFWAPF-SXWCTKSRSA-N,,scopolamine-N-oxide,C[N@@+]1([O-])[C@H]2C[C@@H](C[C@@H]1[C@H]1O[C@@H]21)OC(=O)[C@H](CO)c1ccccc1
PUPNJSIFIXXJCH-UHFFFAOYSA-N,667575.0,SCP-1,Oc1ccc(NC(=O)CN2C(=O)c3ccccc3S2(=O)=O)cc1
JTDYUFSDZATMKU-UHFFFAOYSA-N,5186.0,scriptaid,ONC(=O)CCCCCN1C(=O)c2cccc3cccc(C1=O)c23
OMCYEZUIYGPHDJ-OQLLNIDSSA-N,135445765.0,SCS,Oc1ccccc1\C=N\NC(=O)c1ccccc1O
CATQHDWESBRRQA-UHFFFAOYSA-N,9865587.0,SD-0006,OCC(=O)N1CCC(CC1)c1[nH]nc(c1-c1ccncn1)-c1ccc(Cl)cc1
GQMYQEAXTITUAE-UHFFFAOYSA-N,14973220.0,SD-169,NC(=O)c1ccc2[nH]ccc2c1
BERLXWPRSBJFHO-UHFFFAOYSA-N,10316032.0,SD-208,Fc1ccc(Cl)cc1-c1nc(Nc2ccncc2)c2nccnc2n1
NXUHVWMBPOFLMA-UHFFFAOYSA-N,9892815.0,SD-2590,COCCN1CCC(CC1)(C(=O)NO)S(=O)(=O)c1ccc(Oc2ccc(OC(F)(F)F)cc2)cc1
ZFMVWAWSKLAVOE-IFKAHUTRSA-N,9931601.0,SDM25N,CC(=C)CN1CC[C@@]23[C@H]4Oc5c2c(C[C@@H]1[C@]3(O)Cc1c4[nH]c2ccccc12)ccc5O
FFNWMBDISAYHDC-UHFFFAOYSA-N,5191.0,SDZ-205-557,CCN(CC)CCOC(=O)c1cc(Cl)c(N)cc1OC
SJYFDORQYYEJLB-ZDUSSCGKSA-N,6604875.0,SDZ-21009,CC(C)OC(=O)c1cc2c(OC[C@@H](O)CNC(C)(C)C)cccc2[nH]1
NYZFUZCCDOSQBG-AWEZNQCLSA-N,6604839.0,SDZ-220-040,N[C@@H](Cc1cc(cc(CP(O)(O)=O)c1O)-c1ccc(Cl)cc1Cl)C(O)=O
VBRJFXSFCYEZMQ-HNNXBMFYSA-N,128019.0,SDZ-220-581,N[C@@H](Cc1cc(CP(O)(O)=O)cc(c1)-c1ccccc1Cl)C(O)=O
PCVSIMQAFWRUEC-JDXGNMNLSA-N,9851211.0,SDZ-NKT-343,CN(Cc1ccccc1)C(=O)[C@H](Cc1ccc2ccccc2c1)NC(=O)[C@@H]1CCCN1C(=O)Nc1ccccc1[N+]([O-])=O
YASBOGFWAMXINH-TZMCWYRMSA-N,9859407.0,SDZ-SER-082,CN1CC[C@@H]2CN3CCc4cccc([C@@H]2C1)c34
JAKAFSGZUXCHLF-LSCFUAHRSA-N,164305.0,SDZ-WAG-994,CO[C@@H]1[C@H](O)[C@@H](CO)O[C@H]1n1cnc2c(NC3CCCCC3)ncnc12
XDSSPSLGNGIIHP-VKHMYHEASA-N,45266674.0,Se-methylselenocysteine,C[Se]C[C@H](N)C(O)=O
FCKJYANJHNLEEP-XRWYNYHCSA-N,5283748.0,secalciferol,C[C@H](CC[C@@H](O)C(C)(C)O)[C@H]1CC[C@H]2\C(CCC[C@]12C)=C\C=C1\C[C@@H](O)CCC1=C
XWXVKXXKKLBDDJ-VIFPVBQESA-N,76966156.0,seclazone,Clc1ccc2O[C@H]3CCON3C(=O)c2c1
MVSQDUZRRVBYLA-HYARGMPZSA-N,135565033.0,seclidemstat,CN1CCN(CC1)S(=O)(=O)c1cccc(c1)C(=O)N\N=C(/C)c1cc(Cl)ccc1O
KPQZUUQMTUIKBP-RXMQYKEDSA-N,667451.0,secnidazole,C[C@@H](O)Cn1c(C)ncc1[N+]([O-])=O
PUETUDUXMCLALY-HOTGVXAUSA-N,65373.0,secoisolariciresinol-(-),COc1cc(C[C@@H](CO)[C@H](CO)Cc2ccc(O)c(OC)c2)ccc1O
SBVBJPHMDABKJV-PGCJWIIOSA-N,9917980.0,secoisolariciresinol-diglucoside,COc1cc(C[C@@H](CO[C@@H]2O[C@H](CO)[C@@H](O)[C@H](O)[C@H]2O)[C@H](CO[C@@H]2O[C@H](CO)[C@@H](O)[C@H](O)[C@H]2O)Cc2ccc(O)c(OC)c2)ccc1O
SWZMSZQQJRKFBP-WZRBSPASSA-N,442872.0,securinine,O=C1O[C@@]23C[C@@H](C=CC2=C1)N1CCCC[C@H]31
CKFBRGLGTWAVLG-GOMYTPFNSA-N,108059.0,segesterone-acetate,[H][C@@]12CC(=C)[C@](OC(C)=O)(C(C)=O)[C@@]1(C)CC[C@]1([H])[C@@]3([H])CCC(=O)C=C3CC[C@@]21[H]
JWHYSEDOYMYMNM-QGZVFWFLSA-N,11236126.0,seladelpar,CCO[C@H](COc1ccc(cc1)C(F)(F)F)CSc1ccc(OCC(O)=O)c(C)c1
AFJYYKSVHJGXSN-XHKIUTQPSA-N,9578507.0,selamectin,[H][C@@]12OC\C3=C/C=C/[C@H](C)[C@H](O[C@@]4([H])C[C@H](OC)[C@@H](O)[C@H](C)O4)\C(C)=C\C[C@]4([H])C[C@@]([H])(C[C@]5(CC[C@H](C)[C@H](O5)C5CCCCC5)O4)OC(=O)[C@]([H])(C=C(C)\C1=N\O)[C@@]23O
MEZLKOACVSPNER-GFCCVEGCSA-N,26757.0,selegiline,C[C@H](Cc1ccccc1)N(C)CC#C
RJFAYQIBOAGBLC-BYPYZUCNSA-N,53262363.0,selenomethionine,C[Se]CC[C@H](N)C(O)=O
LNLJHGXOFYUARS-OAQYLSRUSA-N,56928390.0,seletalisib,[O-][n+]1cccc(c1)-c1nc2c(Cl)cccc2cc1[C@@H](Nc1ncnc2cccnc12)C(F)(F)F
QXWZQTURMXZVHJ-UHFFFAOYSA-N,9913767.0,selexipag,CC(C)N(CCCCOCC(=O)NS(C)(=O)=O)c1cnc(-c2ccccc2)c(n1)-c1ccccc1
LPMRCCNDNGONCD-NTSWFWBYSA-N,6604838.0,selfotel,OC(=O)[C@H]1C[C@@H](CP(O)(O)=O)CCN1
DEVSOMFAQLZNKR-RJRFIUFISA-N,71481097.0,selinexor,FC(F)(F)c1cc(cc(c1)C(F)(F)F)-c1ncn(\C=C/C(=O)NNc2cnccn2)n1
OEBIHOVSAMBXIB-SJKOYZFVSA-N,129103609.0,selitrectinib,[H][C@]12CCCN1c1ccn3ncc(C(=O)N[C@H](C)CCc4ncc(F)cc24)c3n1
YIDDLAAKOYYGJG-UHFFFAOYSA-N,71245288.0,selonsertib,CC(C)n1cnnc1-c1cccc(NC(=O)c2cc(c(C)cc2F)-n2cnc(c2)C2CC2)n1
CYOHGALHFOKKQC-UHFFFAOYSA-N,10127622.0,selumetinib,Cn1cnc2c(F)c(Nc3ccc(Br)cc3Cl)c(cc12)C(=O)NOCCO
PKXWXXPNHIWQHW-RCBQFDQVSA-N,9843750.0,semagacestat,CC(C)[C@H](O)C(=O)N[C@@H](C)C(=O)N[C@H]1c2ccccc2CCN(C)C1=O
PWDYHMBTPGXCSN-UHFFFAOYSA-N,492132.0,semapimod,CC(=NNC(N)=N)c1cc(NC(=O)CCCCCCCCC(=O)Nc2cc(cc(c2)C(C)=NNC(N)=N)C(C)=NNC(N)=N)cc(c1)C(C)=NNC(N)=N
WUWDLXZGHZSWQZ-WQLSENKSSA-N,5329098.0,semaxanib,Cc1cc(C)c(\C=C2/C(=O)Nc3ccccc23)[nH]1
JUUWEJHZVBABHQ-UHFFFAOYSA-N,124202178.0,semustine,CC1CCC(CC1)NC(=O)N(CCCl)[NH2+][O-]
MFPAAKZZUIRMKR-UHFFFAOYSA-N,46835756.0,SEN-1269,CN(C)c1cccc(Oc2cnc(Nc3cccc(O)c3)nc2)c1
SCTZUZTYRMOMKT-UHFFFAOYSA-N,216327.0,senicapoc,NC(=O)C(c1ccccc1)(c1ccc(F)cc1)c1ccc(F)cc1
QFJIQUOMKJNYLI-QSXPFVSBSA-N,132466065.0,sennoside-A,OC[C@H]1O[C@H](Oc2cccc3c(-c4c5cccc(O[C@H]6O[C@H](CO)[C@@H](O)[C@H](O)[C@H]6O)c5c(O)c5c(O)cc(cc45)C(O)=O)c4cc(cc(O)c4c(O)c23)C(O)=O)[C@H](O)[C@@H](O)[C@@H]1O
QFJIQUOMKJNYLI-NGMZATEOSA-N,,sennoside-protonated,OC[C@H]1O[C@@H](Oc2cccc3c(-c4c5cccc(O[C@H]6O[C@@H](CO)[C@@H](O)[C@@H](O)[C@@H]6O)c5c(O)c5c(O)cc(cc45)C(O)=O)c4cc(cc(O)c4c(O)c23)C(O)=O)[C@@H](O)[C@@H](O)[C@@H]1O
LVLLALCJVJNGQQ-SEODYNFXSA-N,5288149.0,seocalcitol,CCC(O)(CC)\C=C\C=C\[C@@H](C)[C@H]1CC[C@H]2\C(CCC[C@]12C)=C\C=C1\C[C@@H](O)C[C@H](O)C1=C
MMAIBGHDBYQYDI-UHFFFAOYSA-N,7141881.0,09/01/92,OC(=O)c1cc2occc2[nH]1
ZBVKEHDGYSLCCC-SFHVURJKSA-N,73346713.0,seratrodast,CC1=C(C)C(=O)C([C@@H](CCCCCC(O)=O)c2ccccc2)=C(C)C1=O
CEGSUKYESLWKJP-UHFFFAOYSA-N,11609586.0,serdemetan,C(Cc1c[nH]c2ccccc12)Nc1ccc(Nc2ccncc2)cc1
QZAYGJVTTNCVMB-UHFFFAOYSA-N,5202.0,serotonin,NCCc1c[nH]c2ccc(O)cc12
JLGKQTAYUIMGRK-LJQANCHMSA-N,25273617.0,sertaconazole,Clc1ccc([C@@H](Cn2ccnc2)OCc2csc3c(Cl)cccc23)c(Cl)c1
GZKLJWGUPQBVJQ-UHFFFAOYSA-N,60149.0,sertindole,Fc1ccc(cc1)-n1cc(C2CCN(CCN3CCNC3=O)CC2)c2cc(Cl)ccc12
VGKDLMBJGBXTGI-SJCJKPOMSA-N,68617.0,sertraline,CN[C@H]1CC[C@@H](c2ccc(Cl)c(Cl)c2)c2ccccc12
PEYUIKBAABKQKQ-AFHBHXEDSA-N,72307.0,sesamin,C1Oc2ccc(cc2O1)[C@H]1OC[C@H]2[C@@H]1CO[C@@H]2c1ccc2OCOc2c1
IHAXLPDVOWLUOS-UHFFFAOYSA-N,49843471.0,setipiprant,OC(=O)Cn1c2CCN(Cc2c2cc(F)ccc12)C(=O)c1cccc2ccccc12
GVPIXRLYKVFFMK-UHFFFAOYSA-N,5205.0,setiptiline,CN1CCC2=C(C1)c1ccccc1Cc1ccccc21
HDHDTKMUACZDAA-PJHQLSNHSA-N,,setmelanotide,[H][C@]1(Cc2ccccc2)NC(=O)[C@H](Cc2cnc[nH]2)NC(=O)[C@@H](C)NC(=O)[C@]([H])(CSSC[C@H](NC(=O)[C@H](Cc2c[nH]c3ccccc23)NC(=O)[C@H](CCCNC(N)=N)NC1=O)C(N)=O)NC(=O)[C@H](CCCNC(N)=N)NC(C)=O
DFEYYRMXOJXZRJ-UHFFFAOYSA-N,5206.0,sevoflurane,FCOC(C(F)(F)F)C(F)(F)F
OYMNPJXKQVTQTR-UHFFFAOYSA-N,4077460.0,SEW-2871,FC(F)(F)c1sc(cc1-c1ccccc1)-c1nc(no1)-c1cccc(c1)C(F)(F)F
PMEQBGAGFZDWQX-UHFFFAOYSA-N,2936384.0,SF-11,CCOc1ccc(NC(=S)N2CCC(CC2)C(O)(c2ccccc2)c2ccccc2)cc1
IQCKJUKAQJINMK-HUBRGWSESA-N,56962337.0,SGC-0946,CC(C)N(CCCNC(=O)Nc1ccc(cc1)C(C)(C)C)C[C@H]1O[C@H]([C@H](O)[C@@H]1O)n1cc(Br)c2c(N)ncnc12
DMIDPTCQPIJYFE-UHFFFAOYSA-N,90642938.0,SGC-707,O=C(NCC(=O)N1CCCC1)Nc1ccc2cnccc2c1
GEPYBHCJBORHCE-SFHVURJKSA-N,72201027.0,SGC-CBP30,COc1ccc(CCc2nc3cc(ccc3n2C[C@H](C)N2CCOCC2)-c2c(C)noc2C)cc1Cl
QSYLKMKIVWJAAK-UHFFFAOYSA-N,24858111.0,SGI-1027,Cc1cc(Nc2ccc(NC(=O)c3ccc(Nc4ccnc5ccccc45)cc3)cc2)nc(N)n1
MHXGEROHKGDZGO-UHFFFAOYSA-N,24795070.0,SGI-1776,CN1CCC(CNc2ccc3ncc(-c4cccc(OC(F)(F)F)c4)n3n2)CC1
ONNMDRQRSGKZCN-UHFFFAOYSA-N,130021.0,SGS-742,CCCCP(O)(=O)CCCN
BCZUAADEACICHN-UHFFFAOYSA-N,24779724.0,SGX523,Cn1cc(cn1)-c1ccc2nnc(Sc3ccc4ncccc4c3)n2n1
SFRQIPRTNYHJHP-QHCPKHFHSA-N,52951680.0,SHA-68,Fc1ccc(CNC(=O)N2CCN3[C@@H](C2)C(OC3=O)(c2ccccc2)c2ccccc2)cc1
JXOHGGNKMLTUBP-PBXRRBTRSA-N,11332752.0,shikimic-acid,O[C@@H]1CC(=C[C@@H](O)[C@@H]1O)C(O)=O
YGUFCDOEKKVKJK-UHFFFAOYSA-N,118238298.0,SHP099,CC1(N)CCN(CC1)c1cnc(c(N)n1)-c1cccc(Cl)c1Cl
NVZGJSVPOOILDI-LLVKDONJSA-N,10609936.0,SIB-1553A,CN1CCC[C@@H]1CCSc1ccc(O)cc1
UOJMXHLMOUOGPY-UHFFFAOYSA-N,132466061.0,SIB-1757,C=C1NC(=NNc2ccccc2)C(=O)C=C1
SISOFUCTXZKSOQ-ZHACJKMWSA-N,5311432.0,SIB-1893,Cc1cccc(\C=C\c2ccccc2)n1
KWMBIIQCLUIHDI-OAHLLOKOSA-N,2149494.0,SID-7969543,CCOC(=O)[C@@H](C)Oc1cccc2c1ccn(CC(=O)Nc1ccc3OCCOc3c1)c2=O
NUHPODZZKHQQET-VIFPVBQESA-N,6604007.0,siguazodan,CN\C(NC#N)=N/c1ccc(cc1)C1=NNC(=O)C[C@@H]1C
BNRNXUUZRGQAQC-UHFFFAOYSA-N,135398744.0,sildenafil,CCCc1nn(C)c2c1nc([nH]c2=O)-c1cc(ccc1OCC)S(=O)(=O)N1CCN(C)CC1
SEBFKMXJBCUCAI-HKTJVKLFSA-N,31553.0,silibinin,COc1cc(ccc1O)[C@H]1Oc2cc(ccc2O[C@@H]1CO)[C@H]1Oc2cc(O)cc(O)c2C(=O)[C@@H]1O
PNCPYILNMDWPEY-QGZVFWFLSA-N,5312125.0,silodosin,C[C@H](Cc1cc2CCN(CCCO)c2c(c1)C(N)=O)NCCOc1ccccc1OCC(F)(F)F
UEJSSZHHYBHCEL-UHFFFAOYSA-N,5459124.0,silver-sulfadiazine,Nc1ccc(cc1)S(=O)(=O)N([Ag])c1ncccn1
FDQAOULAVFHKBX-HKTJVKLFSA-N,11059920.0,silymarin,COc1cc(ccc1O)[C@H]1Oc2ccc(cc2O[C@@H]1CO)[C@H]1Oc2cc(O)cc(O)c2C(=O)[C@@H]1O
JTZZSQYMACOLNN-VDWJNHBNSA-N,24873435.0,simeprevir,COc1ccc2c(O[C@@H]3C[C@@H]4[C@@H](C3)C(=O)N(C)CCCC\C=C/[C@@H]3C[C@]3(NC4=O)C(=O)NS(=O)(=O)C3CC3)cc(nc2c1C)-c1nc(cs1)C(C)C
XGVXKJKTISMIOW-CYBMUJFWSA-N,136443810.0,simurosertib,Cc1n[nH]cc1-c1cc2[nH]c(nc(=O)c2s1)[C@H]1CC2CCN1CC2
RYMZZMVNJRMUDD-HGQWONQESA-N,54454.0,simvastatin,CCC(C)(C)C(=O)O[C@H]1C[C@@H](C)C=C2C=C[C@H](C)[C@H](CC[C@@H]3C[C@@H](O)CC(=O)O3)[C@@H]12
IZTQOLKUZKXIRV-YRVFCXMDSA-N,9833444.0,sincalide,CSCC[C@H](NC(=O)[C@H](Cc1ccc(OS(O)(=O)=O)cc1)NC(=O)[C@@H](N)CC(O)=O)C(=O)NCC(=O)N[C@@H](Cc1c[nH]c2ccccc12)C(=O)N[C@@H](CCSC)C(=O)N[C@@H](CC(O)=O)C(=O)N[C@@H](Cc1ccccc1)C(N)=O
LMXOHSDXUQEUSF-YECHIGJVSA-N,65482.0,sinefungin,N[C@@H](CC[C@H](N)C(O)=O)C[C@H]1O[C@H]([C@H](O)[C@@H]1O)n1cnc2c(N)ncnc12
INYYVPJSBIVGPH-QHRIQVFBSA-N,5459308.0,sinomenine,COC1=C[C@@H]2[C@@H]3Cc4ccc(OC)c(O)c4[C@]2(CCN3C)CC1=O
PDOCBJADCWMDGL-UHFFFAOYSA-N,60803.0,sipatrigine,CN1CCN(CC1)c1ncc(c(N)n1)-c1cc(Cl)cc(Cl)c1Cl
KIHYPELVXPAIDH-HNSNBQBZSA-N,44599207.0,siponimod,CCc1cc(ccc1CN1CC(C1)C(O)=O)C(\C)=N\OCc1ccc(C2CCCCC2)c(c1)C(F)(F)F
XWAONOGAGZNUSF-UHFFFAOYSA-N,9829526.0,siramesine,Fc1ccc(cc1)-n1cc(CCCCN2CCC3(CC2)OCc2ccccc32)c2ccccc12
AGBSXNCBIWWLHD-FQEVSTJZSA-N,71678098.0,siremadlin,COc1ncc(-c2nc3C(=O)N([C@H](c3n2C(C)C)c2ccc(Cl)cc2)c2cc(Cl)cn(C)c2=O)c(OC)n1
QFJCIRLUMZQUOT-MHOZHFGWSA-N,134812764.0,sirolimus,CO[C@@H]1C[C@H](C[C@@H](C)[C@@H]2CC(=O)[C@H](C)\C=C(C)\[C@@H](O)[C@@H](OC)C(=O)[C@H](C)C[C@H](C)\C=C\C=C\C=C(C)\[C@H](C[C@@H]3CC[C@@H](C)[C@@](O)(O3)C(=O)C(=O)N3CCCC[C@H]3C(=O)O2)OC)CC[C@H]1O
MENNDDDTIIZDDN-UHFFFAOYSA-N,1096292.0,SirReal-2,Cc1cc(C)nc(SCC(=O)Nc2ncc(Cc3cccc4ccccc34)s2)n1
UXJFDYIHRJGPFS-OVKKOYPGSA-N,,sirtinol,C[C@@H](NC(=O)c1ccccc1\N=C\c1c(O)ccc2ccccc12)c1ccccc1
IJYPHMXWKKKHGT-VAWYXSNFSA-N,10138988.0,SIS3,COc1cc2CCN(Cc2cc1OC)C(=O)\C=C\c1c(-c2ccccc2)n(C)c2ncccc12
URWAJWIAIPFPJE-YFMIWBNJSA-N,36119.0,sisomicin,CN[C@@H]1[C@@H](O)[C@@H](O[C@H]2[C@H](N)C[C@H](N)[C@@H](O[C@H]3OC(CN)=CC[C@H]3N)[C@@H]2O)OC[C@]1(C)O
URWAJWIAIPFPJE-YFMIWBNJSA-N,36119.0,sisomicin-sulfate,CN[C@@H]1[C@@H](O)[C@@H](O[C@H]2[C@H](N)C[C@H](N)[C@@H](O[C@H]3OC(CN)=CC[C@H]3N)[C@@H]2O)OC[C@]1(C)O
PNUZDKCDAWUEGK-CYZMBNFOSA-N,461399.0,sitafloxacin,N[C@@H]1CN(CC11CC1)c1c(F)cc2c(c1Cl)n(cc(C(O)=O)c2=O)[C@@H]1C[C@@H]1F
MFFMDFFZMYYVKS-SECBINFHSA-N,4369359.0,sitagliptin,N[C@@H](CC(=O)N1CCn2c(C1)nnc2C(F)(F)F)Cc1cc(F)c(F)cc1F
PHWXUGHIIBDVKD-UHFFFAOYSA-N,216235.0,sitaxentan,Cc1noc(NS(=O)(=O)c2ccsc2C(=O)Cc2cc3OCOc3cc2C)c1Cl
KZJWDPNRJALLNS-VJSFXXLFSA-N,222284.0,sitosterol,CC[C@H](CC[C@@H](C)[C@H]1CC[C@H]2[C@@H]3CC=C4C[C@@H](O)CC[C@]4(C)[C@H]3CC[C@]12C)C(C)C
WLAVZAAODLTUSW-UHFFFAOYSA-N,25212148.0,sitravatinib,COCCNCc1ccc(nc1)-c1cc2nccc(Oc3ccc(NC(=O)C4(CC4)C(=O)Nc4ccc(F)cc4)cc3F)c2s1
BTGNGJJLZOIYID-UHFFFAOYSA-N,107706.0,sivelestat,CC(C)(C)C(=O)Oc1ccc(cc1)S(=O)(=O)Nc1ccccc1C(=O)NCC(O)=O
RKKFQJXGAQWHBZ-LICLKQGHSA-N,1317464.0,SJ-172550,CCOc1cc(\C=C2/C(C)=NN(C2=O)c2ccccc2)cc(Cl)c1OCC(=O)OC
VKCPFWKTFZAOTO-LEWJYISDSA-N,89508529.0,SJ-733,Fc1ccc(NC(=O)[C@@H]2[C@H](N(CC(F)(F)F)C(=O)c3ccccc23)c2cccnc2)cc1C#N
RWZVMMQNDHPRQD-SFTDATJTSA-N,393111.0,SJG-136,COc1cc2c(cc1OCCCOc1cc3N=C[C@@H]4CC(=C)CN4C(=O)c3cc1OC)N=C[C@@H]1CC(=C)CN1C2=O
LGQCVMYAEFTEFN-DQYPLSBCSA-N,3036222.0,SK&F-10047-(+),C[C@@H]1[C@@H]2Cc3ccc(O)cc3[C@@]1(C)CCN2CC=C
FECQXVPRUCCUIL-UHFFFAOYSA-N,94880.0,SKA-31,Nc1nc2c(ccc3ccccc23)s1
HXMGCTFLLWPVFM-GOSISDBHSA-N,45279963.0,skepinone-L,OC[C@@H](O)COc1ccc2CCc3cc(Nc4ccc(F)cc4F)ccc3C(=O)c2c1
JUDKOGFHZYMDMF-AWEZNQCLSA-N,6603799.0,SKF-38393,Oc1cc2CCNC[C@@H](c3ccccc3)c2cc1O
QBUVZVXIRYFENV-KRWDZBQOSA-N,6603997.0,SKF-77434,Oc1cc2CCN(CC=C)C[C@@H](c3ccccc3)c2cc1O
GHWJEDJMOVUXEC-UHFFFAOYSA-N,11957706.0,SKF-81297,Oc1cc2C(CNCCc2c(Cl)c1O)c1ccccc1
XFTVOHWWEQGXLS-HNNXBMFYSA-N,6604885.0,SKF-83566,CN1CCc2cc(Br)c(O)cc2[C@@H](C1)c1ccccc1
YOELZIQOLWZLQC-UHFFFAOYSA-N,5228.0,SKF-86002,Fc1ccc(cc1)-c1nc2SCCn2c1-c1ccncc1
TXQKSMSLZVKQBI-FQEVSTJZSA-N,6604015.0,SKF-89976A,OC(=O)[C@H]1CCCN(CCC=C(c2ccccc2)c2ccccc2)C1
UFYJLJINUGVUHO-UHFFFAOYSA-N,5227.0,SKF-91488,CN(C)CCCCSC(N)=N
HLMBXBGDBBCYII-QFIPXVFZSA-N,6604827.0,SKF-96365,COc1ccc(CCCO[C@@H](Cn2ccnc2)c2ccc(OC)cc2)cc1
WSOHOUHPUOAXIN-UHFFFAOYSA-N,54760385.0,SKLB-1028,CC(C)n1c(Nc2cccnc2)nc2cnc(Nc3ccc(cc3)N3CCN(C)CC3)nc12
RQVGFDBMONQTBC-UHFFFAOYSA-N,71461003.0,SKLB1002,COc1cc2ncnc(Sc3nnc(C)s3)c2cc1OC
AXJQVVLKUYCICH-OAQYLSRUSA-N,9826744.0,SLV-319-(+/-),C\N=C(\NS(=O)(=O)c1ccc(Cl)cc1)N1C[C@@H](C(=N1)c1ccc(Cl)cc1)c1ccccc1
RBZNJGHIKXAKQE-HDJSIYSDSA-N,,SLV-320,O[C@H]1CC[C@@H](CC1)Nc1nc(nc2[nH]ccc12)-c1ccccc1
PXQCVBRDIZZRGM-UHFFFAOYSA-N,13371802.0,SM-108,NC(=O)C1N=CNC1=O
LGYDZXNSSLRFJS-IOQQVAQYSA-N,17756618.0,SM-164,CN[C@@H](C)C(=O)N[C@H]1CCCC[C@H]2CC[C@H](N2C1=O)C(=O)N[C@H](c1cn(CCCCc2ccc(CCCCn3cc(nn3)[C@@H](NC(=O)[C@@H]3CC[C@@H]4CCCC[C@H](NC(=O)[C@H](C)NC)C(=O)N34)c3ccccc3)cc2)nn1)c1ccccc1
WTPAXDRULIZRDJ-ABFRBSLYSA-N,,SM-21,CC[C@H](Oc1ccc(Cl)cc1)C(=O)O[C@@H]1C[C@@H]2CC[C@H](C1)N2C
BCPOLXUSCUFDGE-UHFFFAOYSA-N,1560402.0,SMER-28,Brc1ccc2ncnc(NCC=C)c2c1
NGJLOFCOEOHFKQ-YVMONPNESA-N,1361334.0,SMI-4a,FC(F)(F)c1cccc(\C=C2/SC(=O)NC2=O)c1
WKLZNTYMDOPBSE-IARIHHJXSA-N,,SN-2,Cc1cc(C)c(C2=NO[C@@H]3[C@H]4CC[C@H](C4)[C@H]23)c(C)c1
FJHBVJOVLFPMQE-QFIPXVFZSA-N,104842.0,SN-38,CCc1c2Cn3c(cc4c(COC(=O)[C@]4(O)CC)c3=O)-c2nc2ccc(O)cc12
ZVYIJXLMBWCGHP-RTBURBONSA-N,93088127.0,SN-6,CCOC(=O)[C@H]1CS[C@H](Cc2ccc(OCc3ccc(cc3)[N+]([O-])=O)cc2)N1
MLXCQEWOIZBBDM-YFKPBYRVSA-N,,SNAP,CC(=O)N[C@@H](C(O)=O)C(C)(C)S[NH2+][O-]
FIIXCJGBCCCOQQ-XIFFEERXSA-N,10326374.0,SNAP-5089,COC(=O)C1=C(C)NC(C)=C([C@@H]1c1ccc(cc1)[N+]([O-])=O)C(=O)NCCCN1CCC(CC1)(c1ccccc1)c1ccccc1
VMLZFUVIKCGATC-UHFFFAOYSA-N,16756754.0,SNAP-94847,CC(C)C(=O)Nc1ccc(C)c(c1)C1CCN(Cc2ccc(Oc3ccc(F)c(F)c3)cc2)CC1
KQWVAUSXZDRQPZ-UMTXDNHDSA-N,123924.0,SNC-80,CCN(CC)C(=O)c1ccc(cc1)[C@@H](N1C[C@@H](C)N(CC=C)C[C@@H]1C)c1cccc(OC)c1
OXHMDMVBLQNMGP-UHFFFAOYSA-N,71621167.0,SNG-1153,CC(C)=CCc1c(O)cc(O)c2c1oc(c(O)c2=O)-c1ccc(cc1)C(F)(F)F
FAYAUAZLLLJJGH-UHFFFAOYSA-N,24995524.0,SNS-314,Clc1cccc(NC(=O)Nc2ncc(CCNc3ncnc4ccsc34)s2)c1
ZFVRYNYOPQZKDG-MQMHXKEQSA-N,,SNX-2112,CC1(C)Cc2c(c(nn2-c2ccc(C(N)=O)c(N[C@H]3CC[C@H](O)CC3)c2)C(F)(F)F)C(=O)C1
AVDSOVJPJZVBTC-CTYIDZIISA-N,,SNX-5422,CC1(C)Cc2c(c(nn2-c2ccc(C(N)=O)c(N[C@H]3CC[C@@H](CC3)OC(=O)CN)c2)C(F)(F)F)C(=O)C1
QNAZTOHXCZPOSA-UHFFFAOYSA-N,9862248.0,sobetirome,CC(C)c1cc(Cc2c(C)cc(OCC(O)=O)cc2C)ccc1O
DZMVCVHATYROOS-ZBFGKEHZSA-N,6918315.0,soblidotin,[H][C@]1(CCCN1C(=O)C[C@@H](OC)[C@H]([C@@H](C)CC)N(C)C(=O)[C@@H](NC(=O)[C@H](C(C)C)N(C)C)C(C)C)[C@H](OC)[C@@H](C)C(=O)NCCc1ccccc1
OMDMTHRBGUBUCO-BDAKNGLRSA-N,854498.0,sobrepin,CC1=CC[C@H](C[C@@H]1O)C(C)(C)O
OCOKWVBYZHBHLU-UHFFFAOYSA-N,5233.0,sobuzoxane,CC(C)COC(=O)OCN1C(=O)CN(CCN2CC(=O)N(COC(=O)OCC(C)C)C(=O)C2)CC1=O
SXZYCXMUPBBULW-NEEWWZBLSA-N,6857365.0,sodium-ascorbate,OC[C@H](O)[C@H]1OC(=O)[C@@H](O)[C@@H]1O
FERIUCNNQQJTOY-UHFFFAOYSA-N,264.0,sodium-butyrate,CCCC(O)=O
PAFLSMZLRSPALU-QMMMGPOBSA-N,179536.0,sodium-danshensu,O[C@@H](Cc1ccc(O)c(O)c1)C(O)=O
ISYOIFGRKUYTGX-UHFFFAOYSA-N,,sodium-dodecyl-sulfate,[Na].CCCCCCCCCCCCOS(O)(=O)=O
RGHNJXZEOKUKBD-SQOUGZDYSA-N,10690.0,sodium-gluconate,OC[C@@H](O)[C@@H](O)[C@H](O)[C@@H](O)C(O)=O
VIZXMHCBZLGUET-UHFFFAOYSA-N,2275.0,sodium-gualenate,CC(C)c1ccc(C)c2c(cc(C)c2c1)S(O)(=O)=O
DWYMPOCYEZONEA-UHFFFAOYSA-N,24267.0,sodium-monofluorophosphate,OP(O)(F)=O
ROODZSDSPAHHIS-UHFFFAOYSA-N,129009887.0,sodium-nitrite,[O-][NH2+][O-]
WTISQLWAPBSCSF-UHFFFAOYSA-N,,sodium-nitroprusside,[O-][N+][Fe--](C#N)(C#N)(C#N)(C#N)C#N
WQEVDHBJGNOKKO-UHFFFAOYSA-K,417214.0,sodium-orthovanadate,O[V](O)(O)=O
UJIDKYTZIQTXPM-UHFFFAOYSA-N,5243.0,sodium-picosulfate,OS(=O)(=O)Oc1ccc(cc1)C(c1ccc(OS(O)(=O)=O)cc1)c1ccccn1
RPOBPHCDIPHDQL-XCCFGPONSA-L,,sodium-stibogluconate,[H][C@@]1(O[Sb]2(O)(O[Sb]34(O)O[C@H]([C@@H](O3)[C@]([H])(O4)[C@H](O)CO)C(O)=O)O[C@H]([C@H]1O2)C(O)=O)[C@H](O)CO
UJCACMLMPLLRGW-UHFFFAOYSA-N,125782.0,sodium-tanshinone-II-A-sulfonate,Cc1c2c(oc1S(O)(=O)=O)-c1ccc3c(CCCC3(C)C)c1C(=O)C2=O
GROJOWHVXQYQGN-KGLIPLIRSA-N,51382662.0,sodium-tetradecyl-sulfate,CCCC[C@@H](CC)CC[C@@H](CC(C)C)OS(O)(=O)=O
GFWRVVCDTLRWPK-KPKJPENVSA-N,5282219.0,sofalcone,CC(C)=CCOc1ccc(\C=C\C(=O)c2ccc(OCC=C(C)C)cc2OCC(O)=O)cc1
TTZHDVOVKQGIBA-IQWMDFIBSA-N,45375808.0,sofosbuvir,CC(C)OC(=O)[C@H](C)N[P@](=O)(OC[C@H]1O[C@@H](n2ccc(=O)[nH]c2=O)[C@](C)(F)[C@@H]1O)Oc1ccccc1
FBPFZTCFMRRESA-JGWLITMVSA-N,5780.0,sorbitol,OC[C@H](O)[C@@H](O)[C@H](O)[C@H](O)CO
WAKQLZVLNOKKHE-BFQGEBBDSA-N,131704521.0,sofosbuvir-impurity-m,CC(C)OC(=O)[C@H](C)N[P@](=O)(OC[C@H]1O[C@@H](n2ccc(=O)[nH]c2=O)[C@@](C)(O)[C@@H]1O)Oc1ccccc1
YDZYKNJZCVIKPP-VWLOTQADSA-N,9870520.0,sograzepide,CNc1cccc(NC(=O)N[C@@H]2N=C(c3ccccn3)c3ccccc3N(CC(=O)C(C)(C)C)C2=O)c1
MBWUSSKCCUMJHO-OXBNUUDKSA-N,,solamargine,C[C@H]1[C@H]2[C@@H](C[C@H]3[C@H]4CC=C5C[C@@H](CC[C@@]5(C)[C@@H]4CC[C@@]23C)O[C@H]2O[C@@H](CO)[C@@H](O[C@H]3O[C@@H](C)[C@@H](O)[C@@H](O)[C@@H]3O)[C@@H](O)[C@@H]2O[C@H]2O[C@@H](C)[C@@H](O)[C@@H](O)[C@@H]2O)O[C@]11CC[C@@H](C)CN1
MPYACSQFXVMWNO-UHFFFAOYSA-N,44603362.0,solcitinib,CC1(C)CN(C1)C(=O)c1ccc(cc1)-c1cccc2nc(NC(=O)C3CC3)nn12
FBOUYBDGKBSUES-VXKWHMMOSA-N,154059.0,solifenacin-succinate,[H][C@@]1(C[N@@]2CC[C@H]1CC2)OC(=O)N1CCc2ccccc2[C@@H]1c1ccccc1
IXXFZUPTQVDPPK-ALZZPGSQSA-N,,solithromycin,CC[C@H]1OC(=O)[C@@](C)(F)C(=O)[C@H](C)[C@@H](O[C@@H]2O[C@H](C)C[C@@H]([C@H]2O)N(C)C)[C@@](C)(C[C@@H](C)C(=O)[C@H](C)[C@H]2N(CCCCn3cc(nn3)-c3cccc(N)c3)C(=O)O[C@]12C)OC
UCTRAOBQFUDCSR-SECBINFHSA-N,10130337.0,solriamfetol,N[C@@H](COC(N)=O)Cc1ccccc1
OWKXRDQRMTVCEX-UHFFFAOYSA-N,50234.0,somantadine,CC(C)(N)CC12CC3CC(CC(C3)C1)C2
NHXLMOGPVYXJNR-FMFSXUEQSA-N,,somatostatin,C[C@@H](O)[C@@H]1NC(=O)[C@H](Cc2ccccc2)NC(=O)[C@@H](NC(=O)[C@H](CCCCN)NC(=O)[C@H](Cc2c[nH]c3ccccc23)NC(=O)[C@H](Cc2ccccc2)NC(=O)[C@H](Cc2ccccc2)NC(=O)[C@H](CC(N)=O)NC(=O)[C@H](CCCCN)NC(=O)[C@H](CSSC[C@H](NC(=O)[C@H](CO)NC1=O)C(O)=O)NC(=O)CNC(=O)[C@H](C)N)[C@@H](C)O
WNUQCGWXPNGORO-NRFANRHFSA-N,133079.0,sonepiprazole,NS(=O)(=O)c1ccc(cc1)N1CCN(CC[C@@H]2OCCc3ccccc23)CC1
VZZJRYRQSPEMTK-CALCHBBNSA-N,24775005.0,sonidegib,C[C@H]1CN(C[C@@H](C)O1)c1ccc(NC(=O)c2cccc(c2C)-c2ccc(OC(F)(F)F)cc2)cn1
AAGFPTSOPGCENQ-JLNYLFASSA-N,115269.0,sophocarpine,O=C1C=CC[C@@H]2[C@H]3CCCN4CCC[C@@H](CN12)[C@@H]34
MLDQJTXFUGDVEO-UHFFFAOYSA-N,216239.0,sorafenib,CNC(=O)c1cc(Oc2ccc(NC(=O)Nc3ccc(Cl)c(c3)C(F)(F)F)cc2)ccn1
PWILYDZRJORZDR-MISYRCLQSA-N,213054.0,soraprazan,COCCO[C@H]1[C@H](O)[C@H](Nc2c1ccn1c(C)c(C)nc21)c1ccccc1
WSWCOQWTEOXDQX-MQQKCMAXSA-N,643460.0,sorbic-acid,C\C=C\C=C\C(O)=O
LXANPKRCLVQAOG-NSHDSACASA-N,337359.0,sorbinil,Fc1ccc2OCC[C@]3(NC(=O)NC3=O)c2c1
HVUMOYIDDBPOLL-XWVZOOPGSA-N,16218600.0,sorbitan-monostearate,CCCCCCCCCCCCCCCCCC(=O)OC[C@@H](O)[C@H]1OC[C@H](O)[C@H]1O
QKDRXGFQVGOQKS-CRSSMBPESA-N,24831714.0,sotagliflozin,CCOc1ccc(Cc2cc(ccc2Cl)[C@@H]2O[C@H](SC)[C@@H](O)[C@H](O)[C@H]2O)cc1
ZBMZVLHSJCTVON-UHFFFAOYSA-N,67108155.0,sotalol,CC(C)NCC(O)c1ccc(NS(C)(=O)=O)cc1
OAVGBZOFDPFGPJ-UHFFFAOYSA-N,10296883.0,sotrastaurin,CN1CCN(CC1)c1nc(C2=C(C(=O)NC2=O)c2c[nH]c3ccccc23)c2ccccc2n1
GHMKQBWHPQMXSH-UHFFFAOYSA-N,9910975.0,SP-100030,FC(F)(F)c1cc(NC(=O)c2cnc(Cl)nc2C(F)(F)F)cc(c1)C(F)(F)F
AABFWJDLCCDJJN-UHFFFAOYSA-N,59620153.0,SP-141,COc1ccc2[nH]c3c(nccc3c2c1)-c1cccc2ccccc12
YASYAEVZKXPYIZ-MRXNPFEDSA-N,135511704.0,SP-420,COCCOCCOc1ccc(C2=N[C@](C)(CS2)C(O)=O)c(O)c1
OPVPGKGADVGKTG-BQBZGAKWSA-N,188803.0,spaglumic-acid,CC(=O)N[C@@H](CC(O)=O)C(=O)N[C@@H](CCC(O)=O)C(O)=O
DZZWHBIBMUVIIW-DTORHVGOSA-N,6956367.0,sparfloxacin,C[C@H]1CN(C[C@@H](C)N1)c1c(F)c(N)c2c(c1F)n(cc(C(O)=O)c2=O)C1CC1
ZZKNRXZVGOYGJT-GSVOUGTGSA-N,46936683.0,sparfosate,OC(=O)C[C@@H](NC(=O)CP(O)(O)=O)C(O)=O
WRFHGDPIDHPWIQ-UHFFFAOYSA-N,10257882.0,sparsentan,CCCCC1=NC2(CCCC2)C(=O)N1Cc1ccc(c(COCC)c1)-c1ccccc1S(=O)(=O)Nc1noc(C)c1C
SLRCCWJSBJZJBV-ZQDZILKHSA-N,644020.0,sparteine-(-),C1CCN2C[C@@H]3C[C@@H](CN4CCCC[C@H]34)[C@@H]2C1
SLRCCWJSBJZJBV-TUVASFSCSA-N,7014.0,sparteine-(+),C1CCN2C[C@H]3C[C@H](CN4CCCC[C@H]34)[C@@H]2C1
SLRCCWJSBJZJBV-NMWPEEMBSA-N,442965.0,sparteine-sulfate,C1CCN2C[C@H]3C[C@@H](CN4CCCC[C@H]34)[C@@H]2C1
AWIVHRPYFSSVOG-UHFFFAOYSA-N,51037431.0,spautin-1,Fc1ccc(CNc2ncnc3ccc(F)cc23)cc1
UNFWWIHTNXNPBV-WXKVUWSESA-N,15541.0,spectinomycin,CN[C@@H]1[C@H](O)[C@H](NC)[C@H]2O[C@]3(O)[C@@H](O[C@H](C)CC3=O)O[C@@H]2[C@H]1O
ATHGHQPFGPMSJY-UHFFFAOYSA-N,1102.0,spermidine,NCCCCNCCCN
PFNFFQXMRSDOHW-UHFFFAOYSA-N,1103.0,spermine,NCCCNCCCCNCCCN
JLVSPVFPBBFMBE-HXSWCURESA-O,5280613.0,sphingosylphosphorylcholine,CCCCCCCCCCCCC\C=C\[C@@H](O)[C@@H](N)COP(O)(=O)OCC[N+](C)(C)C
DKGZKTPJOSAWFA-UHFFFAOYSA-N,5265.0,spiperone,Fc1ccc(cc1)C(=O)CCCN1CCC2(CC1)N(CNC2=O)c1ccccc1
NYKCGQQJNVPOLU-ONTIZHBOSA-N,55652.0,spiradoline,CN([C@H]1CC[C@@]2(CCCO2)C[C@@H]1N1CCCC1)C(=O)Cc1ccc(Cl)c(Cl)c1
ACTOXUHEUCPTEW-VTGPZPQGSA-N,,spiramycin,CO[C@H]1[C@H](O)CC(=O)O[C@H](C)C\C=C\C=C\[C@H](O[C@H]2CC[C@@H]([C@@H](C)O2)N(C)C)[C@H](C)C[C@H](CC=O)[C@@H]1O[C@@H]1O[C@H](C)[C@@H](O[C@H]2C[C@@](C)(O)[C@@H](O)[C@H](C)O2)[C@@H]([C@H]1O)N(C)C
JXEICPOBKSQAIU-UHFFFAOYSA-N,72115.0,spirobromin,BrCCC(=O)N1CC[N+]2(CC1)CC[N+]1(CCN(CC1)C(=O)CCBr)CC2
LXMSZDCAJNLERA-ZHYRCANASA-N,5833.0,spironolactone,CC(=O)S[C@@H]1CC2=CC(=O)CC[C@]2(C)[C@H]2CC[C@@]3(C)[C@@H](CC[C@@]33CCC(=O)O3)[C@H]12
JVGBTTIJPBFLTE-SFHVURJKSA-N,6603993.0,spiroxatrine,O=C1NCN(c2ccccc2)C11CCN(C[C@H]2COc3ccccc3O2)CC1
SETMGIIITGNLAS-UHFFFAOYSA-N,71755.0,spizofurone,CC(=O)c1ccc2OC3(CC3)C(=O)c2c1
ISFPDBUKMJDAJH-UHFFFAOYSA-N,5269.0,splitomycin,O=C1CCc2c(O1)ccc1ccccc21
YBWLTKFZAOSWSM-UHFFFAOYSA-N,9912992.0,SPP301,COc1ccccc1Oc1c(NS(=O)(=O)c2ccc(C)cn2)nc(nc1OC)-c1ccncc1
JQOIRTDBHMDWMT-UHFFFAOYSA-N,66549796.0,SPP86,CC(C)n1nc(C#Cc2ccccc2)c2c(N)ncnc12
JFIBVDBTCDTBRH-UNRAVDGJSA-N,,SQ-109,CC(C)=CCC\C(C)=C\CNCCNC1[C@H]2C[C@@H]3C[C@@H](C[C@H]1C3)C2
UKHMZCMKHPHFOT-ZCFIWIBFSA-N,22879197.0,SQ-22536,Nc1ncnc2n(cnc12)[C@H]1CCCO1
UIRKNQLZZXALBI-MSVGPLKSSA-N,72495.0,squalamine,[H][C@@]1(CC[C@@]2([H])[C@]3([H])[C@H](O)C[C@@]4([H])C[C@H](CC[C@]4(C)[C@@]3([H])CC[C@]12C)NCCCNCCCCN)[C@H](C)CC[C@@H](OS(O)(=O)=O)C(C)C
XBRWELTXMQSEIN-UHFFFAOYSA-N,65108.0,squaric-acid-dibutyl-ester,CCCCOc1c(OCCCC)c(=O)c1=O
DUXWIYXHHGNUJU-UHFFFAOYSA-N,17980288.0,SR-1078,OC(c1ccc(NC(=O)c2ccc(cc2)C(F)(F)F)cc1)(C(F)(F)F)C(F)(F)F
RQANARBNMTXCDM-DKOHIBGUSA-N,9976842.0,SR-11302,C\C(\C=C\C=C(\C=C\C1=C(C)CCCC1(C)C)/c1ccc(C)cc1)=C/C(O)=O
RPDFDSQFBCJTDY-GAQXSTBRSA-N,108167.0,SR-140333,CC(C)Oc1cccc(CC(=O)N2CCC[C@@](CC[N+]34CCC(CC3)(CC4)c3ccccc3)(C2)c2ccc(Cl)c(Cl)c2)c1
IIJDFXNUWZTHIM-NRFANRHFSA-N,53239854.0,SR-1664,C[C@H](NC(=O)c1ccc2n(Cc3ccc(cc3)-c3ccccc3C(O)=O)c(C)c(C)c2c1)c1ccc(cc1)[N+]([O-])=O
KVHKWAZUPPBMLL-UHFFFAOYSA-N,51035449.0,SR-2211,OC(c1ccc(c(F)c1)-c1ccc(CN2CCN(Cc3ccncc3)CC2)cc1)(C(F)(F)F)C(F)(F)F
LMPZHLXYBWGGNT-UHFFFAOYSA-N,128355.0,SR-2640,OC(=O)c1ccccc1Nc1cccc(OCc2ccc3ccccc3n2)c1
ILNRQFBVVQUOLP-UHFFFAOYSA-N,122077.0,SR-27897,OC(=O)Cn1c(cc2ccccc12)C(=O)Nc1nc(cs1)-c1ccccc1Cl
QDMXVKKPYBGIAS-UHFFFAOYSA-N,57519510.0,SR-3306,Cc1ccc(cn1)-c1ncn(n1)-c1ccc(Nc2nccc(n2)-c2cccc(c2)N2CCOCC2)cc1
GCVFQRRBTCHIPK-UHFFFAOYSA-N,9850876.0,SR-33805,COc1ccc(CCN(C)CCCOc2ccc(cc2)S(=O)(=O)c2c(C(C)C)c3ccccc3n2C)cc1OC
MTFAYLZZDJGFGV-UHFFFAOYSA-N,70702008.0,SR-3576,COc1cc(NC(=O)c2cccc(c2)-n2cc(NC(=O)Nc3cccc(C)c3)cn2)cc(OC)c1OC
OQWZIAVXCYIZNN-OAQYLSRUSA-N,93600633.0,SR-3677,CN(C)CCOc1cc(ccc1NC(=O)[C@H]1COc2ccccc2O1)-c1cn[nH]c1
WPVVMKYQOMJPIN-UHFFFAOYSA-N,131747.0,SR-57227A,NC1CCN(CC1)c1cccc(Cl)n1
VFDHMSXXELYMRW-ICSRJNTNSA-N,5311452.0,SR-59230A,CCc1ccccc1OC[C@@H](O)CN[C@H]1CCCc2ccccc12
RUTYAHFAKWVMNH-UHFFFAOYSA-N,195165.0,SR-95639A,C(CN1CCOCC1)Nc1cc2CCCc3ccccc3-c2nn1
DMWVGXGXHPOEPT-UHFFFAOYSA-N,1474853.0,SRC-kinase-inhibitor-I,COc1cc2ncnc(Nc3ccc(Oc4ccccc4)cc3)c2cc1OC
DWFGGOFPIISJIT-UHFFFAOYSA-N,2797577.0,SRPIN340,FC(F)(F)c1ccc(N2CCCCC2)c(NC(=O)c2ccncc2)c1
IASPBORHOMBZMY-UHFFFAOYSA-N,24180125.0,SRT1720,O=C(Nc1ccccc1-c1cn2c(CN3CCNCC3)csc2n1)c1cnc2ccccc2n1
LAMQVIQMVKWXOC-UHFFFAOYSA-N,25108829.0,SRT2104,Cc1nc(sc1C(=O)Nc1ccccc1-c1cn2c(CN3CCOCC3)csc2n1)-c1cccnc1
QVKPEMXUBULFBM-FZMZJTMJSA-N,59149652.0,SRT3190,C[C@H](Nc1cc(NS(=O)(=O)N2CCC2)nc(SCc2cccc(F)c2F)n1)[C@@H](O)CO
SNMCWIDCSPHZRD-UHFFFAOYSA-N,11347895.0,SSR128129E,COc1c(C)c(C(=O)c2ccc(N)c(c2)C(O)=O)n2ccccc12
RXLOZRCLQMJJLC-UHFFFAOYSA-N,9797360.0,SSR180711,Brc1ccc(OC(=O)N2CC[N@@]3CC[C@H]2CC3)cc1
QGWIQIAWOCJRPI-WSCVWKGISA-N,9853583.0,SSR240612,COc1ccc2cc(ccc2c1)S(=O)(=O)N[C@H](CC(=O)N[C@H](Cc1ccc(CN2[C@@H](C)CCC[C@H]2C)cc1)C(=O)N(C)C(C)C)c1ccc2OCOc2c1
CYYQMAWUIRPCNW-UHFFFAOYSA-N,9860294.0,ST-1535,CCCCc1nc(N)c2nc(-n3nccn3)n(C)c2n1
ZPANWZBSGMDWON-UHFFFAOYSA-N,14187.0,ST-1859,Oc1ccc2ccccc2c1Cc1c(O)ccc2ccccc12
HBLHLJXFIPCEMW-ZJSFPPFMSA-N,24808138.0,ST-2825,NC(=O)[C@H]1CCS[C@@H]2C[C@]3(CCCN3C(=O)Cc3ccc(NC(=O)COc4ccc(Cl)cc4Cl)cc3)C(=O)N12
IALHTUPVRAQZFI-UHFFFAOYSA-N,20864.0,ST-91,CCc1cccc(CC)c1NC1=NCCN1
HSKAZIJJKRAJAV-KOEQRZSOSA-N,10173277.0,STA-5326,Cc1cccc(\C=N\Nc2cc(nc(OCCc3ccccn3)n2)N2CCOCC2)c1
HWNUSGNZBAISFM-UHFFFAOYSA-N,252682.0,STAT3-inhibitor-VI,Cc1ccc(cc1)S(=O)(=O)OCC(=O)Nc1ccc(C(O)=O)c(O)c1
LKBFFDOJUKLQNY-UHFFFAOYSA-N,5278.0,statil,OC(=O)Cc1nn(Cc2ccc(Br)cc2F)c(=O)c2ccccc12
ZRRGOUHITGRLBA-UHFFFAOYSA-N,2779853.0,stattic,[O-][N+](=O)c1ccc2C=CS(=O)(=O)c2c1
XNKLLVCARDGLGL-JGVFFNPUSA-N,18283.0,stavudine,Cc1cn([C@@H]2O[C@H](CO)C=C2)c(=O)[nH]c1=O
BGFHMYJZJZLMHW-UHFFFAOYSA-N,46199207.0,stemregenin-1,CC(C)n1cnc2c(NCCc3ccc(O)cc3)nc(nc12)-c1csc2ccccc12
JNYSEDHQJCOWQU-ZCFIWIBFSA-N,37888256.0,stepronin,C[C@@H](SC(=O)c1cccs1)C(=O)NCC(O)=O
BFZHCUBIASXHPK-QJSKAATBSA-N,92730.0,stetaderm,CC(=O)[C@H]1CC[C@H]2[C@@H]3CCC4=CC(=O)CC[C@]4(C)[C@H]3[C@H](O)C[C@]12C
TVIVJHZHPKNDAQ-MHWRWJLKSA-N,135398515.0,STF-083010,Oc1ccc2ccccc2c1\C=N\S(=O)(=O)c1cccs1
DLFCEZOMHBPDGI-UHFFFAOYSA-N,20916937.0,STF-118804,Cc1oc(nc1CS(=O)(=O)c1ccc(C)cc1)-c1ccc(cc1)C(=O)NCc1cccnc1
NGQPRVWTFNBUHA-UHFFFAOYSA-N,984333.0,STF-31,CC(C)(C)c1ccc(cc1)S(=O)(=O)NCc1ccc(cc1)C(=O)Nc1cccnc1
KATNUHQNJGNLPW-UHFFFAOYSA-N,704473.0,STF-62247,Cc1cccc(Nc2nc(cs2)-c2ccncc2)c1
HCXVJBMSMIARIN-PHZDYDNGSA-N,5280794.0,stigmasterol,CC[C@H](\C=C\[C@@H](C)[C@H]1CC[C@H]2[C@@H]3CC=C4C[C@@H](O)CC[C@]4(C)[C@H]3CC[C@]12C)C(C)C
IBLNKMRFIPWSOY-IYNGYCSASA-N,25271730.0,stiripentol,CC(C)(C)[C@@H](O)\C=C\c1ccc2OCOc2c1
CYJQCYXRNNCURD-DGCLKSJQSA-N,108089.0,stobadine,CN1CC[C@H]2Nc3ccc(C)cc3[C@H]2C1
UCSJYZPVAKXKNQ-HZYVHMACSA-N,19649.0,streptomycin,CN[C@H]1[C@H](O)[C@@H](O)[C@H](CO)O[C@H]1O[C@H]1[C@H](O[C@H]2[C@H](O)[C@@H](O)[C@H](NC(N)=N)[C@@H](O)[C@@H]2NC(N)=N)O[C@@H](C)[C@]1(O)C=O
BKWHZSFINQBEQH-GKHCUFPYSA-N,124202159.0,streptozotocin,CN([NH2+][O-])C(=O)N[C@H]1[C@@H](O)O[C@H](CO)[C@@H](O)[C@@H]1O
TWHPPRXFYWSOQF-UHFFFAOYSA-J,,strontium-ranelate,OC1=CN(C=C(O)O[Sr]O1)c1sc2c(CC(=O)O[Sr]OC2=O)c1C#N
QMGVPVSNSZLJIA-FVWCLLPLSA-N,441071.0,strychnine,O=C1C[C@@H]2OCC=C3CN4CC[C@@]56[C@@H]4C[C@@H]3[C@@H]2[C@@H]5N1c1ccccc61
CTNPALGJUAXMMC-PMFHANACSA-N,10138259.0,SU014813,Cc1[nH]c(\C=C2/C(=O)Nc3ccc(F)cc23)c(C)c1C(=O)NC[C@H](O)CN1CCOCC1
FPYJSJDOHRDAMT-KQWNVCNZSA-N,9549297.0,SU11274,CN(c1cccc(Cl)c1)S(=O)(=O)c1ccc2NC(=O)\C(=C/c3[nH]c(C)c(C(=O)N4CCN(C)CC4)c3C)c2c1
APYYTEJNOZQZNA-MOSHPQCFSA-N,5329150.0,SU16f,Cc1[nH]c(\C=C2/C(=O)Nc3cc(ccc23)-c2ccccc2)c(C)c1CCC(O)=O
NQQBNZBOOHHVQP-UHFFFAOYSA-N,11837140.0,SU3327,Nc1nnc(Sc2ncc(s2)[N+]([O-])=O)s1
UAKWLVYMKBWHMX-PTNGSMBKSA-N,6450842.0,SU4312,CN(C)c1ccc(\C=C2/C(=O)Nc3ccccc23)cc1
QNUKRWAIZMBVCU-WCIBSUBMSA-N,5289419.0,SU9516,COc1ccc2NC(=O)\C(=C/c3cnc[nH]3)c2c1
ADNPLDHMAVUMIW-CUZNLEPHSA-N,36511.0,substance-P,CSCC[C@H](NC(=O)[C@H](CC(C)C)NC(=O)CNC(=O)[C@H](Cc1ccccc1)NC(=O)[C@H](Cc1ccccc1)NC(=O)[C@H](CCC(N)=O)NC(=O)[C@H](CCC(N)=O)NC(=O)[C@@H]1CCCN1C(=O)[C@H](CCCCN)NC(=O)[C@@H]1CCCN1C(=O)[C@@H](N)CCCNC(N)=N)C(N)=O
WVAKABMNNSMCDK-UHFFFAOYSA-N,11033.0,sulfacarbamide,NC(=O)NS(=O)(=O)c1ccc(N)cc1
KDYFGRWQOYBRFD-UHFFFAOYSA-N,21952380.0,succinic-acid,OC(=O)CCC(O)=O
RKSMVPNZHBRNNS-UHFFFAOYSA-N,216325.0,succinobucol,CC(C)(C)c1cc(SC(C)(C)Sc2cc(c(OC(=O)CCC(O)=O)c(c2)C(C)(C)C)C(C)(C)C)cc(c1O)C(C)(C)C
AXOIZCJOOAYSMI-UHFFFAOYSA-N,5314.0,succinylcholine-chloride,C[N+](C)(C)CCOC(=O)CCC(=O)OCC[N+](C)(C)C
SKVLYVHULOWXTD-UHFFFAOYSA-N,5315.0,succinylsulfathiazole,OC(=O)CCC(=O)Nc1ccc(cc1)S(=O)(=O)Nc1nccs1
DTULOKYBGCTCFP-QRLOXDDHSA-A,,sucralfate,O[Al](O)O.O[Al](O)O.O[Al](O)O.O[Al](O)O.O[Al](O)O.O[Al](O)O.O[Al](O)O.O[Al](O)O.O[Al](O)OS(=O)(=O)OC[C@H]1O[C@@](COS(=O)(=O)O[Al](O)O)(O[C@H]2O[C@H](COS(=O)(=O)O[Al](O)O)[C@@H](OS(=O)(=O)O[Al](O)O)[C@H](OS(=O)(=O)O[Al](O)O)[C@H]2OS(=O)(=O)O[Al](O)O)[C@@H](OS(=O)(=O)O[Al](O)O)[C@@H]1OS(=O)(=O)O[Al](O)O
BAQAVOSOZGMPRM-QBMZZYIRSA-N,71485.0,sucralose,OC[C@H]1O[C@H](O[C@]2(CCl)O[C@H](CCl)[C@@H](O)[C@@H]2O)[C@H](O)[C@@H](O)[C@H]1Cl
CZMRCDWAGMRECN-UGDNZRGBSA-N,5988.0,sucrose,OC[C@H]1O[C@@](CO)(O[C@H]2O[C@H](CO)[C@@H](O)[C@H](O)[C@H]2O)[C@@H](O)[C@@H]1O
ZIJKGAXBCRWEOL-SAXBRCJISA-N,31340.0,sucrose-octaacetate,CC(=O)OC[C@H]1O[C@@](COC(C)=O)(O[C@H]2O[C@H](COC(C)=O)[C@@H](OC(C)=O)[C@H](OC(C)=O)[C@H]2OC(C)=O)[C@@H](OC(C)=O)[C@@H]1OC(C)=O
RCTGMCJBQGBLKT-PAMTUDGESA-N,,sudan-IV,Cc1ccccc1\N=N\c1ccc(\N=N\c2c(O)ccc3ccccc23)c(C)c1
UCQSBGOFELXYIN-UHFFFAOYSA-N,3038517.0,sufugolix,CONC(=O)Nc1ccc(cc1)-c1sc2n(Cc3c(F)cccc3F)c(=O)n(-c3ccccc3)c(=O)c2c1CN(C)Cc1ccccc1
WHRODDIHRRDWEW-WXUQZJQRSA-N,,sugammadex,O[C@H]1[C@H](O)[C@H]2O[C@@H]3O[C@@H](CSCCC(O)=O)[C@H](O[C@@H]4O[C@@H](CSCCC(O)=O)[C@H](O[C@@H]5O[C@@H](CSCCC(O)=O)[C@H](O[C@@H]6O[C@@H](CSCCC(O)=O)[C@H](O[C@@H]7O[C@@H](CSCCC(O)=O)[C@H](O[C@@H]8O[C@@H](CSCCC(O)=O)[C@H](O[C@@H]9O[C@@H](CSCCC(O)=O)[C@H](O[C@@H]1O[C@H]2CSCCC(O)=O)[C@@H](O)[C@@H]9O)[C@@H](O)[C@@H]8O)[C@@H](O)[C@@H]7O)[C@@H](O)[C@@H]6O)[C@@H](O)[C@@H]5O)[C@@H](O)[C@@H]4O)[C@@H](O)[C@@H]3O
FKENQMMABCRJMK-RITPCOANSA-N,130313.0,sulbactam,CC1(C)[C@@H](N2[C@@H](CC2=O)S1(=O)=O)C(O)=O
OHPVYKXTRACOSQ-NXEZZACHSA-N,40537219.0,sulbactam-pivoxil,CC(C)(C)C(=O)OCOC(=O)[C@H]1N2[C@@H](CC2=O)S(=O)(=O)C1(C)C
QFVAWNPSRQWSDU-UHFFFAOYSA-N,67686.0,sulbentine,S=C1SCN(Cc2ccccc2)CN1Cc1ccccc1
CKHJPWQVLKHBIH-GPAWKIAZSA-N,3002120.0,sulbutiamine,CC(C)C(=O)OCC\C(SS\C(CCOC(=O)C(C)C)=C(/C)N(Cc1cnc(C)nc1N)C=O)=C(\C)N(Cc1cnc(C)nc1N)C=O
AFNXATANNDIXLG-SFHVURJKSA-N,6604421.0,sulconazole,Clc1ccc(CS[C@@H](Cn2ccnc2)c2ccc(Cl)cc2Cl)cc1
PBCZLFBEBARBBI-UHFFFAOYSA-N,5319.0,sulfabenzamide,Nc1ccc(cc1)S(=O)(=O)NC(=O)c1ccccc1
SKIVFJLNDNKQPD-UHFFFAOYSA-N,5320.0,sulfacetamide,CC(=O)NS(=O)(=O)c1ccc(N)cc1
XOXHILFPRYWFOD-UHFFFAOYSA-N,6634.0,sulfachlorpyridazine,Nc1ccc(cc1)S(=O)(=O)Nc1ccc(Cl)nn1
SEEPANYCNGTZFQ-UHFFFAOYSA-N,5215.0,sulfadiazine,Nc1ccc(cc1)S(=O)(=O)Nc1ncccn1
PJSFRIWCGOHTNF-UHFFFAOYSA-N,17134.0,sulfadoxine,COc1ncnc(NS(=O)(=O)c2ccc(N)cc2)c1OC
NHUHCSRWZMLRLA-UHFFFAOYSA-N,5344.0,sulfafurazole,Cc1noc(NS(=O)(=O)c2ccc(N)cc2)c1C
BRBKOPJOKNSWSG-UHFFFAOYSA-N,5324.0,sulfaguanidine,NC(=N)NS(=O)(=O)c1ccc(N)cc1
QPPBRPIAZZHUNT-UHFFFAOYSA-N,5325.0,sulfamerazine,Cc1ccnc(NS(=O)(=O)c2ccc(N)cc2)n1
GPTONYMQFTZPKC-UHFFFAOYSA-N,5326.0,sulfameter,COc1cnc(NS(=O)(=O)c2ccc(N)cc2)nc1
ASWVTGNCAZCNNR-UHFFFAOYSA-N,5327.0,sulfamethazine,Cc1cc(C)nc(NS(=O)(=O)c2ccc(N)cc2)n1
VACCAVUAMIDAGB-UHFFFAOYSA-N,5328.0,sulfamethizole,Cc1nnc(NS(=O)(=O)c2ccc(N)cc2)s1
JLKIGFTWXXRPMT-UHFFFAOYSA-N,5329.0,sulfamethoxazole,Cc1cc(NS(=O)(=O)c2ccc(N)cc2)no1
VLYWMPOKSSWJAL-UHFFFAOYSA-N,5330.0,sulfamethoxypyridazine,COc1ccc(NS(=O)(=O)c2ccc(N)cc2)nn1
KXRZBTAEDBELFD-UHFFFAOYSA-N,9047.0,sulfametopyrazine,COc1nccnc1NS(=O)(=O)c1ccc(N)cc1
WMPXPUYPYQKQCX-UHFFFAOYSA-N,5332.0,sulfamonomethoxine,COc1cc(NS(=O)(=O)c2ccc(N)cc2)ncn1
CYFLXLSBHQBMFT-UHFFFAOYSA-N,12894.0,sulfamoxole,Cc1nc(NS(=O)(=O)c2ccc(N)cc2)oc1C
FDDDEECHVMSUSB-UHFFFAOYSA-N,5333.0,sulfanilamide,Nc1ccc(cc1)S(N)(=O)=O
RIUORJCWAHCMSA-UHFFFAOYSA-L,64741.0,sulfanilate-zinc,Nc1ccc(cc1)S(=O)(=O)O[Zn]OS(=O)(=O)c1ccc(N)cc1
GWBPFRGXNGPPMF-UHFFFAOYSA-N,5334.0,sulfanitran,CC(=O)Nc1ccc(cc1)S(=O)(=O)Nc1ccc(cc1)[N+]([O-])=O
QWCJHSGMANYXCW-UHFFFAOYSA-N,5335.0,sulfaphenazole,Nc1ccc(cc1)S(=O)(=O)Nc1ccnn1-c1ccccc1
GECHUMIMRBOMGK-UHFFFAOYSA-N,5336.0,sulfapyridine,Nc1ccc(cc1)S(=O)(=O)Nc1ccccn1
NHZLNPMOSADWGC-UHFFFAOYSA-N,5338.0,sulfaquinoxaline,Nc1ccc(cc1)S(=O)(=O)Nc1cnc2ccccc2n1
NCEXYHBECQHGNR-QZQOTICOSA-N,,sulfasalazine,OC(=O)c1cc(ccc1O)\N=N\c1ccc(cc1)S(=O)(=O)Nc1ccccn1
JNMRHUJNCSQMMB-UHFFFAOYSA-N,5340.0,sulfathiazole,Nc1ccc(cc1)S(=O)(=O)Nc1nccs1
TTZSNFLLYPYKIL-UHFFFAOYSA-N,52920501.0,sulfatinib,CN(C)CCNS(=O)(=O)Cc1cccc(Nc2nccc(Oc3ccc4[nH]c(C)cc4c3)n2)c1
MBGGBVCUIVRRBF-LJAQVGFWSA-N,25273605.0,sulfinpyrazone,O=C1C(CC[S@](=O)c2ccccc2)C(=O)N(N1c1ccccc1)c1ccccc1
YZMCKZRAOLZXAZ-UHFFFAOYSA-N,5343.0,sulfisomidin,Cc1cc(NS(=O)(=O)c2ccc(N)cc2)nc(C)n1
JFNWFXVFBDDWCX-UHFFFAOYSA-N,6662.0,sulfisoxazole-acetyl,CC(=O)N(c1onc(C)c1C)S(=O)(=O)c1ccc(N)cc1
SUVMJBTUFCVSAD-SNVBAGLBSA-N,9577379.0,sulforaphane,C[S@@](=O)CCCCN=C=S
MLKXDPUZXIRXEP-LQVWSKNFSA-N,16046677.0,sulindac,CC1=C(CC(O)=O)c2cc(F)ccc2\C1=C/c1ccc(cc1)[S@@](C)=O
CXVGEDCSTKKODG-UHFFFAOYSA-N,19988.0,sulisobenzone,COc1cc(O)c(cc1S(O)(=O)=O)C(=O)c1ccccc1
XMFCOYRWYYXZMY-HXUWFJFHSA-N,11859211.0,sulmazole,COc1cc(ccc1-c1nc2ncccc2[nH]1)[S@@](C)=O
MVOUIYUWRXPNKD-UHFFFAOYSA-N,65790.0,sulmetozine,COc1cc(cc(OC)c1OC)C(=S)N1CCOCC1
BFCDFTHTSVTWOG-YLJYHZDGSA-N,657255.0,suloctidil,CCCCCCCCN[C@H](C)[C@@H](O)c1ccc(SC(C)C)cc1
FLSUCZWOEMTFAQ-PRBGKLEPSA-N,9950244.0,sulopenem,C[C@@H](O)[C@@H]1[C@H]2SC(S[C@H]3CC[S@@](=O)C3)=C(N2C1=O)C(O)=O
ZZORFUFYDOWNEF-UHFFFAOYSA-N,5323.0,sulphadimethoxine,COc1cc(NS(=O)(=O)c2ccc(N)cc2)nc(OC)n1
SNKZJIOFVMKAOJ-UHFFFAOYSA-N,6991996.0,tramiprosate,NCCCS(O)(=O)=O
BGRJTUBHPOOWDU-LLVKDONJSA-N,643497.0,sulpiride,CCN1CCC[C@@H]1CNC(=O)c1cc(ccc1OC)S(N)(=O)=O
OPYGFNJSCUDTBT-PMLPCWDUSA-N,444022.0,sultamicillin,CC1(C)S[C@@H]2[C@H](NC(=O)[C@H](N)c3ccccc3)C(=O)N2[C@H]1C(=O)OCOC(=O)[C@@H]1N2[C@@H](CC2=O)S(=O)(=O)C1(C)C
HMHVCUVYZFYAJI-UHFFFAOYSA-N,5356.0,sultiame,NS(=O)(=O)c1ccc(cc1)N1CCCCS1(=O)=O
UNRHXEPDKXPRTM-ZDUSSCGKSA-N,29010876.0,sultopride,CCN1CCC[C@H]1CNC(=O)c1cc(ccc1OC)S(=O)(=O)CC
RKZSNTNMEFVBDT-MRVPVSSYSA-N,9818479.0,sumanirole,CN[C@@H]1Cc2cccc3[nH]c(=O)n(C1)c23
KQKPFRSPSRPDEB-UHFFFAOYSA-N,5358.0,sumatriptan,CNS(=O)(=O)Cc1ccc2[nH]cc(CCN(C)C)c2c1
KCODNOOPOPTZMO-UHFFFAOYSA-N,22245705.0,SUN-11602,CN(C1CCN(Cc2ccc(cc2)C(N)=O)CC1)C(=O)CNc1c(C)c(C)c(N)c(C)c1C
SGJLINMLDNLWOS-CXUHLZMHSA-N,,SUN-B-8155,C\C(=N/c1ccccc1N)c1c(C)cc(=O)n(O)c1O
WINHZLLDWRZWRT-ATVHPVEESA-N,5329102.0,sunitinib,CCN(CC)CCNC(=O)c1c(C)[nH]c(\C=C2/C(=O)Nc3ccc(F)cc23)c1C
DYZJXZOQQRXDLE-CQSZACIVSA-O,9957601.0,suplatast,CCOC[C@@H](O)COc1ccc(NC(=O)CC[S+](C)C)cc1
MDKGKXOCJGEUJW-SECBINFHSA-N,688581.0,suprofen,C[C@@H](C(O)=O)c1ccc(cc1)C(=O)c1cccs1
FIAFUQMPZJWCLV-UHFFFAOYSA-N,5361.0,suramin,Cc1ccc(cc1NC(=O)c1cccc(NC(=O)Nc2cccc(c2)C(=O)Nc2cc(ccc2C)C(=O)Nc2ccc(c3cc(cc(c23)S(O)(=O)=O)S(O)(=O)=O)S(O)(=O)=O)c1)C(=O)Nc1ccc(c2cc(cc(c12)S(O)(=O)=O)S(O)(=O)=O)S(O)(=O)=O
IWDUZEHNLHFBRZ-UHFFFAOYSA-N,25431.0,suritozole,Cn1nc(-c2cccc(F)c2)n(C)c1=S
FNDDDNOJWPQCBZ-ZDUSSCGKSA-N,465951.0,sutezolid,CC(=O)NC[C@H]1CN(C(=O)O1)c1ccc(N2CCSCC2)c(F)c1
ONWXNHPOAGOMTG-UHFFFAOYSA-N,5362.0,suxibuzone,CCCCC1(COC(=O)CCC(O)=O)C(=O)N(N(C1=O)c1ccccc1)c1ccccc1
FXUAIOOAOAVCGD-WCTZXXKLSA-N,51683.0,swainsonine,O[C@@H]1CN2CCC[C@@H](O)[C@@H]2[C@@H]1O
GUTYHDCSDBBMGW-UHFFFAOYSA-N,9935015.0,SX-011,CN(C)C(=O)C(=O)c1cn(C)c2cc(Cl)c(cc12)C(=O)N1CCC(Cc2ccc(F)cc2)CC1
JIWDGIYBLGMPRV-UHFFFAOYSA-N,9837165.0,SY-640,CN(Cc1ccc2OCOc2c1)C(C)=O
KRKRAOXTGDJWNI-DMTCNVIQSA-N,95883.0,SYM-2081,C[C@H](C[C@H](N)C(O)=O)C(O)=O
OFUDZKKOKPGXOH-LBPRGKRZSA-N,92209239.0,SYM-2206,CCCNC(=O)N1N=C(c2ccc(N)cc2)c2cc3OCOc3cc2[C@@H]1C
YRIZYWQGELRKNT-UHFFFAOYSA-N,6909.0,symclosene,Cln1c(=O)n(Cl)c(=O)n(Cl)c1=O
YRCWQPVGYLYSOX-SECBINFHSA-N,667452.0,synephrine,CNC[C@@H](O)c1ccc(O)cc1
FRPJSHKMZHWJBE-UHFFFAOYSA-N,2777391.0,T-0070907,[O-][N+](=O)c1ccc(Cl)c(c1)C(=O)Nc1ccncc1
JEMJAABFSYOLAP-UHFFFAOYSA-N,5368.0,T-0156,COC(=O)c1c(-c2cc(OC)c(OC)c(OC)c2)c2ccnc(OCc3ncccn3)c2c(=O)n1Cc1ccnc(C)c1
SGIWFELWJPNFDH-UHFFFAOYSA-N,447912.0,T-0901317,OC(c1ccc(cc1)N(CC(F)(F)F)S(=O)(=O)c1ccccc1)(C(F)(F)F)C(F)(F)F
BXNCIERBDJYIQT-PRDVQWLOSA-N,6918410.0,T-1095,COC(=O)OC[C@H]1O[C@@H](Oc2cc(C)cc(O)c2C(=O)CCc2ccc3occc3c2)[C@H](O)[C@@H](O)[C@@H]1O
DALCQQSLNPLQFZ-UHFFFAOYSA-N,23626877.0,T-5224,OC(=O)CCc1cc(ccc1OCc1ccc2c(c1)o[nH]c2=O)C(=O)c1ccc(OC2CCCC2)cc1O
XVOKFRPKSAWELK-UHFFFAOYSA-N,9438169.0,T-5601640,Cc1cc(on1)C(=O)Nc1cccc(c1)C(=O)Nc1cccc(c1)C(F)(F)F
OTZVBZFYMFTYKH-UHFFFAOYSA-N,855908.0,T-62,Nc1sc2CCCCc2c1C(=O)c1ccc(Cl)cc1
GETAAWDSFUCLBS-UHFFFAOYSA-N,71059746.0,T-807,Fc1ccc(cn1)-c1ccc2c(c1)[nH]c1ccncc21
TWPJJJZCYVFUOA-UHFFFAOYSA-N,91691129.0,TA-01,Fc1ccc(cc1)-c1[nH]c(nc1-c1ccncc1)-c1c(F)cccc1F
WURGZWOTGMLDJP-ZCYANPAGSA-N,9810101.0,tabimorelin,CNC(=O)[C@@H](Cc1ccccc1)N(C)C(=O)[C@@H](Cc1ccc2ccccc2c1)N(C)C(=O)\C=C\CC(C)(C)N
BJYLYJCXYAMOFT-RSFVBTMBSA-N,5283734.0,tacalcitol,CC(C)[C@H](O)CC[C@@H](C)[C@H]1CC[C@H]2\C(CCC[C@]12C)=C\C=C1\C[C@@H](O)C[C@H](O)C1=C
DZFZXPPHBWCXPQ-UHFFFAOYSA-N,24767976.0,TAK-593,Cc1cc(C(=O)Nc2cc(Oc3ccc4nc(NC(=O)C5CC5)cn4n3)ccc2C)n(C)n1
VAZAPHZUAVEOMC-UHFFFAOYSA-N,2746.0,tacedinaline,CC(=O)Nc1ccc(cc1)C(=O)Nc1ccccc1N
YLJREFDVOIBQDA-UHFFFAOYSA-N,1935.0,tacrine,Nc1c2CCCCc2nc2ccccc12
QJJXYPPXXYFBGM-LFZNUXCKSA-N,445643.0,tacrolimus,CO[C@@H]1C[C@@H](CC[C@H]1O)\C=C(/C)[C@H]1OC(=O)[C@@H]2CCCCN2C(=O)C(=O)[C@]2(O)O[C@@H]([C@H](C[C@H]2C)OC)[C@H](C[C@@H](C)C\C(C)=C\[C@@H](CC=C)C(=O)C[C@H](O)[C@H]1C)OC
OJFKUJDRGJSAQB-UHFFFAOYSA-N,46209401.0,TAK-632,Fc1ccc(Oc2ccc3nc(NC(=O)C4CC4)sc3c2C#N)cc1NC(=O)Cc1cccc(c1)C(F)(F)F
WOXKDUGGOYFFRN-IIBYNOLFSA-N,110635.0,tadalafil,CN1CC(=O)N2[C@H](Cc3c([nH]c4ccccc34)[C@H]2c2ccc3OCOc3c2)C1=O
TXEIIPDJKFWEEC-UHFFFAOYSA-N,11001318.0,tafamidis-meglumine,OC(=O)c1ccc2nc(oc2c1)-c1cc(Cl)cc(Cl)c1
LBHLFPGPEGDCJG-HNNXBMFYSA-N,76969188.0,tafenoquine,COc1cc(C)c2c(Oc3cccc(c3)C(F)(F)F)c(OC)cc(N[C@@H](C)CCCN)c2n1
WSNODXPBBALQOF-VEJSHDCNSA-N,9868491.0,tafluprost,CC(C)OC(=O)CCC\C=C/C[C@H]1[C@@H](O)C[C@@H](O)[C@@H]1\C=C\C(F)(F)COc1ccccc1
BJHIKXHVCXFQLS-PQLUHFTBSA-N,92092.0,tagatose,OC[C@@H](O)[C@H](O)[C@H](O)C(=O)CO
KVHRYLNQDWXAGI-UHFFFAOYSA-N,46848915.0,TAK-063,COc1cn(nc(-c2ccnn2-c2ccccc2)c1=O)-c1ccc(cc1F)-n1cccn1
ASSJTMUEFHUKMJ-UHFFFAOYSA-N,5275766.0,TAK-220,CC(=O)N1CCC(CC1)C(=O)N(CCCN1CCC(Cc2ccc(cc2)C(N)=O)CC1)c1ccc(C)c(Cl)c1
KJDAGXLMHXUAGV-DGWLBADLSA-N,71715374.0,TAK-243,NS(=O)(=O)OC[C@H]1C[C@@H](Nc2ccnc3cc(nn23)-c2cccc(SC(F)(F)F)c2)[C@H](O)[C@@H]1O
ZYQXEVJIFYIBHZ-UHFFFAOYSA-N,11620908.0,TAK-285,CC(C)(O)CC(=O)NCCn1ccc2ncnc(Nc3ccc(Oc4cccc(c4)C(F)(F)F)c(Cl)c3)c12
MJHOMTRKVMKCNE-NWDGAFQWSA-N,53252276.0,TAK-659,Cn1cc(cn1)-c1nc(N[C@@H]2CCCC[C@@H]2N)c(F)c2CNC(=O)c12
HEKAIDKUDLCBRU-UHFFFAOYSA-N,9952773.0,TAK-715,CCc1nc(c(s1)-c1ccnc(NC(=O)c2ccccc2)c1)-c1cccc(C)c1
RCLQNICOARASSR-SECBINFHSA-N,24963252.0,TAK-733,Cn1c2ncn(C[C@@H](O)CO)c(=O)c2c(Nc2ccc(I)cc2F)c(F)c1=O
XNHZXMPLVSJQFK-UHFFFAOYSA-O,183790.0,TAK-779,Cc1ccc(cc1)-c1ccc2CCCC(=Cc2c1)C(=O)Nc1ccc(C[N+](C)(C)C2CCOCC2)cc1
BZCALJIHZVNMGJ-HSZRJFAPSA-N,24857286.0,TAK-875,Cc1cc(OCCCS(C)(=O)=O)cc(C)c1-c1cccc(COc2ccc3[C@H](CC(O)=O)COc3c2)c1
WKDACQVEJIVHMZ-UHFFFAOYSA-N,16124208.0,TAK-901,CCS(=O)(=O)c1cccc(c1)-c1cc(C(=O)NC2CCN(C)CC2)c(C)c2[nH]c3ncc(C)cc3c12
GWRSATNRNFYMDI-UHFFFAOYSA-N,53357478.0,TAK-960,COc1cc(C(=O)NC2CCN(C)CC2)c(F)cc1Nc1ncc2N(C)C(=O)C(F)(F)CN(C3CCCC3)c2n1
FKCMADOPPWWGNZ-YUMQZZPRSA-N,6918572.0,talabostat,CC(C)[C@H](N)C(=O)N1CCC[C@H]1B(O)O
SZBGQDXLNMELTB-UHFFFAOYSA-N,49848070.0,taladegib,CN(C1CCN(CC1)c1nnc(-c2ccnn2C)c2ccccc12)C(=O)c1ccc(F)cc1C(F)(F)F
JACAAXNEHGBPOQ-LLVKDONJSA-N,164509.0,talampanel,C[C@@H]1Cc2cc3OCOc3cc2C(=NN1C(C)=O)c1ccc(N)cc1
SIEXFRDYNDREBM-WSUYNKMOSA-N,,talaporfin,CCc1c(C)c2cc3[nH]c(cc4nc([C@@H](CCC(O)=O)[C@@H]4C)c(CC(=O)N[C@@H](CC(O)=O)C(O)=O)c4nc(cc1[nH]2)c(C)c4C(O)=O)c(C)c3C=C
SNFYYXUGUBUECJ-FQEVSTJZSA-N,76958553.0,talarozole,CCC(CC)[C@@H](c1ccc(Nc2nc3ccccc3s2)cc1)n1cncn1
HWGQMRYQVZSGDQ-HZPDHXFCSA-N,135565082.0,talazoparib,Cn1ncnc1[C@@H]1[C@H](Nc2cc(F)cc3c2c1n[nH]c3=O)c1ccc(F)cc1
MXFWWQICDIZSOA-QGZVFWFLSA-N,156154.0,talinolol,CC(C)(C)NC[C@@H](O)COc1ccc(NC(=O)NC2CCCCC2)cc1
DHSSDEDRBUKTQY-UHFFFAOYSA-N,5374.0,talipexole,Nc1nc2CCN(CC=C)CCc2s1
ZMELOYOKMZBMRB-DLBZAZTESA-N,9871074.0,talmapimod,C[C@H]1CN([C@H](C)CN1Cc1ccc(F)cc1)C(=O)c1cc2c(cn(C)c2cc1Cl)C(=O)C(=O)N(C)C
BIAVGWDGIJKWRM-FQEVSTJZSA-N,5311424.0,talnetant,CC[C@H](NC(=O)c1c(O)c(nc2ccccc12)-c1ccccc1)c1ccccc1
ANMLJLFWUCQGKZ-HXUWFJFHSA-N,25273599.0,talniflumate,FC(F)(F)c1cccc(Nc2ncccc2C(=O)O[C@H]2OC(=O)c3ccccc23)c1
NKANXQFJJICGDU-QPLCGJKRSA-N,2733526.0,tamoxifen,CC\C(=C(/c1ccccc1)c1ccc(OCCN(C)C)cc1)c1ccccc1
LJBBMCNHIUJBDU-FQEVSTJZSA-N,76958671.0,talopram,CNCCC[C@]1(OC(C)(C)c2ccccc12)c1ccccc1
XVFJONKUSLSKSW-JTQLQIEISA-N,71792.0,talsaclidine,C#CCO[C@H]1CN2CCC1CC2
LQZAIAZUDWIVPM-SRVKXCTJSA-N,114750.0,taltirelin,CN1C(=O)C[C@H](NC1=O)C(=O)N[C@@H](Cc1cnc[nH]1)C(=O)N1CCC[C@H]1C(N)=O
CNTMOLDWXSVYKD-PSRNMDMQSA-N,6918637.0,taltobulin,CN[C@H](C(=O)N[C@H](C(=O)N(C)[C@H](\C=C(/C)C(O)=O)C(C)C)C(C)(C)C)C(C)(C)c1ccccc1
FKMJXALNHKIDOD-LBPRGKRZSA-N,1550286.0,TAME,COC(=O)[C@H](CCCNC(N)=N)NS(=O)(=O)c1ccc(C)cc1
MUTNCGKQJGXKEM-UHFFFAOYSA-N,108143.0,tamibarotene,CC1(C)CCC(C)(C)c2cc(NC(=O)c3ccc(cc3)C(O)=O)ccc12
ATFXVNUWQOXRRU-UHFFFAOYSA-N,53466958.0,taminadenant,Nc1nc(nc(c1Br)-n1cccn1)-n1cccn1
DRHKJLXJIQTDTD-OAHLLOKOSA-N,129211.0,tamsulosin,CCOc1ccccc1OCCN[C@H](C)Cc1ccc(OC)c(c1)S(N)(=O)=O
PYVFWTPEBMRKSR-UHFFFAOYSA-N,4369524.0,tanaproget,Cn1c(ccc1-c1ccc2NC(=S)OC(C)(C)c2c1)C#N
CEIJFEGBUDEYSX-FZDBZEDMSA-N,91273.0,tandospirone,O=C1[C@H]2[C@@H]3CC[C@@H](C3)[C@H]2C(=O)N1CCCCN1CCN(CC1)c1ncccn1
UXXQOJXBIDBUAC-UHFFFAOYSA-N,3038522.0,tandutinib,COc1cc2c(ncnc2cc1OCCCN1CCCCC1)N1CCN(CC1)C(=O)Nc1ccc(OC(C)C)cc1
AYUNIORJHRXIBJ-FBDSWQSESA-N,59996479.0,tanespimycin,CO[C@H]1C[C@H](C)CC2=C(NCC=C)C(=O)C=C(NC(=O)\C(C)=C\C=C/[C@H](OC)[C@@H](OC(N)=O)\C(C)=C\[C@H](C)[C@H]1O)C2=O
QLYKJCMUNUWAGO-GAJHUEQPSA-N,11226090.0,taranabant,C[C@H](NC(=O)C(C)(C)Oc1ccc(cn1)C(F)(F)F)[C@@H](Cc1ccc(Cl)cc1)c1cccc(c1)C#N
ULSUXBXHSYSGDT-UHFFFAOYSA-N,68077.0,tangeritin,COc1ccc(cc1)-c1cc(=O)c2c(OC)c(OC)c(OC)c(OC)c2o1
LRBQNJMCXXYXIU-PPKXGCFTSA-N,16129778.0,tannic-acid,Oc1cc(cc(O)c1O)C(=O)Oc1cc(cc(O)c1O)C(=O)OC[C@H]1O[C@@H](OC(=O)c2cc(O)c(O)c(OC(=O)c3cc(O)c(O)c(O)c3)c2)[C@H](OC(=O)c2cc(O)c(O)c(OC(=O)c3cc(O)c(O)c(O)c3)c2)[C@@H](OC(=O)c2cc(O)c(O)c(OC(=O)c3cc(O)c(O)c(O)c3)c2)[C@@H]1OC(=O)c1cc(O)c(O)c(OC(=O)c2cc(O)c(O)c(O)c2)c1
AIGAZQPHXLWMOJ-UHFFFAOYSA-N,114917.0,tanshinone-I,Cc1coc-2c1C(=O)C(=O)c1c-2ccc2c(C)cccc12
HYXITZLLTYIPOF-UHFFFAOYSA-N,164676.0,tanshinone-IIA,Cc1coc-2c1C(=O)C(=O)c1c3CCCC(C)(C)c3ccc-21
ZISJNXNHJRQYJO-CMDGGOBGSA-N,6439522.0,tapinarof,CC(C)c1c(O)cc(\C=C\c2ccccc2)cc1O
MFFBXYNKZHTCEY-UHFFFAOYSA-N,18376177.0,taprenepag,OC(=O)COc1cccc(CN(Cc2ccc(cc2)-n2cccn2)S(=O)(=O)c2cccnc2)c1
UXZDMXYRRQJIBJ-IBGZPJMESA-N,25147683.0,tarafenacin,Fc1cccc(c1)N(Cc1cc(F)c(F)c(F)c1)C(=O)O[C@H]1C[N@@]2CC[C@H]1CC2
BPEGJWRSRHCHSN-UHFFFAOYSA-N,5394.0,temozolomide,Cn1nnc2c(ncn2c1=O)C(N)=O
NTNWOCRCBQPEKQ-YFKPBYRVSA-N,46906075.0,targinine,CNC(=N)NCCC[C@H](N)C(O)=O
LGGHDPFKSSRQNS-UHFFFAOYSA-N,148201.0,tariquidar,COc1cc2CCN(CCc3ccc(NC(=O)c4cc(OC)c(OC)cc4NC(=O)c4cnc5ccccc5c4)cc3)Cc2cc1OC
FEWJPZIEWOKRBE-JCYAYHJZSA-N,444305.0,tartaric-acid,O[C@H]([C@@H](O)C(O)=O)C(O)=O
ROWSTIYZUWEOMM-UHFFFAOYSA-N,135413533.0,TAS-103,CN(C)CCNc1nc2cc(O)ccc2c2-c3ccccc3C(=O)c12
BEUQXVWXFDOSAQ-UHFFFAOYSA-N,51001932.0,taselisib,CC(C)n1nc(C)nc1-c1cn2CCOc3cc(ccc3-c2n1)-c1cnn(c1)C(C)(C)C(N)=O
PTOIAAWZLUQTIO-GXFFZTMASA-N,10220503.0,tasimelteon,CCC(=O)NC[C@@H]1C[C@H]1c1cccc2OCCc12
WWONFUQGBVOKOF-UHFFFAOYSA-N,10160238.0,tasisulam,Clc1ccc(C(=O)NS(=O)(=O)c2ccc(Br)s2)c(Cl)c1
ONDYALNGTUAJDX-UHFFFAOYSA-N,54682876.0,tasquinimod,COc1cccc2n(C)c(=O)c(C(=O)N(C)c3ccc(cc3)C(F)(F)F)c(O)c12
HMCTXMOKMWELFJ-UHFFFAOYSA-N,65666.0,tasuldine,C(Sc1ncccn1)c1cccnc1
XOAAWQZATWQOTB-UHFFFAOYSA-N,4068592.0,taurine,NCCS(O)(=O)=O
WBWWGRHZICKQGZ-HZAMXZRMSA-N,6675.0,taurocholate,C[C@H](CCC(=O)NCCS(O)(=O)=O)[C@H]1CC[C@H]2[C@@H]3[C@H](O)C[C@@H]4C[C@H](O)CC[C@]4(C)[C@H]3C[C@H](O)[C@]12C
URJQSMIFSMHWSP-VVHBOOHCSA-N,119420.0,tauroglycocholate,[H][C@@]1(CC[C@@]2([H])[C@]3([H])[C@H](O)C[C@]4([H])C[C@H](O)CC[C@]4(C)[C@@]3([H])C[C@H](O)[C@]12C)[C@H](C)CCC(=O)NCC(=O)NCCS(O)(=O)=O
AJKIRUJIDFJUKJ-UHFFFAOYSA-N,29566.0,taurolidine,O=S1(=O)CCN(CN2CCS(=O)(=O)NC2)CN1
LFQDNHWZDQTITF-UHFFFAOYSA-N,11499245.0,tavaborole,OB1OCc2cc(F)ccc12
DVJXNXPFYJIACK-ULQDDVLXSA-N,9808372.0,tavilermide,NCCCC[C@@H]1NC(=O)[C@H](CCC(O)=O)NC(=O)c2cc(ccc2OCC[C@H](NC1=O)C(=O)NCC(O)=O)[N+]([O-])=O
CXQWRCVTCMQVQX-LSDHHAIUSA-N,439533.0,taxifolin,O[C@@H]1[C@H](Oc2cc(O)cc(O)c2C1=O)c1ccc(O)c(O)c1
OGQICQVSFDPSEI-UHFFFAOYSA-N,5381.0,tazarotene,CCOC(=O)c1ccc(nc1)C#Cc1ccc2SCCC(C)(C)c2c1
NSQSAUGJQHDYNO-UHFFFAOYSA-N,66558664.0,tazemetostat,CCN(C1CCOCC1)c1cc(cc(C(=O)NCc2c(C)cc(C)[nH]c2=O)c1C)-c1ccc(CN2CCOCC2)cc1
LPQZKKCYTLCDGQ-WEDXCCLWSA-N,123630.0,tazobactam,C[C@]1(Cn2ccnn2)[C@@H](N2[C@@H](CC2=O)S1(=O)=O)C(O)=O
ZXSGSFMORAILEY-HNNXBMFYSA-N,49836057.0,TBA-354,[O-][N+](=O)c1cn2C[C@@H](COc2n1)OCc1ccc(nc1)-c1ccc(OC(F)(F)F)cc1
CSEZCYBVEGIYNG-MFBWXLJUSA-N,90479771.0,TBOA-(DL),N[C@@H]([C@H](OCc1ccccc1)C(O)=O)C(O)=O.N[C@H]([C@@H](OCc1ccccc1)C(O)=O)C(O)=O
XHHRGYCOEVNAKV-ZDUSSCGKSA-N,24783396.0,TC-A-2317,C[C@@H](CCCC(C)(C)O)Nc1nc(Nc2cc(C)n[nH]2)cc(C)c1C#N
SMJAMOAYGIVKRI-UHFFFAOYSA-N,24944925.0,TC-ASK-10,CC(C)(C)c1ccc(cc1)C(=O)Nc1cn2cc(ccc2n1)-n1ccnc1
NEHSERYKENINRH-UHFFFAOYSA-N,71735843.0,TC-E-5002,ON(CCC(O)=O)C(=O)CCCCCCCCC1CC1
ONYWALXTZFPKAS-WINIVTDRSA-N,97289132.0,TC-E-5006,C[C@@H](C(O)=O)c1ccc([C@@H](N2CCC(C)CC2)c2ccc(F)cc2)c(c1)-c1ccc(cc1)C(F)(F)F
NXTBLPPTZRPJCA-IBGZPJMESA-N,25198728.0,TC-F-2,CCn1c2ccccc2n([C@H]2CCCN(C2)c2nccc(n2)-c2cc3ccccc3o2)c1=O
PAEBEUZTAPIOIO-UHFFFAOYSA-N,24776341.0,TC-FPR-43,CC(C)c1c(NC(=O)Nc2ccc(Cl)cc2)c(=O)n(-c2ccccc2)n1C
RLKWQKZPCMICPS-UHFFFAOYSA-N,10220232.0,TC-G-1000,Cc1sc(C)c2c1CCC=C2c1cnc[nH]1
JENSDTKXNVHSSN-UHFFFAOYSA-N,25074316.0,TC-G-1004,COC1CCN(CC1)c1cccc(n1)-c1cc(NC(C)=O)nc(n1)-n1nc(C)cc1C
JQULIQJSYPZQMA-UHFFFAOYSA-N,71450251.0,TC-G-1005,Cc1ccc(C)c(Oc2ccncc2C(=O)N2CCN(C3CC3)c3ccccc23)c1
DRSZMILOMUPIBJ-UHFFFAOYSA-N,91826086.0,TC-G-1008,CNc1nc(NCc2ccc(NS(C)(=O)=O)cc2Cl)cc(n1)-c1ccccn1
WTKBRPXPNAKVEQ-UHFFFAOYSA-N,16070100.0,TC-H-106,Cc1ccc(NC(=O)CCCCCC(=O)Nc2ccccc2N)cc1
XKLHCUGVLCGKKX-RBUKOAKNSA-N,90488948.0,TC-I-15,CC1(C)SCN([C@@H]1C(=O)N[C@@H](CNC(=O)NCc1ccccc1)C(O)=O)S(=O)(=O)c1ccccc1
ADCDUDFEGFKKQH-NRFANRHFSA-N,57326391.0,TC-I-2000,Fc1ccc(NC(=O)N2CCc3ccccc3[C@@H]2c2ccc(cc2)C(F)(F)F)cc1
VSMFCZZEKTVDHM-UHFFFAOYSA-N,135883253.0,TC-I-2014,FC(F)(F)c1ccccc1-c1cc(c2[nH]c(nc2c1)C1=NOC2(C1)CCCCC2)C(F)(F)F
BNALUYKEGYUHQC-UHFFFAOYSA-N,66552906.0,TC-LPA5-4,COc1cccc(c1)-n1nc(cc1-c1ccc(C2CCCCC2)c(Cl)c1)C(O)=O
XDEFNAWAKYQBQY-UHFFFAOYSA-N,70682875.0,TC-Mps1-12,CC(C)(C)Nc1nc(Nc2ccc(cc2)C(N)=O)cc(N)c1C#N
QLKAFHZJICDACE-UHFFFAOYSA-N,53361524.0,TC-N-1752,CC(=O)Nc1cccc(Nc2ncnc(n2)N2CCC(CC2)OCc2ccc(OC(F)(F)F)cc2)c1C
ZQUSYVORYNBGLG-FQEVSTJZSA-N,44157038.0,TC-NTR1-17,COc1cccc(OC)c1-c1cc(nn1-c1ccnc2cc(Cl)ccc12)C(=O)N[C@@H](CC(C)C)C(O)=O
KPTMSQHTGZMEFU-UHFFFAOYSA-N,3376937.0,TC-O-9311,COc1cc(OC)cc(c1)C(=O)NNC(=O)Nc1cccc2ccccc12
KSNHHKZYKYNBEI-NDEPHWFRSA-N,135413563.0,TC-OT-39,CN1CCCN(CC1)C(=S)[C@@H]1CCCN1C(=O)NCc1ccc(cc1C)C(=O)N1Cc2cnn(C)c2Nc2ccccc12
BHJJWVDKNXABFS-UHFFFAOYSA-N,11785878.0,TC-S-7003,CN1CCN(CC1)c1ccc(Nc2ncc3c(n2)n2c(nc4ccccc24)n(-c2c(C)cccc2C)c3=O)cc1
CQKBSRPVZZLCJE-UHFFFAOYSA-N,57523919.0,TC-S-7004,COc1ncc2cc(C(=O)Nc3cc(ccc3Cl)C(=O)NCc3cccc(Cl)c3)c(=O)[nH]c2n1
DAAGOCSHXCDWDY-ZDUSSCGKSA-N,24971422.0,TC-S-7005,C[C@H](Nc1cc2c(noc2cn1)-c1ccc2OCOc2c1)c1ccccc1
NMEUKWOOQOHUNA-UHFFFAOYSA-N,9549300.0,TC-S-7006,Fc1ccc(Nc2c(cnc3cnc(NCc4cccnc4)cc23)C#N)cc1Cl
CDQUJZKBRAFWNG-UHFFFAOYSA-N,70697712.0,TC-S-7009,[O-][N+](=O)c1c(Nc2cc(F)cc(Cl)c2)ccc2nonc12
GVXGVDIXINMAAL-UHFFFAOYSA-N,51346934.0,TC-SP-14,OC(=O)C1CN(Cc2ccc(-c3nc4cc(Cc5ccccc5F)ccc4s3)c(F)c2)C1
FYGREZKTJIXWIH-APDWONGJSA-N,,TC1,O[C@@]12[C@H]3[C@H]4[C@H]5[C@@H]3[C@@H]([C@H]3[C@@H]5C[C@@H]4[C@@H]13)N2CCc1cccc(F)c1
HFZDMKMXPGRKCK-GQCTYLIASA-N,9823180.0,TC2559,CCOc1cncc(\C=C\CCNC)c1
IDLAOWFFKWRNHB-UHFFFAOYSA-N,2729042.0,TCID,Clc1c2C(=O)CC(=O)c2c(Cl)c(Cl)c1Cl
FYIBXBFDXNPBSF-UHFFFAOYSA-N,4787937.0,TCN201,Fc1ccc(cc1Cl)S(=O)(=O)NCc1ccc(cc1)C(=O)NNC(=O)c1ccccc1
LNUXNUNUGIHCPA-VOTSOKGWSA-N,46911068.0,TCN238,Nc1nccc(\C=C\c2ccccc2)n1
RCKYSTKYIVULEK-DEOSSOPVSA-N,44247646.0,TCS-2002,Cc1nnc(o1)-c1ccc2occ(-c3ccc(cc3)[S@](C)=O)c2c1
CLGRAWDGLMENOD-UHFFFAOYSA-N,50925411.0,TCS-21311,CC(C)(O)C(=O)N1CCN(CC1)c1ccc(c(c1)C1=C(C(=O)NC1=O)c1c[nH]c2ccccc12)C(F)(F)F
ZOFZKGFBKISZRI-UHFFFAOYSA-N,44607172.0,TCS-2210,ONC(=O)c1ccc2[nH]c(=O)c(CCCc3ccccc3)nc2c1
ITXAAOWFOURIHK-DEOSSOPVSA-N,11226207.0,TCS-2314,Cc1ccccc1NC(=O)Nc1ccc(CC(=O)N2CCOC[C@H]2C(=O)N2CCC(CC(O)=O)CC2)cc1
WXMCOLGPDOYHNK-UITAMQMPSA-N,2295463.0,TCS-3035,OC(=O)COc1ccc(\C=C2/SC(=O)NC2=O)cc1
FSPQCTGGIANIJZ-UHFFFAOYSA-N,1048845.0,TCS-359,COc1ccc(cc1OC)C(=O)Nc1sc2CCCCc2c1C(N)=O
ZUTUWJYMCADJHD-GFCCVEGCSA-N,1116244.0,TCS-5861528,CC[C@@H](C)c1ccc(NC(=O)Cn2cnc3n(C)c(=O)n(C)c(=O)c23)cc1
DQZMLPMCOMRJOR-MOVGKWKRSA-N,23636017.0,TCS-HDAC6-20b,CC(C)C(=O)SCCCCC[C@H](NC(=O)OC(C)(C)C)C(=O)NC12CC3CC(CC(C3)C1)C2
COFVZFLCAOUMJT-OAQYLSRUSA-N,10408514.0,TCS-OX2-29,COc1cc2CCN(Cc2cc1OC)C(=O)[C@@H](NCc1ccncc1)C(C)(C)C
SVSYJTYGPLVUOZ-UHFFFAOYSA-N,1235170.0,TCS-PIM-1-1,Oc1ccc(Br)cc1-c1cc(-c2ccccc2)c(C#N)c(=O)[nH]1
NWWZMECSQFUIGC-UHFFFAOYSA-O,6918167.0,TCV-309,CCC[n+]1cc(Br)cc(c1)C(=O)N(CCC(=O)NCCOC(=O)N1CCc2ccccc2C1)c1ccccc1
YGIDGBAHDZEYMT-MQFIMZJJSA-N,73774610.0,TD139,OC[C@H]1O[C@@H](S[C@@H]2O[C@H](CO)[C@H](O)[C@@H]([C@H]2O)n2cc(nn2)-c2cccc(F)c2)[C@H](O)[C@H]([C@H]1O)n1cc(nn1)-c1cccc(F)c1
SNUDIPVBUUXCDG-QHSBEEBCSA-N,9892071.0,tebipenem,C[C@@H](O)[C@@H]1[C@H]2[C@@H](C)C(SC3CN(C3)C3=NCCS3)=C(N2C1=O)C(=O)OCOC(=O)C(C)(C)C
OESBDSFYJMDRJY-BAYCTPFLSA-N,158795.0,tecadenoson,OC[C@H]1O[C@H]([C@H](O)[C@@H]1O)n1cnc2c(N[C@@H]3CCOC3)ncnc12
ZVQUCWXZCKWZBP-CQSZACIVSA-N,158797.0,tecalcet,COc1cccc(c1)[C@@H](C)NCCCc1ccccc1Cl
SFOVDSLXFUGAIV-UHFFFAOYSA-N,123618.0,tecastemizole,Fc1ccc(Cn2c(NC3CCNCC3)nc3ccccc23)cc1
CSKDFZIMJXRJGH-VWLPUNTISA-N,16124688.0,tecovirimat,FC(F)(F)c1ccc(cc1)C(=O)NN1C(=O)[C@H]2[C@H]([C@H]3C=C[C@@H]2[C@@H]2C[C@H]32)C1=O
XFALPSLJIHVRKE-GFCCVEGCSA-N,11234049.0,tedizolid,Cn1nnc(n1)-c1ccc(cn1)-c1ccc(cc1F)N1C[C@H](CO)OC1=O
QCGUSIANLFXSGE-GFCCVEGCSA-N,11476460.0,tedizolid-phosphate,Cn1nnc(n1)-c1ccc(cn1)-c1ccc(cc1F)N1C[C@H](COP(O)(O)=O)OC1=O
IKBKZGMPCYNSLU-RGVLZGJSSA-N,135409453.0,tegaserod,CCCCCNC(=N)N\N=C\c1c[nH]c2ccc(OC)cc12
XBEQSQDCBSKCHJ-UHFFFAOYSA-N,23649154.0,tegobuvir,Fc1ccccc1-c1nc2ccn(Cc3ccc(nn3)-c3ccc(cc3C(F)(F)F)C(F)(F)F)cc2n1
BJNLLBUOHPVGFT-SZRRLYCBSA-N,,teicoplanin,CCCCCCCCCC(=O)N[C@@H]1[C@@H](O)[C@H](O)[C@@H](CO)O[C@H]1Oc1c2Oc3ccc(C[C@H]4NC(=O)[C@@H](N)c5ccc(O)c(Oc6cc(O)cc(c6)[C@H](NC4=O)C(=O)N[C@@H]4c(c2)cc1Oc1ccc(cc1Cl)[C@@H](O[C@@H]1O[C@H](CO)[C@@H](O)[C@H](O)[C@H]1NC(C)=O)[C@@H]1NC(=O)[C@H](NC4=O)c2ccc(O)c(c2)-c2c(O[C@H]4O[C@H](CO)[C@@H](O)[C@H](O)[C@@H]4O)cc(O)cc2[C@@H](NC1=O)C(O)=O)c5)cc3Cl
YMWQIYMUNZBOOV-FEHVOAPLSA-N,,teicoplanin-A2-1,CCCCC\C=C\CCC(=O)N[C@@H]1[C@@H](O)[C@H](O)[C@@H](CO)O[C@H]1Oc1c2Oc3ccc(C[C@H]4NC(=O)[C@H](N)c5ccc(O)c(Oc6cc(O)cc(c6)[C@H](NC4=O)C(=O)N[C@@H]4c(c2)cc1Oc1ccc(cc1Cl)[C@@H](O[C@@H]1O[C@H](CO)[C@@H](O)[C@H](O)[C@H]1NC(C)=O)[C@@H]1NC(=O)[C@H](NC4=O)c2ccc(O)c(c2)-c2c(O[C@H]4O[C@H](CO)[C@@H](O)[C@H](O)[C@@H]4O)cc(O)cc2[C@H](NC1=O)C(O)=O)c5)cc3Cl
FHBQKTSCJKPYIO-VHULWTHOSA-N,,teicoplanin-A2-3,CC(C)CCCCCCCC(=O)N[C@H]1[C@@H](O)[C@H](O)[C@@H](CO)O[C@H]1Oc1c2Oc3ccc(C[C@H]4NC(=O)[C@H](N)c5ccc(O)c(Oc6cc(O)cc(c6)[C@H](NC4=O)C(=O)N[C@H]4c(c2)cc1Oc1ccc(cc1Cl)[C@@H](O[C@@H]1O[C@H](CO)[C@@H](O)[C@H](O)[C@@H]1NC(C)=O)[C@@H]1NC(=O)[C@@H](NC4=O)c2ccc(O)c(c2)-c2c(O[C@H]4O[C@H](CO)[C@@H](O)[C@H](O)[C@@H]4O)cc(O)cc2[C@@H](NC1=O)C(O)=O)c5)cc3Cl
BAOQJSULMWXFRK-GOSISDBHSA-N,44453327.0,teijin-compound-1,FC(F)(F)c1cccc(c1)C(=O)NCC(=O)N[C@@H]1CCN(Cc2ccc(Cl)cc2)C1
BBAWEDCPNXPBQM-GDEBMMAJSA-N,3010818.0,telaprevir,CCC[C@H](NC(=O)[C@@H]1[C@H]2CCC[C@H]2CN1C(=O)[C@@H](NC(=O)[C@@H](NC(=O)c1cnccn1)C1CCCCC1)C(C)(C)C)C(=O)C(=O)NC1CC1
QFCXANHHBCGMAS-UHFFFAOYSA-N,9808844.0,telatinib,CNC(=O)c1cc(COc2nnc(Nc3ccc(Cl)cc3)c3ccoc23)ccn1
IQFYYKKMVGJFEH-CSMHCCOUSA-N,159269.0,telbivudine,Cc1cn([C@@H]2C[C@@H](O)[C@H](CO)O2)c(=O)[nH]c1=O
CGDZXLJGHVKVIE-DNVCBOLYSA-N,11319053.0,telcagepant,Fc1cccc([C@@H]2CC[C@@H](NC(=O)N3CCC(CC3)n3c4cccnc4[nH]c3=O)C(=O)N(CC(F)(F)F)C2)c1F
VSWPGAIWKHPTKX-UHFFFAOYSA-N,5387.0,telenzepine,CN1CCN(CC(=O)N2c3c(C)scc3C(=O)Nc3ccccc23)CC1
LJVAJPDWBABPEJ-PIRKDXADSA-N,,telithromycin,CC[C@H]1OC(=O)[C@H](C)C(=O)[C@H](C)[C@@H](O[C@@H]2O[C@H](C)C[C@@H]([C@H]2O)N(C)C)[C@@](C)(C[C@@H](C)C(=O)[C@H](C)[C@H]2N(CCCCn3cnc(c3)-c3cccnc3)C(=O)O[C@]12C)OC
XBJWOGLKABXFJE-RXMQYKEDSA-N,25271872.0,telmesteine,CCOC(=O)N1CSC[C@@H]1C(O)=O
RMMXLENWKUUMAY-UHFFFAOYSA-N,65999.0,telmisartan,CCCc1nc2c(C)cc(cc2n1Cc1ccc(cc1)-c1ccccc1C(O)=O)-c1nc2ccccc2n1C
NCLGDOBQAWBXRA-PGRDOPGGSA-N,25025298.0,telotristat,Cc1ccn(n1)-c1cc(Cl)ccc1[C@@H](Oc1cc(nc(N)n1)-c1ccc(C[C@H](N)C(O)=O)cc1)C(F)(F)F
MDSQOJYHHZBZKA-GBXCKJPGSA-N,25181577.0,telotristat-ethyl,CCOC(=O)[C@@H](N)Cc1ccc(cc1)-c1cc(O[C@H](c2ccc(Cl)cc2-n2ccc(C)n2)C(F)(F)F)nc(N)n1
RRTPWQXEERTRRK-UHFFFAOYSA-N,56833311.0,telratolimod,CCCCCCCCCCCCCCCCCC(=O)NCCCCOn1c(CCCC)nc2c(N)nc3ccccc3c12
ZEOQUKRCASTCFR-UHFFFAOYSA-N,11604525.0,temanogrel,COc1cccc(c1)C(=O)Nc1ccc(OCCN2CCOCC2)c(c1)-c1ccnn1C
WWJZWCUNLNYYAU-UHFFFAOYSA-N,5392.0,temefos,COP(=S)(OC)Oc1ccc(Sc2ccc(OP(=S)(OC)OC)cc2)cc1
FIQOFIRCTOWDOW-BJLQDIEVSA-N,443874.0,temocapril,CCOC(=O)[C@H](CCc1ccccc1)N[C@H]1CS[C@@H](CN(CC(O)=O)C1=O)c1cccs1
JGLSWAGTNWZKQU-WWMKMEMESA-N,,temoporfin,Oc1cccc(c1)-c1c2CCc([nH]2)c(-c2cccc(O)c2)c2ccc([nH]2)c(-c2cccc(O)c2)c2ccc(n2)c(-c2cccc(O)c2)c2ccc1n2
CSGAUKGQUCHWDP-UHFFFAOYSA-N,5395.0,tempol,CC1(C)CC(O)CC(C)(C)N1O
CBPNZQVSJQDFBE-NRNHWJPGSA-N,134812825.0,temsirolimus,CO[C@@H]1C[C@H](C[C@@H](C)[C@@H]2CC(=O)[C@H](C)\C=C(C)\[C@@H](O)[C@@H](OC)C(=O)[C@H](C)C[C@H](C)\C=C\C=C\C=C(C)\[C@H](C[C@@H]3CC[C@@H](C)[C@@](O)(O3)C(=O)C(=O)N3CCCC[C@H]3C(=O)O2)OC)CC[C@H]1OC(=O)C(C)(CO)CO
PKQXLRYFPSZKDU-QFIPXVFZSA-N,54670351.0,TEN-010,CN1CCN(CCCNC(=O)C[C@@H]2N=C(c3c(C)c(C)sc3-n3c(C)nnc23)c2ccc(Cl)cc2)CC1
HDXDQPRPFRKGKZ-INIZCTEOSA-N,86291103.0,tenalisib,CC[C@H](Nc1ncnc2nc[nH]c12)c1oc2ccccc2c(=O)c1-c1cccc(F)c1
DNHPDWGIXIMXSA-CXNSMIOJSA-N,71587953.0,tenapanor,CN1C[C@@H](c2cccc(c2)S(=O)(=O)NCCOCCOCCNC(=O)NCCCCNC(=O)NCCOCCOCCNS(=O)(=O)c2cccc(c2)[C@@H]2CN(C)Cc3c(Cl)cc(Cl)cc23)c2cc(Cl)cc(Cl)c2C1
ZBFDAUIVDSSISP-DEOSSOPVSA-N,11552393.0,tenatoprazole,COc1ccc2[nH]c(nc2n1)[S@@](=O)Cc1ncc(C)c(OC)c1C
WGRQANOPCQRCME-PMACEKPBSA-N,11949652.0,teneligliptin,Cc1cc(N2CCN(CC2)[C@@H]2CN[C@@H](C2)C(=O)N2CCSC2)n(n1)-c1ccccc1
IGPDWKCUDHIIRL-LLVKDONJSA-N,,tenidap,NC(=O)N1C(=O)[C@@H](C(=O)c2cccs2)c2cc(Cl)ccc12
BBACKDMGYMXYLE-SSDOTTSWSA-N,52539208.0,tenilsetam,O=C1NCCN[C@@H]1c1cccs1
NRUKOCRGYNPUPR-QBPJDGROSA-N,452548.0,teniposide,COc1cc(cc(OC)c1O)[C@H]1[C@@H]2[C@H](COC2=O)[C@H](O[C@@H]2O[C@@H]3CO[C@H](O[C@H]3[C@H](O)[C@H]2O)c2cccs2)c2cc3OCOc3cc12
SGOIRFVFHAKUTI-ZCFIWIBFSA-N,464205.0,tenofovir,C[C@H](Cn1cnc2c(N)ncnc12)OCP(O)(O)=O
LDEKQSIMHVQZJK-FOCZCJQRSA-N,,tenofovir-alafenamide,CC(C)OC(=O)[C@@H](C)NP(=O)(CO[C@@H](C)Cn1cnc2c(N)ncnc12)Oc1ccccc1
JFVZFKDSXNQEJW-CQSZACIVSA-N,5481350.0,tenofovir-disoproxil,CC(C)OC(=O)OCOP(=O)(CO[C@H](C)Cn1cnc2c(N)ncnc12)OCOC(=O)OC(C)C
WOWJIWFCOPZFGV-UHFFFAOYSA-N,1013376.0,tenovin-1,CC(=O)Nc1ccc(NC(=S)NC(=O)c2ccc(cc2)C(C)(C)C)cc1
BVJSXSQRIUSRCO-UHFFFAOYSA-N,24772043.0,tenovin-6,CN(C)CCCCC(=O)Nc1ccc(NC(=S)NC(=O)c2ccc(cc2)C(C)(C)C)cc1
LZNWYQJJBLGYLT-UHFFFAOYSA-N,54677971.0,tenoxicam,CN1C(C(=O)Nc2ccccn2)=C(O)c2sccc2S1(=O)=O
KHXBULXCCPIELT-DCIPZJNNSA-N,1550999.0,tenylidone,O=C1\C(CCC\C1=C/c1cccs1)=C\c1cccs1
XYKWNRUXCOIMFZ-UHFFFAOYSA-N,59757.0,tepoxalin,COc1ccc(cc1)-n1nc(CCC(=O)N(C)O)cc1-c1ccc(Cl)cc1
ZWKJWVSEDISQIS-RUZDIDTESA-N,60156291.0,TEPP-46,Cn1c2cc(sc2c2cnn(Cc3cccc(N)c3)c(=O)c12)[S@@](C)=O
HUCXKZBETONXFO-NJFMWZAGSA-N,5282199.0,teprenone,CC(C)=CCC\C(C)=C\CC\C(C)=C\CC\C(C)=C\CCC(C)=O
ORQFDHFZSMXRLM-IYBDPMFKSA-N,476861.0,terameprocol,COc1ccc(C[C@H](C)[C@H](C)Cc2ccc(OC)c(OC)c2)cc1OC
VCKUSRYTPJJLNI-CQSZACIVSA-N,1398859.0,terazosin,COc1cc2nc(nc(N)c2cc1OC)N1CCN(CC1)C(=O)[C@H]1CCCO1
DOMXUEMWDBAQBQ-WEVVVXLNSA-N,1549008.0,terbinafine,CN(C\C=C\C#CC(C)(C)C)Cc1cccc2ccccc12
XWTYSIMOBUGWOL-LLVKDONJSA-N,11354816.0,terbutaline,CC(C)(C)NC[C@@H](O)c1cc(O)cc(O)c1
SDKXUWMRKYQIFU-HXUWFJFHSA-N,30844635.0,terciprazine,O[C@@H](COC1(CCCCC1)C#C)CN1CCN(CC1)c1cccc(c1)C(F)(F)F
BLSQLHNBWJLIBQ-OZXSUGGESA-N,441383.0,terconazole,CC(C)N1CCN(CC1)c1ccc(OC[C@H]2CO[C@@](Cn3cncn3)(O2)c2ccc(Cl)cc2Cl)cc1
GUGOEEXESWIERI-PMERELPUSA-N,6604035.0,terfenadine,CC(C)(C)c1ccc(cc1)[C@@H](O)CCCN1CCC(CC1)C(O)(c1ccccc1)c1ccccc1
JOAHPSVPXZTVEP-YXJHDRRASA-N,443951.0,terguride,CCN(CC)C(=O)N[C@H]1C[C@H]2[C@@H](Cc3c[nH]c4cccc2c34)N(C)C1
NABQBYDEMLGCEO-SNVBAGLBSA-N,,teriflunomide,CC(=O)[C@@H](C#N)C(=O)Nc1ccc(cc1)C(F)(F)F
BENFXAYNYRLAIU-WBNRJDGRSA-N,133566182.0,terlipressin,NCCCC[C@H](NC(=O)[C@@H]1CCCN1C(=O)[C@@H]1CSSC[C@H](NC(=O)CNC(=O)CNC(=O)CN)C(=O)N[C@@H](Cc2ccc(O)cc2)C(=O)N[C@@H](Cc2ccccc2)C(=O)N[C@@H](CCC(N)=O)C(=O)N[C@@H](CC(N)=O)C(=O)N1)C(=O)NCC(N)=O
UISARWKNNNHPGI-INIZCTEOSA-N,9925740.0,terodiline,C[C@@H](CC(c1ccccc1)c1ccccc1)NC(C)(C)C
OUPZKGBUJRBPGC-CIUDSAMLSA-N,11197252.0,teroxirone,O=c1n(C[C@H]2CO2)c(=O)n(C[C@H]2CO2)c(=O)n1C[C@H]1CO1
RBNWAMSGVWEHFP-CZMCAQCFSA-N,,terpene,CC(C)(O)[C@H]1CC[C@](C)(O)CC1
HWEOXFSBSQIWSY-MRXNPFEDSA-N,9938840.0,terutroban,Cc1ccc2C[C@@H](CCc2c1CCC(O)=O)NS(=O)(=O)c1ccc(Cl)cc1
CXGTZJYQWSUFET-IBGZPJMESA-N,208901.0,tesaglitazar,CCO[C@@H](Cc1ccc(OCCc2ccc(OS(C)(=O)=O)cc2)cc1)C(O)=O
XDBHURGONHZNJF-UHFFFAOYSA-N,3025803.0,tetomilast,CCOc1ccc(cc1OCC)-c1nc(cs1)-c1cccc(n1)C(O)=O
MKJIEFSOBYUXJB-HOCLYGCPSA-N,11634155.0,tetrabenazine,COc1cc2CCN3C[C@H](CC(C)C)C(=O)C[C@H]3c2cc1OC
GKCBAIGFKIBETG-UHFFFAOYSA-N,5411.0,tetracaine,CCCCNc1ccc(cc1)C(=O)OCCN(C)C
MUHBBHLZPHKTTR-VHOYBAKPSA-N,129396784.0,tetracycline,[H][C@@]12C[C@@]3([H])[C@@H](C(=O)c4c(O)cccc4[C@@]3(C)O)C(=O)[C@]1(O)C(=O)[C@@H](C(N)=O)C(=O)[C@H]2N(C)C
IPBCWPPBAWQYOO-UHFFFAOYSA-N,114924.0,tetradecylthioacetic-acid,CCCCCCCCCCCCCCSCC(O)=O
FAGUFWYHJQFNRV-UHFFFAOYSA-N,8197.0,tetraethylenepentamine,NCCNCCNCCNCCN
MSTNYGQPCMXVAQ-RYUDHWBXSA-N,135398650.0,tetrahydrofolic-acid,Nc1nc(=O)c2N[C@@H](CNc3ccc(cc3)C(=O)N[C@@H](CCC(O)=O)C(O)=O)CNc2[nH]1
YXWQTVWJNHKSCC-MRXNPFEDSA-N,688594.0,tetrahydropapaverine,COc1ccc(C[C@H]2NCCc3cc(OC)c(OC)cc23)cc1OC
UCKYOOZPSJFJIZ-FMDGEEDCSA-N,9543506.0,tetrahydrouridine,OC[C@H]1O[C@H]([C@H](O)[C@@H]1O)N1CC[C@@H](O)NC1=O
BYJAVTDNIXVSPW-LBPRGKRZSA-N,716128.0,tetrahydrozoline,C1CN=C(N1)[C@H]1CCCc2ccccc12
REQPQFUJGGOFQL-UHFFFAOYSA-N,7347.0,tetramethylthiuram-monosulfide,CN(C)C(=S)SC(=S)N(C)C
HLFSDGLLUJUHTE-SNVBAGLBSA-N,26879.0,tetramisole,C1CN2C[C@@H](N=C2S1)c1ccccc1
WVTKBKWTSCPRNU-KYJUHHDHSA-N,73078.0,tetrandrine,COc1ccc2C[C@@H]3N(C)CCc4cc(OC)c(OC)c(Oc5cc6[C@H](Cc7ccc(Oc1c2)cc7)N(C)CCc6cc5OC)c34
UKBRUIZWQZHXFL-PVQJCKRUSA-N,15024268.0,tetrazol-5-yl-glycine-(RS),N[C@@H](C(O)=O)c1nn[nH]n1
AUXCHYJDVJZEPG-UHFFFAOYSA-N,54792409.0,tetrindole,C1CCC(CC1)c1ccc2n3CCNC4CCCc(c34)c2c1
GQPHQLHUIDOQTA-UHFFFAOYSA-N,36689751.0,tetroquinone,OC1C(=O)C(=O)C(O)C(=O)C1=O
MJUVRTYWUMPBTR-MRXNPFEDSA-N,46199646.0,tezacaftor,CC(C)(CO)c1cc2cc(NC(=O)C3(CC3)c3ccc4OC(F)(F)Oc4c3)c(F)cc2n1C[C@@H](O)CO
NLSSUSRERAMBTA-UHFFFAOYSA-N,16040067.0,TFC-007,O=C(Nc1ccc(cc1)N1CCC(CC1)C(=O)N1CCOCC1)c1cnc(Oc2ccccc2)nc1
BGVLELSCIHASRV-QPEQYQDCSA-N,1893668.0,TG-003,CCN1\C(Sc2ccc(OC)cc12)=C\C(C)=O
VXBAJLGYBMTJCY-NSCUHMNNSA-N,16739650.0,TG-02,CN1C\C=C\CCOc2cccc(c2)-c2ccnc(Nc3cccc(C1)c3)n2
AQSSMEORRLJZLU-UHFFFAOYSA-N,11712625.0,TG-100572,Cc1cc(cc2nnc(Nc3ccc(OCCN4CCCC4)cc3)nc12)-c1cc(O)ccc1Cl
UOORQSPLBHUQDQ-UHFFFAOYSA-N,17751063.0,TG-100713,Nc1nc(N)c2nc(cnc2n1)-c1cccc(O)c1
XCTYLCDETUVOIP-UHFFFAOYSA-N,5440.0,thiethylperazine,CCSc1ccc2Sc3ccccc3N(CCCN3CCN(C)CC3)c2c1
JMGXJHWTVBGOKG-UHFFFAOYSA-N,11973736.0,TG-100801,Cc1cc(cc2nnc(Nc3ccc(OCCN4CCCC4)cc3)nc12)-c1cc(OC(=O)c2ccccc2)ccc1Cl
JVDOKQYTTYUYDV-UHFFFAOYSA-N,16722832.0,TG-101209,CN1CCN(CC1)c1ccc(Nc2ncc(C)c(Nc3cccc(c3)S(=O)(=O)NC(C)(C)C)n2)cc1
UJIAQDJKSXQLIT-UHFFFAOYSA-N,10427712.0,TG100-115,Nc1nc(N)c2nc(-c3cccc(O)c3)c(nc2n1)-c1cccc(O)c1
IUVCFHHAEHNCFT-INIZCTEOSA-N,72950888.0,TGR-1202,CC(C)Oc1ccc(cc1F)-c1nn([C@@H](C)c2oc3ccc(F)cc3c(=O)c2-c2cccc(F)c2)c2ncnc(N)c12
CPRAGQJXBLMUEL-MRXNPFEDSA-N,51601993.0,TGX-221,C[C@@H](Nc1ccccc1)c1cc(C)cn2c1nc(cc2=O)N1CCOCC1
UGJWRPJDTDGERK-UHFFFAOYSA-N,11984561.0,TH-302,Cn1c(COP(=O)(NCCBr)NCCBr)cnc1[N+]([O-])=O
PNMYJIOQIAEYQL-UHFFFAOYSA-N,73389731.0,TH-588,Nc1nc(NC2CC2)cc(n1)-c1cccc(Cl)c1Cl
MGSRCZKZVOBKFT-UHFFFAOYSA-N,6989.0,thymol,CC(C)c1ccc(C)cc1O
ZCTJIMXXSXQXRI-KYJUHHDHSA-N,21470.0,thaliblastine,COc1cc(C[C@@H]2N(C)CCc3cc(OC)c(OC)cc23)c(Oc2cc3C[C@@H]4N(C)CCc5cc(OC)c(OC)c(-c3cc2OC)c45)cc1OC
UEJJHQNACJXSKW-VIFPVBQESA-N,92142.0,thalidomide,O=C1N([C@H]2CCC(=O)NC2=O)C(=O)c2ccccc12
SPQUOZYCYRJYJU-ZKSIBHASSA-N,,theaflavin,O[C@@H]1Cc2c(O)cc(O)cc2O[C@@H]1c1cc(O)c(=O)c2c(O)c(O)cc(cc12)[C@H]1Oc2cc(O)cc(O)c2C[C@H]1O
YAPQBXQYLJRXSA-UHFFFAOYSA-N,5429.0,theobromine,Cn1cnc2n(C)c(=O)[nH]c(=O)c12
PPAIMZHKIXDJRN-FMDGEEDCSA-N,24808478.0,thiamet-g,CCNC1=N[C@H]2[C@H](O[C@H](CO)[C@@H](O)[C@@H]2O)S1
JZRWCGZRTZMZEH-UHFFFAOYSA-N,1130.0,thiamine,Cc1c(CCO)sc[n+]1Cc1cnc(C)nc1N
AYEKOFBPNLCAJY-UHFFFAOYSA-O,1132.0,thiamine-pyrophosphate,Cc1c(CCOP(O)(=O)OP(O)(O)=O)sc[n+]1Cc1cnc(C)nc1N
OTVAEFIXJLOWRX-NXEZZACHSA-N,27200.0,thiamphenicol,CS(=O)(=O)c1ccc(cc1)[C@@H](O)[C@@H](CO)NC(=O)C(Cl)Cl
XLOMZPUITCYLMJ-MRVPVSSYSA-N,3033021.0,thiamylal,CCC[C@@H](C)C1(CC=C)C(=O)NC(=S)NC1=O
DOBKQCZBPPCLEG-UHFFFAOYSA-N,46209426.0,thiazovivin,O=C(NCc1ccccc1)c1csc(Nc2ccncn2)n1
LEQAKWQJCITZNK-AXHKHJLKSA-N,9915886.0,thiocolchicoside,COc1c(O[C@@H]2O[C@H](CO)[C@@H](O)[C@H](O)[C@H]2O)cc2CC[C@H](NC(C)=O)c3cc(=O)c(SC)ccc3-c2c1OC
AGBQKNBQESQNJD-ZETCQYMHSA-N,445125.0,thioctic-acid,OC(=O)CCCC[C@H]1CCSS1
YODZTKMDCQEPHD-UHFFFAOYSA-N,5447.0,thiodiglycol,OCCSCCO
WYWHKKSPHMUBEB-UHFFFAOYSA-N,2723601.0,thioguanine,Nc1nc2nc[nH]c2c(=S)[nH]1
HXQVQGWHFRNKMS-UHFFFAOYSA-M,67361.0,thiomersal,CC[Hg]Sc1ccccc1C(O)=O
IUJDSEJGGMCXSG-SSDOTTSWSA-N,3033017.0,thiopental,CCC[C@@H](C)C1(CC)C(=O)NC(=S)NC1=O
JFAYRTHYLOZRNL-CQSZACIVSA-N,6604452.0,thioperamide,S=C(NC1CCCCC1)N1CCC(CC1)[C@H]1C=NC=N1
QGHREAKMXXNCOA-UHFFFAOYSA-N,3032791.0,thiophanate,COC(=O)NC(=S)Nc1ccccc1NC(=S)NC(=O)OC
VZYCZNZBPPHOFY-UHFFFAOYSA-N,9429.0,thioproperazine,CN(C)S(=O)(=O)c1ccc2Sc3ccccc3N(CCCN3CCN(C)CC3)c2c1
KLBQZWRITKRQQV-UHFFFAOYSA-N,66062.0,thioridazine,CSc1ccc2Sc3ccccc3N(CCC3CCCCN3C)c2c1
LJJKNPQAGWVLDQ-SNVBAGLBSA-N,4369380.0,thiorphan,OC(=O)CNC(=O)[C@@H](CS)Cc1ccccc1
NSFFHOGKXHRQEW-AIHSUZKVSA-N,16154490.0,thiostrepton,CC[C@H](C)[C@@H]1N[C@@H]2C=Cc3c(cc(nc3[C@H]2O)C(=O)O[C@H](C)[C@@H]2NC(=O)c3csc(n3)[C@@H](NC(=O)[C@H]3CSC(=N3)\C(NC(=O)[C@@H](NC(=O)c3csc(n3)[C@]3(CCC(=N[C@@H]3c3csc2n3)c2nc(cs2)C(=O)NC(=C)C(=O)NC(=C)C(N)=O)NC(=O)[C@H](C)NC(=O)C(=C)NC(=O)[C@H](C)NC1=O)[C@@H](C)O)=C\C)[C@](C)(O)[C@@H](C)O)[C@H](C)O
SHOKWSLXDAIZPP-UHFFFAOYSA-N,11088.0,thymol-iodide,CC(C)c1cc(c(C)cc1OI)-c1cc(C(C)C)c(OI)cc1C
FOCVUCIESVLUNU-UHFFFAOYSA-N,5453.0,thiotepa,S=P(N1CC1)(N1CC1)N1CC1
GFBKORZTTCHDGY-UWVJOHFNSA-N,941651.0,thiothixene,CN(C)S(=O)(=O)c1ccc2Sc3ccccc3\C(=C\CCN3CCN(C)CC3)c2c1
KUAZQDVKQLNFPE-UHFFFAOYSA-N,5455.0,thiram,CN(C)C(=S)SSC(=S)N(C)C
DLVXFZWSPCOWSN-CQSZACIVSA-N,91936858.0,THK5351,CNc1ccc(cn1)-c1ccc2cc(OC[C@H](O)CF)ccc2n1
IOYZYMQFUSNATM-UHFFFAOYSA-N,5456.0,thonzonium,CCCCCCCCCCCCCCCC[N+](C)(C)CCN(Cc1ccc(OC)cc1)c1ncccn1
GULNIHOSWFYMRN-UHFFFAOYSA-N,5457.0,thonzylamine,COc1ccc(CN(CCN(C)C)c2ncccn2)cc1
ZSOGGZWFKNMGJN-WREOTHMNSA-N,,threo-2-methylisocitrate-(DL),[NaH].[NaH].[NaH].[NaH].[NaH].[NaH].CC(O)([C@@H](CC(O)=O)C(O)=O)C(O)=O.CC(O)([C@H](CC(O)=O)C(O)=O)C(O)=O
NZVYCXVTEHPMHE-ZSUJOUNUSA-N,16130571.0,thymalfasin,CC[C@H](C)[C@H](NC(=O)[C@H](CCC(O)=O)NC(=O)[C@H](CO)NC(=O)[C@H](CO)NC(=O)[C@@H](NC(=O)[C@H](CC(O)=O)NC(=O)[C@@H](NC(=O)[C@H](C)NC(=O)[C@H](C)NC(=O)[C@H](CC(O)=O)NC(=O)[C@H](CO)NC(C)=O)C(C)C)[C@@H](C)O)C(=O)N[C@@H]([C@@H](C)O)C(=O)N[C@@H]([C@@H](C)O)C(=O)N[C@@H](CCCCN)C(=O)N[C@@H](CC(O)=O)C(=O)N[C@@H](CC(C)C)C(=O)N[C@@H](CCCCN)C(=O)N[C@@H](CCC(O)=O)C(=O)N[C@@H](CCCCN)C(=O)N[C@@H](CCCCN)C(=O)N[C@@H](CCC(O)=O)C(=O)N[C@@H](C(C)C)C(=O)N[C@@H](C(C)C)C(=O)N[C@@H](CCC(O)=O)C(=O)N[C@@H](CCC(O)=O)C(=O)N[C@@H](C)C(=O)N[C@@H](CCC(O)=O)C(=O)N[C@@H](CC(N)=O)C(O)=O
PSWFFKRAVBDQEG-YGQNSOCVSA-N,451417.0,thymopentin,CC(C)[C@H](NC(=O)[C@H](CC(O)=O)NC(=O)[C@H](CCCCN)NC(=O)[C@@H](N)CCCNC(N)=N)C(=O)N[C@@H](Cc1ccc(O)cc1)C(O)=O
OBJNFLYHUXWUPF-IZZDOVSWSA-N,73602827.0,THZ1,CN(C)C\C=C\C(=O)Nc1ccc(cc1)C(=O)Nc1cccc(Nc2ncc(Cl)c(n2)-c2c[nH]c3ccccc23)c1
TUERFPPIPKZNKE-UHFFFAOYSA-N,119081415.0,THZ1-R,CN(C)CCCC(=O)Nc1ccc(cc1)C(=O)Nc1cccc(Nc2ncc(Cl)c(n2)-c2c[nH]c3ccccc23)c1
FONRCZUZCHXWBD-VGOFMYFVSA-N,78357763.0,THZ2,CN(C)C\C=C\C(=O)Nc1cccc(c1)C(=O)Nc1cccc(Nc2ncc(Cl)c(n2)-c2c[nH]c3ccccc23)c1
WJCNZQLZVWNLKY-UHFFFAOYSA-N,5430.0,tiabendazole,c1nc(cs1)-c1nc2ccccc2[nH]1
PBJUNZJWGZTSKL-MRXNPFEDSA-N,60648.0,tiagabine,Cc1ccsc1C(=CCCN1CCC[C@H](C1)C(O)=O)c1sccc1C
JICJBGPOMZQUBB-OAQYLSRUSA-N,37888263.0,tianeptine,CN1c2ccccc2[C@@H](NCCCCCCC(O)=O)c2ccc(Cl)cc2S1(=O)=O
JTVPZMFULRWINT-UHFFFAOYSA-N,5467.0,tiapride,CCN(CC)CCNC(=O)c1cc(ccc1OC)S(C)(=O)=O
GUHPRPJDBZHYCJ-SECBINFHSA-N,181380.0,tiaprofenic-acid,C[C@@H](C(O)=O)c1ccc(s1)C(=O)c1ccccc1
HTJXMOGUGMSZOG-UHFFFAOYSA-N,5469.0,tiaramide,OCCN1CCN(CC1)C(=O)Cn1c2cc(Cl)ccc2sc1=O
WZDGZWOAQTVYBX-TZTUDTKPSA-N,124484332.0,tibolone,C[C@@H]1CC2=C(CCC(=O)C2)[C@H]2CC[C@@]3(C)[C@H](CC[C@@]3(O)C#C)[C@@H]12
RSAQARAFWMUYLL-UHFFFAOYSA-N,336423.0,TIC10,Cc1ccccc1CN1C2=NCCN2C(=O)C2=C1CCN(Cc1ccccc1)C2
OEKWJQXRCDYSHL-FNOIDJSQSA-N,9871419.0,ticagrelor,CCCSc1nc(N[C@@H]2C[C@H]2c2ccc(F)c(F)c2)c2nnn([C@@H]3C[C@H](OCCO)[C@@H](O)[C@H]3O)c2n1
OHKOGUYZJXTSFX-KZFFXBSXSA-N,36921.0,ticarcillin,CC1(C)S[C@@H]2[C@H](NC(=O)[C@H](C(O)=O)c3ccsc3)C(=O)N2[C@H]1C(O)=O
PHWBOXQYWZNQIN-UHFFFAOYSA-N,5472.0,ticlopidine,Clc1ccccc1CN1CCc2sccc2C1
PMJIHLSCWIDGMD-UHFFFAOYSA-N,11313622.0,tideglusib,O=c1sn(-c2cccc3ccccc23)c(=O)n1Cc1ccccc1
SINQIEAULQKUPD-JGCGQSQUSA-N,92852530.0,tie2-kinase-inhibitor,COc1ccc2cc(ccc2c1)-c1[nH]c(nc1-c1ccncc1)-c1ccc(cc1)[S@@](C)=O
AGHANLSBXUWXTB-UHFFFAOYSA-N,38409.0,tienilic-acid,OC(=O)COc1ccc(C(=O)c2cccs2)c(Cl)c1Cl
KYSFUHHFTIGRJN-UHFFFAOYSA-N,135410911.0,tifenazoxide,CC1(CC1)NC1=NS(=O)(=O)c2sc(Cl)cc2N1
CGZOGNUFXMNYEI-PBZRBWFISA-N,,tigecycline,[H][C@@]12Cc3c(cc(NC(=O)CNC(C)(C)C)c(O)c3C(=O)[C@@H]1C(=O)[C@]1(O)C(=O)[C@H](C(N)=O)C(=O)[C@@H](N(C)C)[C@]1([H])C2)N(C)C
JTSDBFGMPLKDCD-UYPDHHONSA-N,16225190.0,tilmicosin,CC[C@H]1OC(=O)C[C@@H](O)[C@H](C)[C@@H](O[C@@H]2O[C@H](C)[C@@H](O)[C@@H]([C@H]2O)N(C)C)[C@@H](CCN2C[C@@H](C)C[C@@H](C)C2)C[C@@H](C)C(=O)\C=C\C(\C)=C\[C@@H]1CO[C@@H]1O[C@H](C)[C@@H](O)[C@@H](OC)[C@H]1OC
MPMFCABZENCRHV-UHFFFAOYSA-N,5475.0,tilorone,CCN(CC)CCOc1ccc2-c3ccc(OCCN(CC)CC)cc3C(=O)c2c1
DKJJVAGXPKPDRL-UHFFFAOYSA-N,60937.0,tiludronate,OP(O)(=O)C(Sc1ccc(Cl)cc1)P(O)(O)=O
QSNOWCXXECLALL-LLVKDONJSA-N,51371472.0,timofibrate,CC(C)(Oc1ccc(Cl)cc1)C(=O)N1CSC[C@@H]1C(O)=O
BLJRIMJGRPQVNF-JTQLQIEISA-N,33624.0,timolol,CC(C)(C)NC[C@H](O)COc1nsnc1N1CCOCC1
DZLNHFMRPBPULJ-GSVOUGTGSA-N,6973610.0,timonacic,OC(=O)[C@H]1CSCN1
JENBDJGHNIOHAJ-UHFFFAOYSA-N,68818.0,tinazoline,C1CN=C(N1)Sc1c[nH]c2ccccc12
HJLSLZFTEKNLFI-UHFFFAOYSA-N,5479.0,tinidazole,CCS(=O)(=O)CCn1c(C)ncc1[N+]([O-])=O
PFENFDGYVLAFBR-UHFFFAOYSA-N,5480.0,tinoridine,CCOC(=O)c1c(N)sc2CN(Cc3ccccc3)CCc12
QXHHHPZILQDDPS-HNNXBMFYSA-N,28125518.0,tioconazole,Clc1sccc1CO[C@@H](Cn1ccnc1)c1ccc(Cl)cc1Cl
OTDJAMXESTUWLO-UUOKFMHZSA-N,2724387.0,tioguanine,Nc1nc(=S)c2ncn([C@@H]3O[C@H](CO)[C@@H](O)[C@H]3O)c2[nH]1
YTGJWQPHMWSCST-GSVOUGTGSA-N,208825.0,tiopronin,C[C@@H](S)C(=O)NCC(O)=O
YDDXVAXDYKBWDX-UHFFFAOYSA-N,50287.0,tiotidine,CN=C(NCCSCc1csc(NC(N)=N)n1)NC#N
LERNTVKEWCAPOY-DZZGSBJMSA-N,,tiotropium,C[N+]1(C)[C@H]2C[C@@H](C[C@@H]1[C@H]1O[C@@H]21)OC(=O)C(O)(c1cccs1)c1cccs1
SLYPOVJCSQHITR-UHFFFAOYSA-N,72139.0,tioxolone,Oc1ccc2sc(=O)oc2c1
KPWYNAGOBXLMSE-UHFFFAOYSA-N,9893228.0,tipelukast,CCCc1c(O)c(ccc1SCCCOc1ccc(C(C)=O)c(OCCCC(O)=O)c1CCC)C(C)=O
PLHJCIYEEKOWNM-HHHXNRCGSA-N,159324.0,tipifarnib,Cn1cncc1[C@@](N)(c1ccc(Cl)cc1)c1ccc2n(C)c(=O)cc(-c3cccc(Cl)c3)c2c1
QQHMKNYGKVVGCZ-UHFFFAOYSA-N,6323266.0,tipiracil,Clc1c(CN2CCCC2=N)[nH]c(=O)[nH]c1=O
ODXQFEWQSHNQNI-UHFFFAOYSA-N,6450819.0,tiplaxtinin,OC(=O)C(=O)c1cn(Cc2ccccc2)c2ccc(cc12)-c1ccc(OC(F)(F)F)cc1
MYXACKZCYFKMTE-WWKQIGMOSA-N,,tipranavir,CCC[C@@]1(CCc2ccccc2)CC(=O)[C@@H]([C@H](CC)c2cccc(NS(=O)(=O)c3ccc(cn3)C(F)(F)F)c2)C(=O)O1
SPMVMDHWKHCIDT-UHFFFAOYSA-N,9911830.0,tivozanib,COc1cc2nccc(Oc3ccc(NC(=O)Nc4cc(C)on4)c(Cl)c3)c2cc1OC
CSUNLSYSEQIDMO-NSHDSACASA-N,76966339.0,tiprenolol,CSc1ccccc1OC[C@@H](O)CNC(C)C
ZGSDGGRVFIYKKE-OXQOHEQNSA-N,72160.0,tiquizium,C[N@+]12CCCC[C@@H]1CCC(C2)=C(c1cccs1)c1cccs1
KJAMZCVTJDTESW-UHFFFAOYSA-N,71264.0,tiracizine,CCOC(=O)Nc1ccc2CCc3ccccc3N(C(=O)CN(C)C)c2c1
ORYDPOVDJJZGHQ-UHFFFAOYSA-N,135413511.0,tirapazamine,Nc1n[n+]([O-])c2ccccc2[n+]1[O-]
RSQGZEAXODVTOL-UHFFFAOYSA-N,23729157.0,tirasemtiv,CCC(CC)n1c2nc(cnc2[nH]c1=O)C#C
UOWZUVNAGUAEQC-UHFFFAOYSA-N,5803.0,tiratricol,OC(=O)Cc1cc(I)c(Oc2ccc(O)c(I)c2)c(I)c1
COKMIXFXJJXBQG-NRFANRHFSA-N,60947.0,tirofiban,CCCCS(=O)(=O)N[C@@H](Cc1ccc(OCCCCC2CCNCC2)cc1)C(O)=O
XKLWATAZDMHTSH-UHFFFAOYSA-L,11075829.0,titanocene-dichloride,Cl[Ti](Cl)(C1C=CC=C1)C1C=CC=C1
UCEQXRCJXIVODC-PMACEKPBSA-N,11494412.0,tivantinib,O=C1NC(=O)[C@H]([C@@H]1c1c[nH]c2ccccc12)c1cn2CCCc3cccc1c23
XFYDIVBRZNQMJC-UHFFFAOYSA-N,5487.0,tizanidine,Clc1ccc2nsnc2c1NC1=NCCN1
DKORMNNYNRPTBJ-UHFFFAOYSA-N,11249932.0,TMC-353121,Cc1ccc(CCCO)c(NCc2ccc3nc(NCCCN4CCOCC4)n(Cc4nc(C)ccc4O)c3c2)c1
UOBYJVFBFSLCTQ-UHFFFAOYSA-N,44556044.0,TMC647055,COc1ccc2-c3c(C4CCCCC4)c4ccc5cc4n3CC(=Cc2c1)C(=O)N(C)CCOCCN(C)S(=O)(=O)NC5=O
SFNLLCUAISZNRV-UHFFFAOYSA-N,44249042.0,TMN-355,Fc1cccc(Cl)c1C(=O)NC(=O)NC1c2ccccc2-c2ccccc12
PWWKJRFUJIFGGD-UHFFFAOYSA-N,11207937.0,TMPH,CCCCCCC(=O)OC1CC(C)(C)NC(C)(C)C1
JDBCWSHYEQUBLW-AATRIKPKSA-N,5354004.0,TMS,COc1ccc(\C=C\c2cc(OC)cc(OC)c2)c(OC)c1
MSHZHSPISPJWHW-PVDLLORBSA-N,369976.0,TNP-470,CO[C@@H]1[C@@H](CC[C@]2(CO2)[C@H]1[C@@]1(C)O[C@@H]1CC=C(C)C)OC(=O)NC(=O)CCl
NLVFBUXFDBBNBW-PBSUHMDJSA-N,36294.0,tobramycin,NC[C@H]1O[C@H](O[C@@H]2[C@@H](N)C[C@@H](N)[C@H](O[C@H]3O[C@H](CO)[C@@H](O)[C@H](N)[C@H]3O)[C@H]2O)[C@H](N)C[C@@H]1O
BUJAGSGYPOAWEI-SECBINFHSA-N,3080825.0,tocainide,C[C@@H](N)C(=O)Nc1c(C)cccc1C
SRSGVKWWVXWSJT-ATVHPVEESA-N,5329106.0,toceranib,Cc1[nH]c(\C=C2/C(=O)Nc3ccc(F)cc23)c(C)c1C(=O)NCCN1CCCC1
AOBORMOPSGHCAX-AZAGJHQNSA-N,9938056.0,tocofersolan,CC(C)CCC[C@@H](C)CCC[C@@H](C)CCC[C@]1(C)CCc2c(C)c(OC(=O)CCC(=O)OCCO)c(C)c(C)c2O1
WGZDBVOTUVNQFP-UHFFFAOYSA-N,5501.0,todralazine,CCOC(=O)NNc1nncc2ccccc12
UJLAWZDWDVHWOW-YPMHNXCESA-N,9926791.0,tofacitinib,C[C@@H]1CCN(C[C@@H]1N(C)c1ncnc2[nH]ccc12)C(=O)CC#N
LOUZDJSQOFXLAP-UHFFFAOYSA-N,129009868.0,tofisopam,CCC1=C(C)NN=C(c2ccc(OC)c(OC)c2)c2cc(OC)c(OC)cc12
VWVKUNOPTJGDOB-BDHVOXNPSA-N,46908929.0,tofogliflozin,CCc1ccc(Cc2ccc3CO[C@]4(O[C@H](CO)[C@@H](O)[C@H](O)[C@H]4O)c3c2)cc1
SKQDKFOTIPJUSV-INIZCTEOSA-N,66743765.0,tolamolol,Cc1ccccc1OC[C@@H](O)CNCCOc1ccc(cc1)C(N)=O
OUDSBRTVNLOZBN-UHFFFAOYSA-N,5503.0,tolazamide,Cc1ccc(cc1)S(=O)(=O)NC(=O)NN1CCCCCC1
JIVZKJJQOZQXQB-UHFFFAOYSA-N,5504.0,tolazoline,C(C1=NCCN1)c1ccccc1
JLRGJRBPOGGCBT-UHFFFAOYSA-N,5505.0,tolbutamide,CCCCNC(=O)NS(=O)(=O)c1ccc(C)cc1
MIQPIUSUKVNLNT-UHFFFAOYSA-N,4659569.0,tolcapone,Cc1ccc(cc1)C(=O)c1cc(O)c(O)c(c1)[N+]([O-])=O
YEZNLOUZAIOMLT-UHFFFAOYSA-N,610479.0,tolfenamic-acid,Cc1c(Cl)cccc1Nc1ccccc1C(O)=O
HJQILFPVRNHTIG-UHFFFAOYSA-N,39065.0,tolimidone,Cc1cccc(Oc2cnc(=O)[nH]c2)c1
UPSPUYADGBWSHF-UHFFFAOYSA-N,5509.0,tolmetin,Cc1ccc(cc1)C(=O)c1ccc(CC(O)=O)n1C
FUSNMLFNXJSCDI-UHFFFAOYSA-N,5510.0,tolnaftate,CN(C(=S)Oc1ccc2ccccc2c1)c1cccc(C)c1
KWBTZIFLQYYPTH-UHFFFAOYSA-N,72138.0,tolonidine,Cc1ccc(NC2=NCCN2)c(Cl)c1
KZEUBCUXBNEMSQ-UHFFFAOYSA-O,91311512.0,tolonium,Cc1cc2nc3ccc(cc3sc2cc1N)=[N+](C)C
MXUNKHLAEDCYJL-JTQLQIEISA-N,13753599.0,toloxatone,Cc1cccc(c1)N1C[C@@H](CO)OC1=O
FSKFPVLPFLJRQB-AWEZNQCLSA-N,688589.0,tolperisone,C[C@@H](CN1CCCCC1)C(=O)c1ccc(C)cc1
LUBHDINQXIHVLS-UHFFFAOYSA-N,53359.0,tolrestat,COc1ccc2c(cccc2c1C(F)(F)F)C(=S)N(C)CC(O)=O
OOGJQPCLVADCPB-HXUWFJFHSA-N,443879.0,tolterodine,CC(C)N(CC[C@H](c1ccccc1)c1cc(C)ccc1O)C(C)C
OCINXEZVIIVXFU-UHFFFAOYSA-N,68591.0,toltrazuril,Cc1cc(ccc1Oc1ccc(SC(F)(F)F)cc1)-n1c(=O)[nH]c(=O)n(C)c1=O
GYHCTFXIZSNGJT-XMMPIXPASA-N,443894.0,tolvaptan,Cc1ccccc1C(=O)Nc1ccc(C(=O)N2CCC[C@@H](O)c3cc(Cl)ccc23)c(C)c1
OSQAKHSYTKBSPB-UHFFFAOYSA-N,475330.0,tomeglovir,CN(C)c1cccc2c(cccc12)S(=O)(=O)Nc1ccc(NC(=O)C(C)(C)CO)cc1
MWYHLEQJTQJHSS-UHFFFAOYSA-N,3969.0,tomelukast,CCCc1c(OCCCCc2nn[nH]n2)ccc(C(C)=O)c1O
HKTBYUWLRDZAJK-UHFFFAOYSA-N,118598754.0,tomivosertib,Cc1cc(Nc2cc(N)ncn2)c(=O)n2c1C(=O)NC21CCCCC1
XLIIRNOPGJTBJD-ROUUACIJSA-N,6918324.0,tonabersat,CC(=O)c1ccc2OC(C)(C)[C@@H](O)[C@@H](NC(=O)c3ccc(F)c(Cl)c3)c2c1
YCNCRLKXSLARFT-NSHDSACASA-N,76958749.0,topilutamide,C[C@](O)(CNC(=O)C(F)(F)F)C(=O)Nc1ccc(c(c1)C(F)(F)F)[N+]([O-])=O
KJADKKWYZYXHBB-XBWDGYHZSA-N,5284627.0,topiramate,CC1(C)O[C@@H]2CO[C@@]3(COS(N)(=O)=O)OC(C)(C)O[C@H]3[C@@H]2O1
UBVZQGOVTLIHLH-UHFFFAOYSA-N,5288320.0,topiroxostat,N#Cc1cc(ccn1)-c1nnc([nH]1)-c1ccncc1
UCFGDBYHRUNTLO-QHCPKHFHSA-N,60700.0,topotecan,CC[C@@]1(O)C(=O)OCc2c1cc1-c3nc4ccc(O)c(CN(C)C)c4cc3Cn1c2=O
NGBFQHCMQULJNZ-UHFFFAOYSA-N,51371498.0,torasemide,CC(C)NC(=O)NS(=O)(=O)c1cnccc1Nc1cccc(C)c1
CMSGWTNRGKRWGS-NQIIRXRSSA-N,159325.0,torcetrapib,CCOC(=O)N1[C@H](CC)C[C@H](N(Cc2cc(cc(c2)C(F)(F)F)C(F)(F)F)C(=O)OC)c2cc(ccc12)C(F)(F)F
CKTSBUTUHBMZGZ-SHYZEUOFSA-N,13711.0,torcitabine,Nc1ccn([C@H]2C[C@H](O)[C@@H](CO)O2)c(=O)n1
XFCLJVABOIYOMF-QPLCGJKRSA-N,3005573.0,toremifene,CN(C)CCOc1ccc(cc1)C(=C(\CCCl)c1ccccc1)\c1ccccc1
AKCRNFFTGXBONI-UHFFFAOYSA-N,49836027.0,torin-1,CCC(=O)N1CCN(CC1)c1ccc(cc1C(F)(F)F)-n1c2c(ccc1=O)cnc1ccc(cc21)-c1cnc2ccccc2c1
GUXXEUUYCAYESJ-UHFFFAOYSA-N,51358113.0,torin-2,Nc1ccc(cn1)-c1ccc2ncc3ccc(=O)n(-c4cccc(c4)C(F)(F)F)c3c2c1
FWFGIHPGRQZWIW-SQNIBIBYSA-N,15547703.0,tosedostat,CC(C)C[C@H]([C@H](O)C(=O)NO)C(=O)N[C@H](C(=O)OC1CCCC1)c1ccccc1
WUWFMDMBOJLQIV-JTQLQIEISA-N,488360.0,tosufloxacin,N[C@H]1CCN(C1)c1nc2n(cc(C(O)=O)c(=O)c2cc1F)-c1ccc(F)cc1F
XOKJUSAYZUAMGJ-WOUKDFQISA-N,11824.0,toyocamycin,Nc1ncnc2n(cc(C#N)c12)[C@@H]1O[C@H](CO)[C@@H](O)[C@H]1O
XNBRWUQWSKXMPW-UHFFFAOYSA-N,11618368.0,tozadenant,COc1ccc(N2CCOCC2)c2sc(NC(=O)N3CCC(C)(O)CC3)nc12
GCIKSSRWRFVXBI-UHFFFAOYSA-N,5494449.0,tozasertib,CN1CCN(CC1)c1cc(Nc2cc(C)n[nH]2)nc(Sc2ccc(NC(=O)C3CC3)cc2)n1
SJMMDWXJSSJHOQ-UHFFFAOYSA-N,10001434.0,TP-003,CC(C)(O)c1ccn2c(cnc2c1F)-c1ccc(F)c(c1)-c1ccc(F)cc1C#N
YUAALFPUEOYPNX-UHFFFAOYSA-N,56839178.0,TP-0903,CN(C)S(=O)(=O)c1ccccc1Nc1nc(Nc2ccc(CN3CCN(C)CC3)cc2)ncc1Cl
XRNVABDYQLHODA-JCNLHEQBSA-N,,TP-3654,CC(C)(O)[C@H]1CC[C@@H](CC1)Nc1ccc2ncc(-c3cccc(c3)C(F)(F)F)n2n1
SAYGKHKXGCPTLX-UHFFFAOYSA-N,9903786.0,TPCA-1,NC(=O)Nc1sc(cc1C(N)=O)-c1ccc(F)cc1
PBHVCRIXMXQXPD-LWQDQPMZSA-N,,TPPS4,OS(=O)(=O)c1ccc(cc1)-c1c2ccc(n2)c(-c2ccc(cc2)S(O)(=O)=O)c2ccc([nH]2)c(-c2ccc(cc2)S(O)(=O)=O)c2ccc(n2)c(-c2ccc(cc2)S(O)(=O)=O)c2ccc1[nH]2
PKVRCIRHQMSYJX-AIFWHQITSA-N,108150.0,trabectedin,[H][C@@]12Cc3cc(C)c(OC)c(O)c3[C@@]([H])(N1C)[C@@]1([H])N([C@H]2O)[C@@]2([H])COC(=O)[C@]3(CS[C@]1([H])c1c(OC(C)=O)c(C)c4OCOc4c21)NCCc1cc(O)c(OC)cc31
AQLVRTWKJDTWQQ-SDBHATRESA-N,11610599.0,trabodenoson,O[C@@H]1[C@@H](CO[N+]([O-])=O)O[C@H]([C@@H]1O)n1cnc2c(NC3CCCC3)ncnc12
PCTRYMLLRKWXGF-UHFFFAOYSA-N,5522.0,tracazolate,CCCCNc1c(C(=O)OCC)c(C)nc2n(CC)ncc12
CAVRKWRKTNINFF-UHFFFAOYSA-N,9916461.0,tradipitant,FC(F)(F)c1cc(Cn2nnc(c2-c2ccncc2)-c2ncccc2C(=O)c2ccccc2Cl)cc(c1)C(F)(F)F
KBFUQFVFYYBHBT-UHFFFAOYSA-N,656734.0,TRAM-34,Clc1ccccc1C(c1ccccc1)(c1ccccc1)n1cccn1
JHNRTPKGSCVKKC-UHFFFAOYSA-N,9861261.0,TRAM-39,Clc1ccccc1C(C#N)(c1ccccc1)c1ccccc1
LIRYPHYGHXZJBZ-UHFFFAOYSA-N,11707110.0,trametinib,CC(=O)Nc1cccc(c1)-n1c2c(C)c(=O)n(C)c(Nc3ccc(I)cc3F)c2c(=O)n(C2CC2)c1=O
VXFJYXUZANRPDJ-WTNASJBWSA-N,5484727.0,trandolapril,CCOC(=O)[C@H](CCc1ccccc1)N[C@@H](C)C(=O)N1[C@H]2CCCC[C@@H]2C[C@H]1C(O)=O
GYDJEQRTZSCIOI-LJGSYFOKSA-N,,tranexamic-acid,NC[C@H]1CC[C@@H](CC1)C(O)=O
NZHGWWWHIYHZNX-CSKARUKUSA-N,5282230.0,tranilast,COc1ccc(\C=C\C(=O)Nc2ccccc2C(O)=O)cc1OC
GKJZMAHZJGSBKD-NMMTYZSQSA-N,5282800.0,"trans-10,cis-12-conjugated-linoleic-acid",CCCCC\C=C/C=C/CCCCCCCCC(O)=O
IGBBVTAVILYDIO-MDZDMXLPSA-N,5282728.0,trans-2-undecenoic-acid,CCCCCCCC\C=C\C(O)=O
XWVBOPKUSVZZPJ-UHFFFAOYSA-N,9924539.0,"trans-4-[8-(3-fluorophenyl)-1,7-naphthyridin-6-yl]cyclohexanecarboxylic-acid",OC(=O)C1CCC(CC1)c1cc2cccnc2c(n1)-c1cccc(F)c1
RMQJECWPWQIIPW-OWOJBTEDSA-N,6155526.0,trans-4-hydroxycrotonic-acid,OC\C=C\C(O)=O
AFDXODALSZRGIH-QPJJXVBHSA-N,699414.0,trans-4-methoxycinnamic-acid,COc1ccc(\C=C\C(O)=O)cc1
PANKHBYNKQNAHN-MQQNZMFNSA-N,5281232.0,transcrocetinate,C\C(\C=C\C=C(/C)C(O)=O)=C/C=C/C=C(\C)/C=C/C=C(\C)C(O)=O
AELCINSCMGFISI-BDAKNGLRSA-N,26070.0,tranylcypromine,N[C@H]1C[C@@H]1c1ccccc1
DCRGHMJXEBSRQG-UHFFFAOYSA-N,11494970.0,trap-101,CCn1c2ccccc2n(C2=C(CO)CN(CC3CCCCCCC3)CC2)c1=O
GSNOZLZNQMLSKJ-UHFFFAOYSA-N,5531.0,trapidil,CCN(CC)c1cc(C)nc2ncnn12
MKPLKVHSHYCHOC-AHTXBMBWSA-N,5282226.0,travoprost,CC(C)OC(=O)CCC\C=C/C[C@H]1[C@@H](O)C[C@@H](O)[C@@H]1\C=C\[C@@H](O)COc1cccc(c1)C(F)(F)F
QEMSVZNTSXPFJA-HNAYVOBHSA-N,219101.0,traxoprodil,C[C@@H]([C@@H](O)c1ccc(O)cc1)N1CCC(O)(CC1)c1ccccc1
PHLBKPHSAVXXEF-UHFFFAOYSA-N,5533.0,trazodone,Clc1cccc(c1)N1CCN(CCCn2nc3ccccn3c2=O)CC1
FDJAKSHVOONYHX-KOLCDFICSA-N,76963054.0,trebenzomine,C[C@H]1Oc2ccccc2C[C@@H]1N(C)C
IWYJYHUNXVAVAA-OAHLLOKOSA-N,15983988.0,trelagliptin,Cn1c(=O)cc(N2CCC[C@@H](N)C2)n(Cc2cc(F)ccc2C#N)c1=O
JSUAJTLKVREZHV-UHFFFAOYSA-N,5534.0,tremorine,C(C#CCN1CCCC1)N1CCCC1
YCPOZVAOBBQLRI-WDSKDSINSA-N,9882105.0,treosulfan,CS(=O)(=O)OC[C@H](O)[C@@H](O)COS(C)(=O)=O
YPTFHLJNWSJXKG-UHFFFAOYSA-N,5536.0,trepibutone,CCOc1cc(OCC)c(cc1OCC)C(=O)CCC(O)=O
PAJMKGZZBBTTOY-ZFORQUDYSA-N,6918140.0,treprostinil,CCCCC[C@H](O)CC[C@H]1[C@H](O)C[C@@H]2Cc3c(C[C@H]12)cccc3OCC(O)=O
MCMSJVMUSBZUCN-YYDJUVGSSA-N,,trequinsin,COc1cc2CCn3c(c\c(=N/c4c(C)cc(C)cc4C)n(C)c3=O)-c2cc1OC
WOCXQMCIOTUMJV-UHFFFAOYSA-N,89105.0,tretazicar,NC(=O)c1cc(N2CC2)c(cc1[N+]([O-])=O)[N+]([O-])=O
SHGAZHPCJJPHSC-YCNIQYBTSA-N,444795.0,tretinoin,C\C(\C=C\C1=C(C)CCCC1(C)C)=C/C=C/C(/C)=C/C(O)=O
URAYPUMNDPQOKB-UHFFFAOYSA-N,5541.0,triacetin,CC(=O)OCC(COC(C)=O)OC(C)=O
GFNANZIMVAIWHM-OBYCQNJPSA-N,31307.0,triamcinolone,C[C@]12C[C@H](O)[C@@]3(F)[C@@H](CCC4=CC(=O)C=C[C@]34C)[C@@H]1C[C@@H](O)[C@]2(O)C(=O)CO
YNDXUCZADRHECN-JNQJZLCISA-N,6436.0,triamcinolone-acetonide,CC1(C)O[C@@H]2C[C@H]3[C@@H]4CCC5=CC(=O)C=C[C@]5(C)[C@@]4(F)[C@@H](O)C[C@]3(C)[C@@]2(O1)C(=O)CO
TZIZWYVVGLXXFV-FLRHRWPCSA-N,21826.0,triamcinolone-hexacetonide,[H][C@@]12C[C@@]3([H])[C@]4([H])CCC5=CC(=O)C=C[C@]5(C)[C@@]4(F)[C@@H](O)C[C@]3(C)[C@@]1(OC(C)(C)O2)C(=O)COC(=O)CC(C)(C)C
FNYLWPVRPXGIIP-UHFFFAOYSA-N,5546.0,triamterene,Nc1nc(N)c2nc(c(N)nc2n1)-c1ccccc1
XMYKNCNAZKMVQN-NYYWCZLTSA-N,9571836.0,triapine,NC(=S)N\N=C\c1ncccc1N
ULLNJSBQMBKOJH-JPHCZMGXSA-N,12874922.0,tribenoside,CCO[C@H]1O[C@H]([C@@H](COCc2ccccc2)OCc2ccccc2)[C@H](OCc2ccccc2)[C@H]1O
KVSKGMLNBAPGKH-UHFFFAOYSA-N,14868.0,tribomsalan,Oc1c(Br)cc(Br)cc1C(=O)Nc1ccc(Br)cc1
YFDSDPIBEUFTMI-UHFFFAOYSA-N,6400.0,tribromoethanol,OCC(Br)(Br)Br
UYXTWWCETRIEDR-UHFFFAOYSA-N,6050.0,tributyrin,CCCC(=O)OCC(COC(=O)CCC)OC(=O)CCC
VLPFTAMPNXLGLX-UHFFFAOYSA-N,10850.0,tricaprylin,CCCCCCCC(=O)OCC(COC(=O)CCCCCCC)OC(=O)CCCCCCC
LMJSLTNSBFUCMU-QMMMGPOBSA-N,12444480.0,trichlormethiazide,NS(=O)(=O)c1cc2c(N[C@@H](NS2(=O)=O)C(Cl)Cl)cc1Cl
YNJBWRMUSHSURL-UHFFFAOYSA-N,6421.0,trichloroacetic-acid,OC(=O)C(Cl)(Cl)Cl
XSTXAVWGXDQKEL-UHFFFAOYSA-N,6575.0,trichloroethylene,ClC=C(Cl)Cl
RTKIYFITIVXBLE-QEQCGCAPSA-N,444732.0,trichostatin-a,C[C@H](\C=C(/C)\C=C\C(=O)NO)C(=O)c1ccc(cc1)N(C)C
HOGVTUZUJGHKPL-HTVVRFAVSA-N,65399.0,triciribine,Cn1nc(N)c2cn([C@@H]3O[C@H](CO)[C@@H](O)[C@H]3O)c3ncnc1c23
URLYINUFLXOMHP-HTVVRFAVSA-N,43860.0,triciribine-phosphate,Cn1nc(N)c2cn([C@@H]3O[C@H](COP(O)(O)=O)[C@@H](O)[C@H]3O)c3ncnc1c23
NQPDXQQQCQDHHW-UHFFFAOYSA-N,50248.0,triclabendazole,CSc1nc2cc(Cl)c(Oc3cccc(Cl)c3Cl)cc2[nH]1
ICUTUKXCWQYESQ-UHFFFAOYSA-N,7547.0,triclocarban,Clc1ccc(NC(=O)Nc2ccc(Cl)c(Cl)c2)cc1
XEFQLINVKFYRCS-UHFFFAOYSA-N,5564.0,triclosan,Oc1cc(Cl)ccc1Oc1ccc(Cl)cc1Cl
NPRHVSBSZMAEIN-NRFANRHFSA-N,6604470.0,tridihexethyl,CC[N+](CC)(CC)CC[C@@](O)(C1CCCCC1)c1ccccc1
VILCJCGEZXAXTO-UHFFFAOYSA-N,5565.0,trientine,NCCNCCNCCN
ONCZDRURRATYFI-TVJDWZFNSA-N,11664966.0,trifloxystrobin,CO\N=C(\C(=O)OC)c1ccccc1CO\N=C(/C)c1cccc(c1)C(F)(F)F
ZEWQUBUPAILYHI-UHFFFAOYSA-N,5566.0,trifluoperazine,CN1CCN(CCCN2c3ccccc3Sc3ccc(cc23)C(F)(F)F)CC1
XSCGXQMFQXDFCW-UHFFFAOYSA-N,5568.0,triflupromazine,CN(C)CCCN1c2ccccc2Sc2ccc(cc12)C(F)(F)F
VSQQQLOSPVPRAZ-RRKCRQDMSA-N,6256.0,trifluridine,OC[C@H]1O[C@H](C[C@@H]1O)n1cc(c(=O)[nH]c1=O)C(F)(F)F
RMWVZGDJPAKBDE-UHFFFAOYSA-N,9458.0,triflusal,CC(=O)Oc1cc(ccc1C(O)=O)C(F)(F)F
WWNNZCOKKKDOPX-UHFFFAOYSA-O,5571.0,trigonelline,C[n+]1cccc(c1)C(O)=O
HWHLPVGTWGOCJO-HXUWFJFHSA-N,207845.0,trihexyphenidyl,O[C@@](CCN1CCCCC1)(C1CCCCC1)c1ccccc1
PDGKHKMBHVFCMG-UHFFFAOYSA-N,68029831.0,trilaciclib,CN1CCN(CC1)c1ccc(Nc2ncc3cc4C(=O)NCC5(CCCCC5)n4c3n2)nc1
RLQVKDVIBJCQGE-PORJLZOZSA-N,5311487.0,trilostane,C[C@]12CC[C@H]3[C@@H](CC[C@@]45O[C@@H]4C(=O)[C@@H](C[C@]35C)C#N)[C@@H]1CC[C@@H]2O
WZBWBNCQUTXYEL-UHFFFAOYSA-N,1359.0,TRIM,FC(F)(F)c1ccccc1-n1ccnc1
LORDFXWUHHSAQU-JOCHJYFZSA-N,13248159.0,trimebutine,CC[C@](COC(=O)c1cc(OC)c(OC)c(OC)c1)(N(C)C)c1ccccc1
UHWVSEOVJBQKBE-UHFFFAOYSA-N,21109.0,trimetazidine,COc1ccc(CN2CCNCC2)c(OC)c1OC
IRYJRGCIQBGHIV-UHFFFAOYSA-N,5576.0,trimethadione,CN1C(=O)OC(C)(C)C1=O
FEZBIKUBAYAZIU-UHFFFAOYSA-N,5577.0,trimethobenzamide,COc1cc(cc(OC)c1OC)C(=O)NCc1ccc(OCCN(C)C)cc1
IEDVJHCEMCRBQM-UHFFFAOYSA-N,5578.0,trimethoprim,COc1cc(Cc2cnc(N)nc2N)cc(OC)c1OC
RGVPOXRFEPSFGH-CQSZACIVSA-N,12224034.0,trimethoquinol,COc1cc(C[C@H]2NCCc3cc(O)c(O)cc23)cc(OC)c1OC
DAKWPKUUDNSNPN-UHFFFAOYSA-N,27423.0,trimethylolpropane-triacrylate,CCC(COC(=O)C=C)(COC(=O)C=C)COC(=O)C=C
XWVOEFLBOSSYGM-UHFFFAOYSA-N,12478.0,trimetozine,COc1cc(cc(OC)c1OC)C(=O)N1CCOCC1
NOYPYLRCIDNJJB-UHFFFAOYSA-N,5583.0,trimetrexate,COc1cc(NCc2ccc3nc(N)nc(N)c3c2C)cc(OC)c1OC
ZSCDBOWYZJWBIY-INIZCTEOSA-N,6604024.0,trimipramine,C[C@@H](CN(C)C)CN1c2ccccc2CCc2ccccc12
FMHHVULEAZTJMA-UHFFFAOYSA-N,5585.0,trioxsalen,Cc1cc2cc3c(C)cc(=O)oc3c(C)c2o1
UFLGIAIHIAPJJC-UHFFFAOYSA-N,5587.0,tripelennamine,CN(C)CCN(Cc1ccccc1)c1ccccn1
CBEQULMOCCWAQT-WOJGMQOQSA-N,5282443.0,triprolidine,Cc1ccc(cc1)C(=C/CN1CCCC1)\c1ccccn1
ZISSAWUMDACLOM-UHFFFAOYSA-N,10044.0,triptan,CC(C)C(C)(C)C
DFBIRQPKNDILPW-CIVMWXNOSA-N,107985.0,triptolide,CC(C)[C@]12O[C@H]1[C@@H]1O[C@]11[C@]3(O[C@H]3C[C@H]3C4=C(CC[C@]13C)C(=O)OC4)[C@@H]2O
VXKHXGOKWPXYNA-PGBVPBMZSA-N,25074470.0,triptorelin,CC(C)C[C@H](NC(=O)[C@@H](Cc1c[nH]c2ccccc12)NC(=O)[C@H](Cc1ccc(O)cc1)NC(=O)[C@H](CO)NC(=O)[C@H](Cc1c[nH]c2ccccc12)NC(=O)[C@H](Cc1cnc[nH]1)NC(=O)[C@@H]1CCC(=O)N1)C(=O)N[C@@H](CCCNC(N)=N)C(=O)N1CCC[C@H]1C(=O)NCC(N)=O
CEJLBZWIKQJOAT-UHFFFAOYSA-N,16726.0,troclosene,Cln1c(=O)[nH]c(=O)n(Cl)c1=O
WUJVPODXELZABP-FWJXURDUSA-N,9917968.0,trodusquemine,[H][C@@]1(CC[C@@]2([H])[C@]3([H])[C@H](O)C[C@@]4([H])C[C@H](CC[C@]4(C)[C@@]3([H])CC[C@]12C)NCCCNCCCCNCCCN)[C@H](C)CC[C@@H](OS(O)(=O)=O)C(C)C
JJGBXTYGTKWGAT-YUMQZZPRSA-N,3080768.0,trofinetide,NCC(=O)N1CCC[C@H]1C(=O)N[C@@H](CCC(O)=O)C(O)=O
UMKFEPPTGMDVMI-KRWDZBQOSA-N,9576166.0,trofosfamide,ClCCN(CCCl)[P@@]1(=O)OCCCN1CCCl
GXPHKUHSUJUWKP-NTKDMRAZSA-N,9824580.0,troglitazone,Cc1c(C)c2O[C@@](C)(COc3ccc(C[C@H]4SC(=O)NC4=O)cc3)CCc2c(C)c1O
LQCLVBQBTUVCEQ-FBZTUZAPSA-N,,troleandomycin,CO[C@H]1C[C@H](O[C@H]2[C@H](C)[C@@H](O[C@@H]3O[C@H](C)C[C@@H]([C@H]3OC(C)=O)N(C)C)[C@@H](C)C[C@@]3(CO3)C(=O)[C@H](C)[C@@H](OC(C)=O)[C@@H](C)[C@@H](C)OC(=O)[C@@H]2C)O[C@@H](C)[C@@H]1OC(C)=O
GLEVLJDDWXEYCO-AWEZNQCLSA-N,688071.0,trolox,Cc1c(C)c2O[C@@](C)(CCc2c(C)c1O)C(O)=O
HLNLBEFKHHCAMV-UHFFFAOYSA-N,31635.0,tromaril,OC(=O)c1ccccc1NCCc1ccccc1
LENZDBCJOHFCAS-UHFFFAOYSA-N,6503.0,trometamol,NC(CO)(CO)CO
HDDNYFLPWFSBLN-ZSHCYNCHSA-N,,"tropanyl-3,5-dimethylbenzoate",CN1[C@H]2CC[C@@H]1C[C@@H](C2)OC(=O)c1cc(C)cc(C)c1
UCCJWNPWWPJKGL-XMMPIXPASA-N,12606305.0,tropesin,COc1ccc2n(C(=O)c3ccc(Cl)cc3)c(C)c(CC(=O)OC[C@@H](C(O)=O)c3ccccc3)c2c1
BGDKAVGWHJFAGW-INIZCTEOSA-N,688595.0,tropicamide,CCN(Cc1ccncc1)C(=O)[C@@H](CO)c1ccccc1
VYLOOGHLKSNNEK-PIIMJCKOSA-N,,tropifexor,OC(=O)c1cc(F)c2nc(sc2c1)N1[C@H]2CC[C@@H]1C[C@@H](C2)OCc1c(onc1-c1ccccc1OC(F)(F)F)C1CC1
ZNRGQMMCGHDTEI-ITGUQSILSA-N,,tropisetron,CN1[C@H]2CC[C@@H]1C[C@@H](C2)OC(=O)c1c[nH]c2ccccc12
OYYDSUSKLWTMMQ-JKHIJQBDSA-N,,trospium,[H][C@]12CC[C@]([H])(C[C@@H](C1)OC(=O)C(O)(c1ccccc1)c1ccccc1)[N+]21CCCC1
WVPSKSLAZQPAKQ-CDMJZVDBSA-N,,trovafloxacin,N[C@H]1[C@@H]2CN(C[C@H]12)c1nc2n(cc(C(O)=O)c(=O)c2cc1F)-c1ccc(F)cc1F
QFWSRMACUIYPGS-ZVBHREPYSA-N,16007396.0,troventol,CCC(CO)(C(=O)OC1C[C@@H]2CC[C@H](C1)[N+]2(C)C)c1ccccc1
HOCFDYZWQYGULA-UHFFFAOYSA-N,3000870.0,trovirdine,Brc1ccc(NC(=S)NCCc2ccccn2)nc1
IYVFNTXFRYQLRP-VVSTWUKXSA-N,5486699.0,troxerutin,C[C@@H]1O[C@@H](OC[C@H]2O[C@@H](Oc3c(oc4cc(OCCO)cc(O)c4c3=O)-c3ccc(OCCO)c(OCCO)c3)[C@H](O)[C@@H](O)[C@@H]2O)[C@H](O)[C@H](O)[C@H]1O
YSIITVVESCNIPR-NSHDSACASA-N,40467000.0,troxipide,COc1cc(cc(OC)c1OC)C(=O)N[C@H]1CCCNC1
DMNOVGJWPASQDL-OAQYLSRUSA-N,66553195.0,TRV130,COc1ccsc1CNCC[C@]1(CCOC2(CCCC2)C1)c1ccccn1
VQQVWGVXDIPORV-UHFFFAOYSA-N,73549.0,tryptanthrin,O=C1c2ccccc2-n2c1nc1ccccc1c2=O
QIVBCDIJIAJPQS-VIFPVBQESA-N,6923516.0,tryptophan,N[C@@H](Cc1c[nH]c2ccccc12)C(O)=O
CQMCOBQPZDLWIX-UHFFFAOYSA-N,,TS-011,[O-][N+]CNc1ccc(N2CCOCC2)c(Cl)c1
FOIVPCKZDPCJJY-JQIJEIRASA-N,5289501.0,TTNPB,C\C(=C/c1ccc(cc1)C(O)=O)c1ccc2c(c1)C(C)(C)CCC2(C)C
RAOULLCLLOGTDA-UHFFFAOYSA-N,1536915.0,TTP-22,Cc1ccc(cc1)-c1csc2ncnc(SCCC(O)=O)c12
LIBAUACOIKWWKP-UHFFFAOYSA-N,4342838.0,TU-2100,CCOC(=O)c1ccccc1OC(=O)CCCCCCCC(=O)Oc1ccccc1C(=O)OCC
VSRBKQFNFZQRBM-SSDOTTSWSA-N,6992808.0,tuaminoheptane,CCCCC[C@@H](C)N
GOVYBPLHWIEHEJ-UHFFFAOYSA-N,49850262.0,tubastatin-A,CN1CCc2c(C1)c1ccccc1n2Cc1ccc(cc1)C(=O)NO
JFJZZMVDLULRGK-URLMMPGGSA-O,6000.0,tubocurarine,COc1cc2CC[N+](C)(C)[C@@H]3Cc4ccc(O)c(Oc5cc6[C@H](Cc7ccc(Oc(c1O)c23)cc7)N(C)CCc6cc5OC)c4
SDEAXTCZPQIFQM-UHFFFAOYSA-N,51039094.0,tucatinib,Cc1cc(Nc2ncnc3ccc(NC4=NC(C)(C)CO4)cc23)ccc1Oc1ccn2ncnc2c1
SZMJVTADHFNAIS-BJMVGYQFSA-N,12136798.0,tucidinostat,Nc1cc(F)ccc1NC(=O)c1ccc(CNC(=O)\C=C\c2cccnc2)cc1
IESDGNYHXIOKRW-YXMSTPNBSA-N,156080.0,tuftsin,C[C@@H](O)[C@H](N)C(=O)N[C@@H](CCCCN)C(=O)N1CCC[C@H]1C(=O)N[C@@H](CCCNC(N)=N)C(O)=O
KIZUBVPJNPVIIN-UHFFFAOYSA-N,66553168.0,TUG-770,OC(=O)CCc1ccc(cc1F)C#Cc1ccccc1CC#N
LPGBXHWIQNZEJB-UHFFFAOYSA-N,57522038.0,TUG-891,Cc1ccc(cc1)-c1ccc(F)cc1COc1ccc(CCC(O)=O)cc1
YREYLAVBNPACJM-NSHDSACASA-N,688591.0,tulobuterol,CC(C)(C)NC[C@H](O)c1ccccc1Cl
JHCFQXNWYDLBOG-UHFFFAOYSA-N,24857397.0,tulrampator,Fc1cccc(CCn2nnc3cc4C(=O)N(COc4cc3c2=O)C2CC2)c1
PQAPVTKIEGUPRN-UHFFFAOYSA-N,11455910.0,TW-37,CC(C)c1ccccc1Cc1cc(C(=O)Nc2ccc(cc2)S(=O)(=O)c2ccccc2C(C)(C)C)c(O)c(O)c1O
VPVLEBIVXZSOMQ-UHFFFAOYSA-N,9549289.0,TWS-119,Nc1cccc(c1)-c1cc2c(Oc3cccc(O)c3)ncnc2[nH]1
PVHLMTREZMEJCG-GDTLVBQBSA-N,46878481.0,TXA127,CC[C@H](C)[C@H](NC(=O)[C@H](Cc1ccc(O)cc1)NC(=O)[C@@H](NC(=O)[C@H](CCCNC(N)=N)NC(=O)[C@@H](N)CC(O)=O)C(C)C)C(=O)N[C@@H](Cc1cnc[nH]1)C(=O)N1CCC[C@H]1C(O)=O
XONRRGIRSGNWFP-UHFFFAOYSA-N,16046248.0,TY-52156,CC(C)(C)C(=O)C(Nc1ccc(Cl)cc1)=NNc1ccc(Cl)cc1
WBPYTXDJUQJLPQ-CQICKBAWSA-N,134129704.0,tylosin,CC[C@H]1OC(=O)C[C@@H](O)[C@H](C)[C@@H](O[C@@H]2O[C@H](C)[C@@H](O[C@H]3C[C@@](C)(O)[C@@H](O)[C@H](C)O3)[C@@H]([C@H]2O)N(C)C)[C@@H](CC=O)C[C@@H](C)C(=O)\C=C\C(\C)=C\[C@@H]1CO[C@@H]1O[C@H](C)[C@@H](O)[C@@H](OC)[C@H]1OC
QRORCRWSRPKEHR-UHFFFAOYSA-N,34154.0,tymazoline,CC(C)c1ccc(C)cc1OCC1=NCCN1
MZOPWQKISXCCTP-UHFFFAOYSA-N,5614.0,tyrphostin-A9,CC(C)(C)c1cc(C=C(C#N)C#N)cc(c1O)C(C)(C)C
QNOXYUNHIGOWNY-UHFFFAOYSA-N,2049.0,tyrphostin-AG-1296,COc1cc2ncc(nc2cc1OC)-c1ccccc1
GFNNBHLJANVSQV-UHFFFAOYSA-N,2051.0,tyrphostin-AG-1478,COc1cc2ncnc(Nc3cccc(Cl)c3)c2cc1OC
VTJXFTPMFYAJJU-UHFFFAOYSA-N,2052.0,tyrphostin-AG-18,Oc1ccc(C=C(C#N)C#N)cc1O
HKHOVJYOELRGMV-XYOKQWHBSA-N,5328771.0,tyrphostin-AG-494,Oc1ccc(\C=C(/C#N)C(=O)Nc2ccccc2)cc1O
KXDONFLNGBQLTN-WUXMJOGZSA-N,6091659.0,tyrphostin-AG-825,COc1cc(\C=C(/C#N)C(N)=O)cc(CSc2nc3ccccc3s2)c1O
UMGQVUWXNOJOSJ-DGGAMASNSA-N,5328769.0,tyrphostin-AG-835,C[C@H](NC(=O)C(=C\c1ccc(O)c(O)c1)\C#N)c1ccccc1
XRZYELWZLNAXGE-KPKJPENVSA-N,135419190.0,tyrphostin-AG-879,CC(C)(C)c1cc(\C=C(/C#N)C(N)=S)cc(c1O)C(C)(C)C
USOXQZNJFMKTKJ-XVNBXDOJSA-N,5328768.0,tyrphostin-AG-99,NC(=O)C(=C\c1ccc(O)c(O)c1)\C#N
GXGXSVFKGDVBMD-UHFFFAOYSA-N,75645652.0,U-0124,CSC(=N)C(C#N)C(C#N)C(=N)SC
ZCHZSBUNJOCWCW-UHFFFAOYSA-N,54539763.0,U-0126,Nc1ccccc1SC(=N)C(C#N)C(C#N)C(=N)Sc1ccccc1N
VDQLKIBLTMPAHI-UHFFFAOYSA-N,21632.0,U-0521,CC(C)C(=O)c1ccc(O)c(O)c1
YJQZNWPYLCNRLP-UHFFFAOYSA-N,310360.0,U-104,NS(=O)(=O)c1ccc(NC(=O)Nc2ccc(F)cc2)cc1
DMZCCFMMPHJWQY-BKWLFHPQSA-N,9954083.0,U-18666A,CCN(CC)CCO[C@H]1CC[C@]2(C)[C@H]3CC[C@@]4(C)[C@@H](CCC4=O)[C@@H]3CC=C2C1
VQLPLYSROCPWFF-ROUUACIJSA-N,6604724.0,U-50488-(-),CN([C@H]1CCCC[C@@H]1N1CCCC1)C(=O)Cc1ccc(Cl)c(Cl)c1
JUBNVWGVNWIXMB-SJORKVTESA-N,183470.0,U-54494A,CN([C@@H]1CCCC[C@@H]1N1CCCC1)C(=O)c1ccc(Cl)c(Cl)c1
WZHKXNSOCOQYQX-FUAFALNISA-N,9919153.0,U-75799E,C[C@H](NC(=O)[C@@H](Cc1c[nH]c2ccccc12)NC(=O)[C@@H](N)Cc1cnc[nH]1)C(=O)N[C@@H](Cc1c[nH]c2ccccc12)C(=O)N[C@H](Cc1ccccc1)C(=O)N[C@@H](CCCCN)C(N)=O
UOLJKAPABHXFRE-UHFFFAOYSA-N,5626.0,U-99194,CCCN(CCC)C1Cc2cc(OC)c(OC)cc2C1
DNVZYSMOLXCOLY-HNNXBMFYSA-N,11232124.0,UAMC-00039,N[C@@H](CCNCc1ccc(Cl)cc1)C(=O)N1CCCCC1
TVSNVPGPFGAKPT-JQWIXIFHSA-N,6604855.0,UB-165,Clc1ccc(cn1)C1=CCC[C@H]2CC[C@@H]1N2
VGGGPCQERPFHOB-RDBSUJKOSA-N,72172.0,ubenimex,CC(C)C[C@H](NC(=O)[C@@H](O)[C@H](N)Cc1ccccc1)C(O)=O
UUIYULWYHDSXHL-NSHDSACASA-N,6420161.0,UBP-296,N[C@@H](Cn1ccc(=O)n(Cc2ccccc2C(O)=O)c1=O)C(O)=O
UUIYULWYHDSXHL-NSHDSACASA-N,6420161.0,UBP-302,N[C@@H](Cn1ccc(=O)n(Cc2ccccc2C(O)=O)c1=O)C(O)=O
ZTAZUCRXCRXNSU-VIFPVBQESA-N,6420160.0,UBP-310,Cc1cn(C[C@H](N)C(O)=O)c(=O)n(Cc2ccsc2C(O)=O)c1=O
LTGLGIQQZXSLLF-UHFFFAOYSA-N,3426979.0,UC-112,Oc1c(CN2CCCC2)cc(COCc2ccccc2)c2cccnc12
PQFNWDHABGBCHB-UHFFFAOYSA-N,24868317.0,UCL-2077,C(NC(c1ccccc1)(c1ccccc1)c1ccccc1)c1cccnc1
IYFNEFQTYQPVOC-KRWDZBQOSA-N,135564686.0,udenafil,CCCOc1ccc(cc1-c1nc2c(CCC)nn(C)c2c(=O)[nH]1)S(=O)(=O)NCC[C@@H]1CCCN1C
BVQCFCYPFJOOAV-UHFFFAOYSA-N,4596836.0,UF-010,CCCCNNC(=O)c1ccc(Br)cc1
JDLSRXWHEBFHNC-UHFFFAOYSA-N,5632.0,ufenamate,CCCCOC(=O)c1ccccc1Nc1cccc(c1)C(F)(F)F
BTOJYCTUJJHANF-WMLDXEAASA-N,6604756.0,UH-232-(+),CCCN(CCC)[C@@H]1CCc2c(OC)cccc2[C@@H]1C
JJHRUUKMPWUYIB-HVOSOHGQSA-N,10370504.0,UK-356618,C[C@@H](NC(=O)[C@@H](NC(=O)[C@H](CCCc1ccc(c(C)c1)-c1ccccc1)CC(=O)NO)C(C)(C)C)c1ccccc1
ARJCBSRIPGJMAD-LLVKDONJSA-N,9818682.0,UK-383367,NC(=O)c1noc(n1)[C@H](CCCC1CCCCC1)CC(=O)NO
BIZNHCWFGNKBBZ-JLHYYAGUSA-N,6438504.0,UK-5099,OC(=O)C(=C\c1cn(-c2ccccc2)c2ccccc12)\C#N
ISJSHQTWOHGCMM-NDEPHWFRSA-N,9895193.0,uki-1,CCOC(=O)N1CCN(CC1)C(=O)[C@H](Cc1cccc(c1)C(N)=N)NS(=O)(=O)c1c(cc(cc1C(C)C)C(C)C)C(C)C
SUXQDLLXIBLQHW-MRVPVSSYSA-N,40490637.0,ulifloxacin,C[C@H]1Sc2c(C(O)=O)c(=O)c3cc(F)c(cc3n12)N1CCNCC1
OOLLAFOLCSJHRE-ZHAKMVSLSA-N,130904.0,ulipristal,CN(C)c1ccc(cc1)[C@H]1C[C@@]2(C)[C@@H](CC[C@]2(OC(C)=O)C(C)=O)[C@@H]2CCC3=CC(=O)CCC3=C12
FVTWTVQXNAJTQP-UHFFFAOYSA-N,11519070.0,umeclidinium,OC(c1ccccc1)(c1ccccc1)C12CC[N+](CCOCc3ccccc3)(CC1)CC2
WCKZRLOUKYFJDY-UHFFFAOYSA-N,16048966.0,unbs-5162,CN(C)CCN1C(=O)c2cccc3cc(NC(N)=O)cc(C1=O)c23
XIVUGRBSBIXXJE-UHFFFAOYSA-N,44251522.0,UNC0224,COc1cc2c(NC3CCN(C)CC3)nc(nc2cc1OCCCN(C)C)N1CCCN(C)CC1
AULLUGALUBVBDD-UHFFFAOYSA-N,46901937.0,UNC0321,COc1cc2c(NC3CCN(C)CC3)nc(nc2cc1OCCOCCN(C)C)N1CCCN(C)CC1
XFAXSWXKPQWHDW-UHFFFAOYSA-N,53315868.0,UNC0631,COc1cc2c(NC3CCN(CC4CCCCC4)CC3)nc(nc2cc1OCCCN1CCCCC1)N1CCCN(CC1)C(C)C
QOECJCJVIMVJGX-UHFFFAOYSA-N,46224516.0,UNC0638,COc1cc2c(NC3CCN(CC3)C(C)C)nc(nc2cc1OCCCN1CCCC1)C1CCCCC1
RNAMYOYQYRYFQY-UHFFFAOYSA-N,53315878.0,UNC0642,COc1cc2c(NC3CCN(CC3)C(C)C)nc(nc2cc1OCCCN1CCCC1)N1CCC(F)(F)CC1
OUKWLRHRXOPODD-UHFFFAOYSA-N,53315882.0,UNC0646,COc1cc2c(NC3CCN(CC3)C3CCCCC3)nc(nc2cc1OCCCN1CCCCC1)N1CCCN(CC1)C(C)C
ATORKVYCKKBNTF-UHFFFAOYSA-N,52953431.0,UNC0737,COc1cc2c(nc(nc2cc1OCCCN1CCCC1)C1CCCCC1)N(C)C1CCN(CC1)C(C)C
PQOOIERVZAXHBP-UHFFFAOYSA-N,57339144.0,UNC1215,O=C(N1CCC(CC1)N1CCCC1)c1ccc(C(=O)N2CCC(CC2)N2CCCC2)c(Nc2ccccc2)c1
DPJNKUOXBZSZAI-UHFFFAOYSA-N,72551585.0,UNC1999,CCCc1cc(C)[nH]c(=O)c1CNC(=O)c1cc(cc2n(ncc12)C(C)C)-c1ccc(nc1)N1CCN(CC1)C(C)C
MJSHVHLADKXCML-RQNOJGIXSA-N,,UNC2025,CCCCNc1ncc2c(cn([C@H]3CC[C@H](O)CC3)c2n1)-c1ccc(CN2CCN(C)CC2)cc1
HSYSSKFCQHXOBP-MXVIHJGJSA-N,,UNC2250,CCCCNc1ncc(c(N[C@H]2CC[C@H](O)CC2)n1)-c1ccc(CN2CCOCC2)cn1
MYTRGTBDVGKKRO-UHFFFAOYSA-N,71583615.0,UNC2327,O=C(NCC(=O)N1CCCCC1)Nc1ccc2nnsc2c1
RZCNASHHHSKTGP-UHFFFAOYSA-N,46355372.0,UNC3230,NC(=O)c1nc(Nc2ccccc2)sc1NC(=O)C1CCCCC1
CQERVFFAOOUFEQ-UHFFFAOYSA-N,46931242.0,UNC669,Brc1cncc(c1)C(=O)N1CCC(CC1)N1CCCC1
OWGLFIKZKQOYHZ-UHFFFAOYSA-N,61041645.0,UNC926,Brc1cccc(c1)C(=O)N1CCC(CC1)N1CCCC1
FRPZMMHWLSIFAZ-UHFFFAOYSA-N,5634.0,undecylenic-acid,OC(=O)CCCCCCCCC=C
WYQFJHHDOKWSHR-MNOVXSKESA-N,58557659.0,upadacitinib,CC[C@@H]1CN(C[C@@H]1c1cnc2cnc3[nH]ccc3n12)C(=O)NCC(F)(F)F
HUASEDVYRABWCV-NDEPHWFRSA-N,9852201.0,upamostat,CCOC(=O)N1CCN(CC1)C(=O)[C@H](Cc1cccc(c1)C(=N)NO)NS(=O)(=O)c1c(cc(cc1C(C)C)C(C)C)C(C)C
JJWMRRNGWSITSQ-UHFFFAOYSA-N,25015515.0,UPF-1069,O=C(COc1cccc2c1cc[nH]c2=O)c1ccccc1
SFPFZQKYPOWCSI-IQWMDFIBSA-N,117885113.0,uprifosbuvir,CC(C)OC(=O)[C@H](C)N[P@](=O)(OC[C@H]1O[C@@H](n2ccc(=O)[nH]c2=O)[C@](C)(Cl)[C@@H]1O)Oc1ccccc1
AXTAPYRUEKNRBA-JTQLQIEISA-N,51042438.0,uprosertib,Cn1ncc(Cl)c1-c1cc(oc1Cl)C(=O)N[C@H](CN)Cc1ccc(F)c(F)c1
ISAKRJDGNUQOIC-UHFFFAOYSA-N,1174.0,uracil,O=c1cc[nH]c(=O)[nH]1
IDPUKCWIGUEADI-UHFFFAOYSA-N,6194.0,uracil-mustard,ClCCN(CCCl)c1c[nH]c(=O)[nH]c1=O
ICMGLRUYEQNHPF-UHFFFAOYSA-N,5639.0,urapidil,COc1ccccc1N1CCN(CCCNc2cc(=O)n(C)c(=O)n2C)CC1
ROFVXGGUISEHAM-UHFFFAOYSA-N,1383884.0,URB597,NC(=O)c1cccc(c1)-c1cccc(OC(=O)NC2CCCCC2)c1
XSQUKJJJFZCRTK-UHFFFAOYSA-N,1176.0,urea,NC(N)=O
JOYRKODLDBILNP-UHFFFAOYSA-N,5641.0,urethane,CCOC(N)=O
LEHOTFFKMJEONL-UHFFFAOYSA-N,1175.0,uric-acid,O=c1[nH]c2[nH]c(=O)[nH]c(=O)c2[nH]1
DRTQHJPVMGBUCF-XVFCMESISA-N,6029.0,uridine,OC[C@H]1O[C@H]([C@H](O)[C@@H]1O)n1ccc(=O)[nH]c1=O
PGAVKCOVUIYSFO-XVFCMESISA-N,6133.0,uridine-5'-triphosphate,O[C@@H]1[C@@H](COP(O)(=O)OP(O)(=O)OP(O)(O)=O)O[C@H]([C@@H]1O)n1ccc(=O)[nH]c1=O
AUFUWRKPQLGTGF-FMKGYKFTSA-N,20058.0,uridine-triacetate,CC(=O)OC[C@H]1O[C@H]([C@H](OC(C)=O)[C@@H]1OC(C)=O)n1ccc(=O)[nH]c1=O
QKKIWEILHCXECO-UHFFFAOYSA-N,54764565.0,URMC-099,CN1CCN(Cc2ccc(cc2)-c2cnc3[nH]cc(-c4ccc5[nH]ccc5c4)c3c2)CC1
RIUPLDUFZCXCHM-UHFFFAOYSA-N,5488186.0,urolithin-A,Oc1ccc2c(c1)oc(=O)c1cc(O)ccc21
BHTRKEVKTKCXOH-LBSADWJPSA-N,9848818.0,ursodeoxycholyltaurine,C[C@H](CCC(=O)NCCS(O)(=O)=O)[C@H]1CC[C@H]2[C@@H]3[C@@H](O)C[C@@H]4C[C@H](O)CC[C@]4(C)[C@H]3CC[C@]12C
RUDATBOHQWOJDD-UZVSRGJWSA-N,31401.0,ursodiol,C[C@H](CCC(O)=O)[C@H]1CC[C@H]2[C@@H]3[C@@H](O)C[C@@H]4C[C@H](O)CC[C@]4(C)[C@H]3CC[C@]12C
WCGUUGGRBIKTOS-GPOJBZKASA-N,64945.0,ursolic-acid,C[C@@H]1CC[C@@]2(CC[C@]3(C)C(=CC[C@@H]4[C@@]5(C)CC[C@H](O)C(C)(C)[C@@H]5CC[C@@]34C)[C@@H]2[C@H]1C)C(O)=O
ZQHDVMCIDXEICF-GOSISDBHSA-N,,usniacin-(+),CC(O)=C1C(=O)C=C2Oc3c(c(O)c(C)c(O)c3C(C)=O)[C@]2(C)C1=O
KKCOGNFFBYOKMA-UHFFFAOYSA-N,1376860.0,V-51,COc1cc(CN2CCN(CC2)c2ccc(F)cc2)cc(OC)c1OC
IOOWNWLVCOUUEX-WPRPVWTQSA-N,56649692.0,vaborbactam,OB1O[C@H](CC(O)=O)CC[C@@H]1NC(=O)Cc1cccs1
JGRXMPYUTJLTKT-UHFFFAOYSA-N,23634441.0,vadadustat,OC(=O)CNC(=O)c1ncc(cc1O)-c1cccc(Cl)c1
VEYJKJORLPYVLO-RYUDHWBXSA-N,7009555.0,val-tyr,CC(C)[C@H](N)C(=O)N[C@@H](Cc1ccc(O)cc1)C(O)=O
HDOVUKNUBWVHOX-QMMMGPOBSA-N,135398742.0,valaciclovir,CC(C)[C@H](N)C(=O)OCCOCn1cnc2c1[nH]c(N)nc2=O
GEJDGVNQKABXKG-CFKGEZKQSA-N,24795069.0,valbenazine,[H][C@]12C[C@@H](OC(=O)[C@@H](N)C(C)C)[C@H](CC(C)C)CN1CCc1cc(OC)c(OC)cc21
LNPDTQAFDNKSHK-UHFFFAOYSA-N,119607.0,valdecoxib,Cc1onc(c1-c1ccc(cc1)S(N)(=O)=O)-c1ccccc1
UPPMZCXMQRVMME-SJLPKXTDSA-N,38989053.0,valethamate,CC[C@@H](C)[C@@H](C(=O)OCC[N+](C)(CC)CC)c1ccccc1
WPVFJKSGQUFQAP-BDAKNGLRSA-N,135483663.0,valganciclovir,CC(C)[C@H](N)C(=O)OC[C@@H](CO)OCn1cnc2c1[nH]c(N)nc2=O
LLYYNOVSVPBRGV-MVNKZKPCSA-N,9850878.0,valnemulin,CC(C)[C@@H](N)C(=O)NCC(C)(C)SCC(=O)O[C@@H]1C[C@@](C)(C=C)[C@@H](O)[C@H](C)[C@]23CCC(=O)[C@H]2[C@@]1(C)[C@H](C)CC3
QRCJOCOSPZMDJY-RNFRBKRXSA-N,36689722.0,valnoctamide,CC[C@@H](C)[C@@H](CC)C(N)=O
NIJJYAXOARWZEE-UHFFFAOYSA-N,3121.0,valproic-acid,CCCC(CCC)C(O)=O
OMOMUFTZPTXCHP-UHFFFAOYSA-N,71113.0,valpromide,CCCC(CCC)C(N)=O
RALGCAOVRLYSMA-UHFFFAOYSA-N,6918293.0,valrocemide,CCCC(CCC)C(=O)NCC(N)=O
ZOCKGBMQLCSHFP-KQRAQHLDSA-N,454216.0,valrubicin,CCCCC(=O)OCC(=O)[C@@]1(O)C[C@H](O[C@H]2C[C@H](NC(=O)C(F)(F)F)[C@H](O)[C@H](C)O2)c2c(O)c3C(=O)c4c(OC)cccc4C(=O)c3c(O)c2C1
JZCWLJDSIRUGIN-UHFFFAOYSA-N,59472121.0,VE-822,CNCc1ccc(cc1)-c1cc(on1)-c1nc(cnc1N)-c1ccc(cc1)S(=O)(=O)C(C)C
ACWBQPMHZXGDFX-QFIPXVFZSA-N,60846.0,valsartan,CCCCC(=O)N(Cc1ccc(cc1)-c1ccccc1-c1nn[nH]n1)[C@@H](C(C)C)C(O)=O
YJDYDFNKCBANTM-QCWCSKBGSA-N,5281884.0,valspodar,C\C=C\C[C@@H](C)C(=O)[C@@H]1N(C)C(=O)[C@H](C(C)C)N(C)C(=O)[C@H](CC(C)C)N(C)C(=O)[C@H](CC(C)C)N(C)C(=O)[C@@H](C)NC(=O)[C@H](C)NC(=O)[C@H](CC(C)C)N(C)C(=O)[C@@H](NC(=O)[C@H](CC(C)C)N(C)C(=O)CN(C)C(=O)[C@@H](NC1=O)C(C)C)C(C)C
MYPYJXKWCTUITO-LYRMYLQWSA-N,14969.0,vancomycin,CN[C@H](CC(C)C)C(=O)N[C@@H]1[C@H](O)c2ccc(Oc3cc4cc(Oc5ccc(cc5Cl)[C@@H](O)[C@@H]5NC(=O)[C@H](NC(=O)[C@@H]4NC(=O)[C@H](CC(N)=O)NC1=O)c1ccc(O)c(c1)-c1c(O)cc(O)cc1[C@H](NC5=O)C(O)=O)c3O[C@@H]1O[C@H](CO)[C@@H](O)[C@H](O)[C@H]1O[C@H]1C[C@](C)(N)[C@H](O)[C@H](C)O1)c(Cl)c2
UHTHHESEBZOYNR-UHFFFAOYSA-N,3081361.0,vandetanib,COc1cc2c(Nc3ccc(Br)cc3F)ncnc2cc1OCC1CCN(C)CC1
MWOOGOJBHIARFG-UHFFFAOYSA-N,1183.0,vanillin,COc1cc(C=O)ccc1O
OJYLAHXKWMRDGS-UHFFFAOYSA-N,31211.0,vanillylacetone,COc1cc(CCC(C)=O)ccc1O
KUQWGLQLLVFLSM-ONAXAZCASA-N,24765256.0,vaniprevir,CC[C@@H]1C[C@]1(NC(=O)[C@@H]1C[C@@H]2CN1C(=O)[C@@H](NC(=O)OCC(C)(C)CCCCc1cccc3CN(Cc13)C(=O)O2)C(C)(C)C)C(=O)NS(=O)(=O)C1CC1
WQYRHRAZNNRDIA-UHFFFAOYSA-N,72146.0,vanitiolide,COc1cc(ccc1O)C(=S)N1CCOCC1
NAUWTFJOPJWYOT-UHFFFAOYSA-N,3455.0,vanoxerine,Fc1ccc(cc1)C(OCCN1CCN(CCCc2ccccc2)CC1)c1ccc(F)cc1
DKSVBVKHUICELN-UHFFFAOYSA-N,504457.0,vapendavir,CCOc1noc2cc(OCCC3CCN(CC3)c3ccc(C)nn3)ccc12
SECKRCOLJRRGGV-UHFFFAOYSA-N,135400189.0,vardenafil,CCCc1nc(C)c2n1[nH]c(nc2=O)-c1cc(ccc1OCC)S(=O)(=O)N1CCN(CC)CC1
JQSHBVHOMNKWFT-DTORHVGOSA-N,5310966.0,varenicline,C1[C@H]2CNC[C@@H]1c1cc3nccnc3cc21
BHLXTPHDSZUFHR-UHFFFAOYSA-N,155815.0,varespladib,CCc1c(C(=O)C(N)=O)c2c(OCC(O)=O)cccc2n1Cc1ccccc1
KBZOIRJILGZLEJ-PLCMWKKKSA-N,133698096.0,vasopressin,N[C@H]1CSSC[C@H](NC(=O)[C@H](CC(N)=O)NC(=O)[C@H](CCC(N)=O)NC(=O)[C@H](Cc2ccccc2)NC(=O)[C@H](Cc2ccc(O)cc2)NC1=O)C(=O)N1CCC[C@H]1C(=O)N[C@@H](CCCNC(N)=N)C(=O)NCC(N)=O
YCOYDOIWSSHVCK-UHFFFAOYSA-N,151194.0,vatalanib,Clc1ccc(Nc2nnc(Cc3ccncc3)c3ccccc23)cc1
GTBKISRCRQUFNL-OXJNMPFZSA-N,163952.0,vatinoxan,[H][C@@]12C[C@@]3(CNC(=O)N3CCNS(C)(=O)=O)CCN1CCc1c2oc2ccccc12
PPUXXDKQNAHHON-BJLQDIEVSA-N,70945511.0,VBY-825,CC[C@H](NC(=O)[C@H](CS(=O)(=O)CC1CC1)N[C@@H](c1ccc(F)cc1)C(F)(F)F)C(=O)C(=O)NC1CC1
LNYKGELUODVSNS-YSXIEMCBSA-N,,VCH-916,CO[C@H]1CC[C@@H](CC1)N(C(=O)[C@H]1CC[C@H](C)CC1)c1cc(sc1C(O)=O)C1=CCCCC1
DUIHHZKTCSNTGM-UHFFFAOYSA-N,51000408.0,VE-821,CS(=O)(=O)c1ccc(cc1)-c1cnc(N)c(n1)C(=O)Nc1ccccc1
QLRRJMOBVVGXEJ-XHSDSOJGSA-N,72547837.0,vecabrutinib,NC(=O)[C@H]1CCN(C[C@@H]1N1CCC[C@@H](Nc2cc(Cl)cc(c2)C(F)(F)F)C1=O)c1ncnc(N)c1F
BGSZAXLLHYERSY-XQIGCQGXSA-N,39765.0,vecuronium,CC(=O)O[C@H]1[C@H](C[C@H]2[C@@H]3CC[C@H]4C[C@H](OC(C)=O)[C@H](C[C@]4(C)[C@H]3CC[C@]12C)N1CCCCC1)[N+]1(C)CCCCC1
VZUGVMQFWFVFBX-ZDUSSCGKSA-N,25271747.0,vedaprofen,C[C@H](C(O)=O)c1ccc(C2CCCCC2)c2ccccc12
NSUDGNLOXMLAEB-UHFFFAOYSA-N,72162.0,velaresol,OC(=O)CCCCOc1cccc(O)c1C=O
LZWZPGLVHLSWQX-XMMPIXPASA-N,57751161.0,veledimex,CCC[C@@H](N(NC(=O)c1cccc(OC)c1CC)C(=O)c1cc(C)cc(C)c1)C(C)(C)C
ZEYYDOLCHFETHQ-JOCHJYFZSA-N,123723.0,veliflapon,OC(=O)[C@H](C1CCCC1)c1ccc(OCc2ccc3ccccc3n2)cc1
JNAHVYVRKWKWKQ-CYBMUJFWSA-N,11960529.0,veliparib,C[C@@]1(CCCN1)c1nc2cccc(C(N)=O)c2[nH]1
WGEWUYACXPEFPO-AULYBMBSSA-N,,velneperit,CC(C)(C)S(=O)(=O)N[C@H]1CC[C@@H](CC1)C(=O)Nc1ccc(cn1)C(F)(F)F
FHCUMDQMBHQXKK-CDIODLITSA-N,67683363.0,velpatasvir,COC[C@H]1C[C@H](N(C1)C(=O)[C@H](NC(=O)OC)c1ccccc1)c1nc(c[nH]1)-c1ccc-2c(COc3cc4c5nc([nH]c5ccc4cc-23)[C@@H]2CC[C@H](C)N2C(=O)[C@@H](NC(=O)OC)C(C)C)c1
GPXBXXGIAQBQNI-UHFFFAOYSA-N,42611257.0,vemurafenib,CCCS(=O)(=O)Nc1ccc(F)c(C(=O)c2c[nH]c3ncc(cc23)-c2ccc(Cl)cc2)c1F
LQBVNQSMGBZMKD-UHFFFAOYSA-N,49846579.0,venetoclax,CC1(C)CCC(CN2CCN(CC2)c2ccc(C(=O)NS(=O)(=O)c3ccc(NCC4CCOCC4)c(c3)[N+]([O-])=O)c(Oc3cnc4[nH]ccc4c3)c2)=C(C1)c1ccc(Cl)cc1
PNVNVHUZROJLTJ-MRXNPFEDSA-N,11846746.0,venlafaxine,COc1ccc(cc1)[C@@H](CN(C)C)C1(O)CCCCC1
ZXGGCBQORXDVTE-UMCMBGNQSA-N,25195348.0,VER-155008,Nc1ncnc2n([C@@H]3O[C@H](COCc4ccc(cc4)C#N)[C@@H](O)[C@H]3O)c(NCc3ccc(Cl)c(Cl)c3)nc12
HUNAOTXNHVALTN-UHFFFAOYSA-N,4369536.0,VER-49009,CCNC(=O)c1[nH]nc(c1-c1ccc(OC)cc1)-c1cc(Cl)c(O)cc1O
RYJXBGGBZJGVQF-LBPRGKRZSA-N,989438.0,veralipride,COc1cc(cc(C(=O)NC[C@@H]2CCCN2CC=C)c1OC)S(N)(=O)=O
SGTNSNPWRIOYBX-UHFFFAOYSA-N,2520.0,verapamil,COc1ccc(CCN(C)CCCC(C#N)(C(C)C)c2ccc(OC)c(OC)c2)cc1OC
FBSKJMQYURKNSU-ZLSOWSIRSA-N,5281800.0,verbascoside,C[C@@H]1O[C@@H](O[C@@H]2[C@@H](O)[C@H](OCCc3ccc(O)c(O)c3)O[C@H](CO)[C@H]2OC(=O)\C=C\c2ccc(O)c(O)c2)[C@H](O)[C@H](O)[C@H]1O
JRWROCIMSDXGOZ-UHFFFAOYSA-N,10343454.0,vercirnon,CC(C)(C)c1ccc(cc1)S(=O)(=O)Nc1ccc(Cl)cc1C(=O)c1cc[n+]([O-])cc1
OPAKEJZFFCECPN-XQRVVYSFSA-N,71492799.0,verdinexor,FC(F)(F)c1cc(cc(c1)C(F)(F)F)-c1ncn(\C=C/C(=O)NNc2ccccn2)n1
FVJCUZCRPIMVLB-UHFFFAOYSA-N,11528958.0,verdiperstat,CC(C)OCCn1c2cc[nH]c2c(=O)[nH]c1=S
QZFHIXARHDBPBY-UHFFFAOYSA-N,54674461.0,vericiguat,COC(=O)Nc1c(N)nc(nc1N)-c1nn(Cc2ccccc2F)c2ncc(F)cc12
YYBOLPLTQDKXPM-UHFFFAOYSA-N,54767229.0,verinurad,CC(C)(Sc1ccncc1-c1ccc(C#N)c2ccccc12)C(O)=O
VBHQKCBVWWUUKN-KZNAEPCWSA-N,9930049.0,vernakalant,COc1ccc(CCO[C@@H]2CCCC[C@H]2N2CC[C@@H](O)C2)cc1OC
VLGTZPSSBIXGAI-SUPIZNKRSA-N,,verteporfin,COC(=O)CCc1c(C)c2cc3[nH]c(cc4nc(cc5nc(cc1[nH]2)c(CCC(O)=O)c5C)c(C=C)c4C)C1=CC=C([C@@H](C(=O)OC)[C@@]31C)C(=O)OC
YHYKUSGACIYRML-KRWDZBQOSA-N,51352361.0,verubecestat,CN1C(N)=N[C@@](C)(CS1(=O)=O)c1cc(NC(=O)c2ccc(F)cn2)ccc1F
SNHCRNMVYDHVDT-UHFFFAOYSA-N,11414799.0,verubulin,COc1ccc(cc1)N(C)c1nc(C)nc2ccccc12
VKHVAUKFLBBZFJ-SFHVURJKSA-N,11596613.0,verucerfont,CC[C@H](Nc1cc(C)nc2c(c(C)nn12)-c1ccc(OC)cc1C)c1nc(C)no1
YSSBJODGIYRAMI-IAGOWNOFSA-N,659840.0,vesamicol,O[C@@H]1CCCC[C@H]1N1CCC(CC1)c1ccccc1
ZVNYJIZDIRKMBF-UHFFFAOYSA-N,5663.0,vesnarinone,COc1ccc(cc1OC)C(=O)N1CCN(CC1)c1ccc2NC(=O)CCc2c1
MUFJHYRCIHHATF-SECBINFHSA-N,92981775.0,VGX-1027,OC(=O)C[C@H]1CC(=NO1)c1ccccc1
CNPVJJQCETWNEU-CYFREDJKSA-N,3009355.0,vicriviroc,COC[C@H](N1CCN(C[C@@H]1C)C1(C)CCN(CC1)C(=O)c1c(C)ncnc1C)c1ccc(cc1)C(F)(F)F
OIRDTQYFTABQOQ-UHTZMRCNSA-N,21704.0,vidarabine,Nc1ncnc2n(cnc12)[C@@H]1O[C@H](CO)[C@@H](O)[C@@H]1O
PJDFLNIOAUIZSL-RXMQYKEDSA-N,40466946.0,vigabatrin,N[C@@H](CCC(O)=O)C=C
SGEGOXDYSFKCPT-UHFFFAOYSA-N,6918314.0,vilazodone,NC(=O)c1cc2cc(ccc2o1)N1CCN(CCCCc2c[nH]c3ccc(cc23)C#N)CC1
SYOKIDBDQMKNDQ-NHMCJKAESA-N,,vildagliptin,O[C@]12C[C@@H]3C[C@H](C1)C[C@@](C3)(C2)NCC(=O)N1CCC[C@H]1C#N
YWPHCCPCQOJSGZ-LLVKDONJSA-N,12226596.0,viloxazine,CCOc1ccccc1OC[C@H]1CNCCO1
JXLYSJRDGCGARV-CFWMRBGOSA-N,13342.0,vinblastine,CC[C@]1(O)C[C@@H]2C[N@](C1)CCc1c([nH]c3ccccc13)[C@@](C2)(C(=O)OC)c1cc2c(cc1OC)N(C)[C@@H]1[C@]22CCN3CC=C[C@](CC)([C@@H]23)[C@@H](OC(C)=O)[C@]1(O)C(=O)OC
WYJAPUKIYAZSEM-MOPGFXCFSA-N,71203.0,vinburnine,CC[C@@]12CCCN3CCc4c([C@H]13)n(C(=O)C2)c1ccccc41
RXPRRQLKFXBCSJ-GIVPXCGWSA-N,15376.0,vincamine,CC[C@@]12CCCN3CCc4c([C@H]13)n(c1ccccc41)[C@](O)(C2)C(=O)OC
OGWKCGZFUXNPDA-CFWMRBGOSA-N,5388993.0,vincristine,CC[C@]1(O)C[C@@H]2C[N@](C1)CCc1c([nH]c3ccccc13)[C@@](C2)(C(=O)OC)c1cc2c(cc1OC)N(C=O)[C@@H]1[C@]22CCN3CC=C[C@](CC)([C@@H]23)[C@@H](OC(C)=O)[C@]1(O)C(=O)OC
HHJUWIANJFBDHT-KOTLKJBCSA-N,40839.0,vindesine,CC[C@]1(O)C[C@H]2CN(C1)CCc1c([nH]c3ccccc13)[C@@](C2)(C(=O)OC)c1cc2c(cc1OC)N(C)[C@@H]1[C@]22CCN3CC=C[C@](CC)([C@@H]23)[C@@H](O)[C@]1(O)C(N)=O
NOSAJPUYIASWEH-USRBKURZSA-N,11967282.0,vinflunine,CC[C@@]12C=CCN3CC[C@@]4([C@H]13)[C@@H](N(C)c1cc(OC)c(cc41)[C@]1(C[C@@H]3C[C@H](C[N@@](C3)CCc3c1[nH]c1ccccc31)C(C)(F)F)C(=O)OC)[C@](O)([C@@H]2OC(C)=O)C(=O)OC
SCKXBVLYWLLALY-CZCYGEDCSA-N,71523377.0,VLX1570,[O-][N+](=O)c1cc(\C=C2/CCN(C\C(=C/c3ccc(F)c(c3)[N+]([O-])=O)C2=O)C(=O)C=C)ccc1F
GBABOYUKABKIAF-IELIFDKJSA-N,5311497.0,vinorelbine,CCC1=C[C@@H]2C[N@](C1)Cc1c([nH]c3ccccc13)[C@@](C2)(C(=O)OC)c1cc2c(cc1OC)N(C)[C@@H]1[C@]22CCN3CC=C[C@](CC)([C@@H]23)[C@@H](OC(C)=O)[C@]1(O)C(=O)OC
DDNCQMVWWZOMLN-IRLDBZIGSA-N,443955.0,vinpocetine,CCOC(=O)C1=C[C@]2(CC)CCCN3CCc4c([C@H]23)n1c1ccccc41
NSWGELWYFNCPHU-RWOORDGESA-N,,viomycin,NCCC[C@H](N)CC(=O)N[C@H]1CNC(=O)[C@@H](NC(=O)C(NC(=O)[C@H](CO)NC(=O)[C@H](CO)NC1=O)C=NC(N)=O)[C@H]1C[C@H](O)N=C(N)N1
HQSBCDPYXDGTCL-UHFFFAOYSA-N,21874557.0,vipadenant,Cc1cc(Cn2nnc3c(nc(N)nc23)-c2ccco2)ccc1N
BPQMGSKTAYIVFO-UHFFFAOYSA-N,24776445.0,vismodegib,CS(=O)(=O)c1ccc(C(=O)Nc2ccc(Cl)c(c2)-c2ccccn2)c(Cl)c1
ZFUDULLGKXSPPH-UHFFFAOYSA-N,16679092.0,visomitin,CC1=C(C)C(=O)C(CCCCCCCCCC[P+](c2ccccc2)(c2ccccc2)c2ccccc2)=CC1=O
RMRCNWBMXRMIRW-WZHZPDAFSA-M,,vitamin-B12,C[C@H](CNC(=O)CC[C@]1(C)[C@@H](CC(N)=O)[C@H]2N=C1\C(C)=C1/N=C(/C=C3\N=C(\C(\C)=C4\[C@@H](CCC(N)=O)[C@](C)(CC(N)=O)[C@@]2(C)N4[Co+]C#N)[C@@](C)(CC(N)=O)[C@@H]3CCC(N)=O)C(C)(C)[C@@H]1CCC(N)=O)OP(O)(=O)O[C@@H]1[C@@H](CO)O[C@@H]([C@@H]1O)n1cnc2cc(C)c(C)cc12
GVJHHUAWPYXKBD-IEOSBIPESA-N,14985.0,vitamin-E,CC(C)CCC[C@@H](C)CCC[C@@H](C)CCC[C@]1(C)CCc2c(C)c(O)c(C)c(C)c2O1
JESCETIFNOFKEU-SJORKVTESA-N,16046068.0,vixotrigine,NC(=O)[C@@H]1CC[C@@H](N1)c1ccc(OCc2ccccc2F)cc1
HEDFFPYRFJKXQP-VJTSUQJLSA-N,71667162.0,VL285,CC(C)[C@H](N1Cc2ccccc2C1=O)C(=O)N1C[C@H](O)C[C@H]1C(=O)NCc1ccc(cc1)-c1scnc1C
UQOSBPRTQFFUOA-UHFFFAOYSA-N,6806409.0,VLX600,CC(=NNc1nnc2c(n1)[nH]c1c(C)cccc21)c1ccccn1
BICRTLVBTLFLRD-PTWUADNWSA-N,6918486.0,voclosporin,[H][C@@]1(CC(C)C)N(C)C(=O)[C@@H](C)NC(=O)[C@H](C)NC(=O)[C@H](CC(C)C)N(C)C(=O)[C@@]([H])(NC(=O)[C@H](CC(C)C)N(C)C(=O)CN(C)C(=O)[C@H](CC)NC(=O)[C@]([H])([C@H](O)[C@H](C)C\C=C\C=C)N(C)C(=O)[C@]([H])(C(C)C)N(C)C(=O)[C@H](CC(C)C)N(C)C1=O)C(C)C
FZNCGRZWXLXZSZ-CIQUZCHMSA-N,444020.0,voglibose,OCC(CO)N[C@H]1C[C@](O)(CO)[C@@H](O)[C@H](O)[C@H]1O
SXNJFOWDRLKDSF-STROYTFGSA-N,,volasertib,CC[C@H]1N(C(C)C)c2nc(Nc3ccc(cc3OC)C(=O)N[C@H]3CC[C@@H](CC3)N3CCN(CC4CC4)CC3)ncc2N(C)C1=O
HXTGXYRHXAGCFP-OAQYLSRUSA-N,5311271.0,volinanserin,COc1cccc([C@H](O)C2CCN(CCc3ccc(F)cc3)CC2)c1OC
BFDBKMOZYNOTPK-UHFFFAOYSA-N,15981397.0,vonoprazan,CNCc1cc(-c2ccccc2F)n(c1)S(=O)(=O)c1cccnc1
ZBGXUVOIWDMMJE-QHNZEKIYSA-N,10077130.0,vorapaxar,CCOC(=O)N[C@@H]1CC[C@@H]2[C@H](C[C@@H]3[C@@H]([C@@H](C)OC3=O)[C@H]2\C=C\c2ccc(cn2)-c2cccc(F)c2)C1
QCZAWDGAVJMPTA-RNFRBKRXSA-N,117817422.0,vorasidenib,C[C@@H](Nc1nc(N[C@H](C)C(F)(F)F)nc(n1)-c1cccc(Cl)n1)C(F)(F)F
XZAFZXJXZHRNAQ-STQMWFEESA-N,9952884.0,voreloxin,CN[C@H]1CN(C[C@@H]1OC)c1ccc2c(n1)n(cc(C(O)=O)c2=O)-c1nccs1
BCEHBSKCWLPMDN-MGPLVRAMSA-N,71616.0,voriconazole,C[C@@H](c1ncncc1F)[C@](O)(Cn1cncn1)c1ccc(F)cc1F
WAEXFXRVDQXREF-UHFFFAOYSA-N,5311.0,vorinostat,ONC(=O)CCCCCCC(=O)Nc1ccccc1
YQNWZWMKLDQSAC-UHFFFAOYSA-N,9966051.0,vortioxetine,Cc1ccc(Sc2ccccc2N2CCNCC2)c(C)c1
MRPGRAKIAJJGMM-OCCSQVGLSA-N,67409219.0,voruciclib,CN1CC[C@H]([C@@H]1CO)c1c(O)cc(O)c2c1oc(cc2=O)-c1ccc(cc1Cl)C(F)(F)F
FWCVZAQENIZVMY-UHFFFAOYSA-N,71602803.0,voxelotor,CC(C)n1nccc1-c1ncccc1COc1cccc(O)c1C=O
RGHYDLZMTYDBDT-UHFFFAOYSA-N,16123056.0,voxtalisib,CCn1c2nc(N)nc(C)c2cc(-c2cc[nH]n2)c1=O
GOLXRNDWAUTYKT-UHFFFAOYSA-N,3744.0,VP-20629,OC(=O)CCc1c[nH]c2ccccc12
IGUBBWJDMLCRIK-UHFFFAOYSA-N,25073775.0,VS-4718,CNC(=O)c1ccccc1Nc1cc(Nc2ccc(cc2OC)N2CCOCC2)ncc1C(F)(F)F
ZBRAJOQFSNYJMF-SFHVURJKSA-N,78357816.0,VT-464,CC(C)[C@@](O)(c1cn[nH]n1)c1ccc2cc(OC(F)F)c(OC(F)F)cc2c1
NXWASIVXQMMPLM-ZXMXYHOLSA-N,16126898.0,VTP-27999,CN[C@H](CNC(=O)N1CCC[C@H](C1)[C@@H](OCCNC(=O)OC)c1cccc(Cl)c1)C[C@H]1CCCOC1
DRIMIUYGTDAQOX-KRWDZBQOSA-N,25105713.0,VU0155069,C[C@@H](CN1CCC(CC1)n1c2ccc(Cl)cc2[nH]c1=O)NC(=O)c1ccc2ccccc2c1
CKLGZXFOLMHCMC-UHFFFAOYSA-N,42633508.0,VU0238429,COc1ccc(CN2C(=O)C(=O)c3cc(OC(F)(F)F)ccc23)cc1
WJRWSLORVIHRNX-UHFFFAOYSA-N,7211972.0,VU0240551,Cc1csc(NC(=O)CSc2ccc(nn2)-c2ccccc2)n1
AHCYOTLTLQTPSU-UHFFFAOYSA-N,2296132.0,VU0357121,CCCCOc1ccc(cc1)C(=O)Nc1ccc(F)cc1F
NEMHWVUKNWAKTM-UHFFFAOYSA-N,53318624.0,VU0360172,Fc1cccc(c1)C#Cc1ccc(cn1)C(=O)NC1CCC1
ARYUXFNGXHNNDM-UHFFFAOYSA-N,44191096.0,VU0361737,COc1cc(NC(=O)c2ccccn2)ccc1Cl
IXHCGJXBIHHIEF-UHFFFAOYSA-N,46934289.0,VU0364439,Clc1ccccc1NS(=O)(=O)c1ccc(NC(=O)c2ccccn2)cc1Cl
MSTXJJGAXXJCBY-UHFFFAOYSA-N,46937439.0,VU0364739,Fc1cccc(c1)N1CNC(=O)C11CCN(CCNC(=O)c2ccc3ccccc3c2)CC1
SUYUTNCKIOLMAJ-UHFFFAOYSA-N,836002.0,VU0364770,Clc1cccc(NC(=O)c2ccccn2)c1
MZRLPXFGQKQHST-UHFFFAOYSA-N,73058507.0,VU0422288,Clc1ccc(Oc2ccc(NC(=O)c3ccccn3)cc2Cl)nc1
FPRULFHDSFKYBV-UHFFFAOYSA-N,714286.0,VU10010,Cc1cc(C)c2c(N)c(sc2n1)C(=O)NCc1ccc(Cl)cc1
MDNWGCQSCGNTKH-UHFFFAOYSA-N,864492.0,VU152100,COc1ccc(CNC(=O)c2sc3nc(C)cc(C)c3c2N)cc1
BRAZLURTFMCAHU-UHFFFAOYSA-N,11625520.0,VU1545,[O-][N+](=O)c1ccc(cc1)C(=O)Nc1cc(nn1-c1ccccc1F)-c1ccccc1
KIALCSMRIHRFPL-UHFFFAOYSA-N,11610682.0,VU29,[O-][N+](=O)c1ccc(cc1)C(=O)Nc1cc(nn1-c1ccccc1)-c1ccccc1
ZQPXNYLXYNRFNP-UHFFFAOYSA-N,44123657.0,VU591,[O-][N+](=O)c1ccc2nc(COCc3nc4ccc(cc4[nH]3)[N+]([O-])=O)[nH]c2c1
FFXVTQDGTKEXHF-UHFFFAOYSA-N,24278976.0,VUF10166,CN1CCN(CC1)c1nc2ccccc2nc1Cl
NIJGWJIOMPHDBP-UHFFFAOYSA-N,25129523.0,VUF10460,CN1CCN(CC1)c1cc(nc(N)n1)-c1ccccc1
JVRRRKAXHMGUHZ-JIKIWWBOSA-N,97018453.0,VUF11207,COc1cc(cc(OC)c1OC)C(=O)N(CC[C@H]1CCCN1C)C\C(C)=C\c1ccccc1F
WUTVMXLIGHTZJC-OAQYLSRUSA-N,11634725.0,VX-11e,Cc1cnc(Nc2ccc(F)cc2Cl)nc1-c1c[nH]c(c1)C(=O)N[C@H](CO)c1cccc(Cl)c1
WPMJNLCLKAKMLA-UGLKCIBTSA-N,,VX-222,C[C@H]1CC[C@@H](CC1)C(=O)N([C@@H]1CC[C@H](O)CC1)c1cc(sc1C(O)=O)C#CC(C)(C)C
FYSRKRZDBHOFAY-UHFFFAOYSA-N,10341154.0,VX-702,NC(=O)N(c1ccc(C(N)=O)c(n1)-c1ccc(F)cc1F)c1c(F)cccc1F
VEPKQEUBKLEPRA-UHFFFAOYSA-N,3038525.0,VX-745,Fc1ccc(Sc2ccc3c(-c4c(Cl)cccc4Cl)c(=O)ncn3n2)c(F)c1
SJDDOCKBXFJEJB-MOKWFATOSA-N,11398092.0,VX-765,CCO[C@@H]1OC(=O)C[C@@H]1NC(=O)[C@@H]1CCCN1C(=O)[C@@H](NC(=O)c1ccc(N)c(Cl)c1)C(C)(C)C
DVYASSBBADJRAS-MUUNZHRXSA-N,59597209.0,W-54011,COc1ccc2CCC[C@@H](C(=O)N(Cc3ccc(cc3)N(C)C)c3ccc(cc3)C(C)C)c2c1
XRVMPTWWKLKLPB-UHFFFAOYSA-N,3164070.0,walrycin-B,Cn1nc(nc2c1nc(=O)n(C)c2=O)-c1ccc(cc1)C(F)(F)F
PJVWKTKQMONHTI-HNNXBMFYSA-N,54688261.0,warfarin,CC(=O)C[C@@H](c1ccccc1)c1c(O)c2ccccc2oc1=O
SBPRIAGPYFYCRT-UHFFFAOYSA-N,5684.0,WAY-100635,COc1ccccc1N1CCN(CCN(C(=O)C2CCCCC2)c2ccccn2)CC1
PHGWDAICBXUJDU-SNVBAGLBSA-N,6604916.0,WAY-161503,Clc1cc2NC(=O)[C@H]3CNCCN3c2cc1Cl
FARMEEAGJWMFSZ-UHFFFAOYSA-N,9830392.0,WAY-170523,Cc1cc(C)c(N(Cc2ccccc2)S(=O)(=O)c2ccc(OCCNC(=O)c3cc4ccccc4o3)cc2)c(c1)C(=O)NO
BAAILVWEAXFTSF-UHFFFAOYSA-N,135418373.0,WAY-200070,Oc1ccc(cc1)-c1nc2cc(O)cc(Br)c2o1
AVEVJMZJJJDOCI-UHFFFAOYSA-N,11496610.0,WAY-207024,CC(C)(C)c1ccc(cc1)-c1nc2c(cccc2[nH]1)N1CCN(Cc2ccc3nccnc3c2)CC1
SFSFIDVAEMDPIP-UHFFFAOYSA-N,10337743.0,WAY-208466,CN(C)CCn1cc(c2cccnc12)S(=O)(=O)c1cccc(F)c1
BNYDDAAZMBUFRG-ZDUSSCGKSA-N,11531745.0,WAY-213613,N[C@@H](CC(=O)Nc1ccc(Oc2cc(F)c(F)cc2Br)cc1)C(O)=O
KIOOLNRTWPFVHX-UHFFFAOYSA-N,11543746.0,WAY-255348,Cn1c(ccc1-c1cc2c(NC(=O)C2(C)C)c(F)c1)C#N
ITBGJNVZJBVPLJ-UHFFFAOYSA-N,16727102.0,WAY-316606,FC(F)(F)c1ccc(cc1S(=O)(=O)NC1CCNCC1)S(=O)(=O)c1ccccc1
INASOKQDNHHMRE-UHFFFAOYSA-N,10026128.0,WAY-362450,CC(C)OC(=O)C1=CN(CC(C)(C)c2c1[nH]c1ccccc21)C(=O)c1ccc(F)c(F)c1
FPEIJQLXFHKLJV-UHFFFAOYSA-N,25229526.0,WAY-600,C(N1CCC(CC1)n1ncc2c(nc(nc12)-c1ccc2[nH]ccc2c1)N1CCOCC1)c1cccnc1
OIGHTPDWPMLMGT-UHFFFAOYSA-N,6604933.0,WAY-629,C1CCc2c(C1)n1CCNCc3cccc2c13
GYSZUJHYXCZAKI-AWEZNQCLSA-N,13305910.0,WB-4101,COc1cccc(OC)c1OCCNC[C@H]1COc2ccccc2O1
ZPLBXOVTSNRBFB-UHFFFAOYSA-N,6457069.0,WDR5-0103,COC(=O)c1ccc(N2CCN(C)CC2)c(NC(=O)c2cccc(OC)c2)c1
ZCZGSEXBXXYQQC-UHFFFAOYSA-N,56602558.0,WEHI-345-analog,Cc1ccc(cc1)-c1nn(c2ncnc(N)c12)C(C)(C)CNC(=O)c1ncccc1C
NBTNHSGBRGTFJS-UHFFFAOYSA-N,11844351.0,WH-4-023,COc1ccc(N(C(=O)Oc2c(C)cccc2C)c2ccnc(Nc3ccc(cc3)N3CCN(C)CC3)n2)c(OC)c1
CBIAKDAYHRWZCU-UHFFFAOYSA-N,3795.0,WHI-P154,COc1cc2ncnc(Nc3ccc(O)c(Br)c3)c2cc1OC
RNUXIZKXJOGYQP-UHFFFAOYSA-N,2984337.0,WIKI4,COc1ccc(cc1)-n1c(SCCCN2C(=O)c3cccc4cccc(C2=O)c34)nnc1-c1ccncc1
FAOMZVDZARKPFJ-UHFFFAOYSA-N,15134.0,WIN-18446,ClC(Cl)C(=O)NCCCCCCCCNC(=O)C(Cl)Cl
UKMJWGFHXMGRNG-QLKFWGTOSA-O,132928.0,WIN-64338,CCCC[P+](CCCC)(CCCC)Cc1ccc(NC(=O)[C@H](Cc2ccc3ccccc3c2)N\C(NC2CCCCC2)=N\C2CCCCC2)cc1
XUBJEDZHBUPBKL-CYBMUJFWSA-N,981326.0,wiskostatin,CN(C)C[C@@H](O)Cn1c2ccc(Br)cc2c2cc(Br)ccc12
KHZOJCQBHJUJFY-UHFFFAOYSA-N,57519544.0,wnt-c59,Cc1cc(ccn1)-c1ccc(CC(=O)Nc2ccc(cc2)-c2cccnc2)cc1
QDLHCMPXEPAAMD-QAIWCSMKSA-N,312145.0,wortmannin,COC[C@H]1OC(=O)c2coc3c2[C@@]1(C)C1=C([C@@H]2CCC(=O)[C@@]2(C)C[C@H]1OC(C)=O)C3=O
VFUAJMPDXIRPKO-LQELWAHVSA-N,11210478.0,WP1066,C[C@H](NC(=O)C(=C\c1cccc(Br)n1)\C#N)c1ccccc1
LIDOPKHSVQTSJY-VMEIHUARSA-N,11222830.0,WP1130,CCC[C@H](NC(=O)C(=C\c1cccc(Br)n1)\C#N)c1ccccc1
DDVAZOPRCKAYOV-UHFFFAOYSA-N,3035658.0,WP921,OC(=O)Cn1nnnc1-c1ccsc1
MJZJYWCQPMNPRM-UHFFFAOYSA-N,121750.0,WR99210,CC1(C)N=C(N)N=C(N)N1OCCCOc1cc(Cl)c(Cl)cc1Cl
AKIIPHDGVCFVCC-UHFFFAOYSA-N,17759482.0,WWL-113,CCOC(=O)c1ccc(cc1)-c1ccc(OC(=O)N(C)Cc2cccc(c2)-c2ccncc2)cc1
UUJGYRHAOHORFC-UHFFFAOYSA-N,90209976.0,WWL-123,CN(Cc1cccc(c1)-c1ccccc1)C(=O)Oc1ccc(cc1)-c1ccc(cc1)C(N)=O
GGLRYZACPLNCKB-UHFFFAOYSA-N,198325.0,WY-16922,CCOC(=O)C(=O)Nc1cccc(OC)c1C(N)=O
QLHHRYZMBGPBJG-OYRHEFFESA-N,25227469.0,WYE-125132,CNC(=O)Nc1ccc(cc1)-c1nc(N2C[C@@H]3CC[C@H](C2)O3)c2cnn(C3CCC4(CC3)OCCO4)c2n1
IMXHGCRIEAKIBU-UHFFFAOYSA-N,44219749.0,WYE-354,COC(=O)Nc1ccc(cc1)-c1nc(N2CCOCC2)c2cnn(C3CCN(CC3)C(=O)OC)c2n1
VDOCQQKGPJENHJ-UHFFFAOYSA-N,25229450.0,WYE-687,COC(=O)Nc1ccc(cc1)-c1nc(N2CCOCC2)c2cnn(C3CCN(Cc4cccnc4)CC3)c2n1
APHGZZPEOCCYNO-UHFFFAOYSA-N,44607360.0,WZ-3146,CN1CCN(CC1)c1ccc(Nc2ncc(Cl)c(Oc3cccc(NC(=O)C=C)c3)n2)cc1
ITTRLTNMFYIYPA-UHFFFAOYSA-N,44607530.0,WZ-4002,COc1cc(ccc1Nc1ncc(Cl)c(Oc2cccc(NC(=O)C=C)c2)n1)N1CCN(C)CC1
SDGJBAUIGHSMRI-UHFFFAOYSA-N,72200024.0,WZ4003,CCC(=O)Nc1cccc(Oc2nc(Nc3ccc(cc3OC)N3CCN(C)CC3)ncc2Cl)c1
KIISCIGBPUVZBF-UHFFFAOYSA-N,44607531.0,WZ8040,CN1CCN(CC1)c1ccc(Nc2ncc(Cl)c(Sc3cccc(NC(=O)C=C)c3)n2)cc1
KBVFRXIGQQRMEF-UHFFFAOYSA-N,11565518.0,WZ811,C(Nc1ccccn1)c1ccc(CNc2ccccn2)cc1
WJJYZXPHLSLMGE-UHFFFAOYSA-N,128919.0,xaliproden,FC(F)(F)c1cccc(c1)C1=CCN(CCc2ccc3ccccc3c2)CC1
DXPOSRCHIDYWHW-UHFFFAOYSA-N,6917710.0,xamoterol,OC(CNCCNC(=O)N1CCOCC1)COc1ccc(O)cc1
JOLJIIDDOBNFHW-UHFFFAOYSA-N,60809.0,xanomeline,CCCCCCOc1nsnc1C1=CCCN(C)C1
JNELGWHKGNBSMD-UHFFFAOYSA-N,7020.0,xanthone,O=c1c2ccccc2oc2ccccc12
KLGQSVMIPOVQAX-UHFFFAOYSA-N,135418940.0,XAV-939,FC(F)(F)c1ccc(cc1)-c1nc(=O)c2CSCCc2[nH]1
NBMBIEOUVBHEBM-UHFFFAOYSA-N,6433109.0,XBD173,CCN(Cc1ccccc1)C(=O)Cn1c2nc(ncc2n(C)c1=O)-c1ccccc1
DPBKLIVPNYGQQG-UHFFFAOYSA-N,52670832.0,XD-14,CCN(CC)S(=O)(=O)c1ccc(O)c(NC(=O)c2[nH]c(C)c(C(C)=O)c2CC)c1
KHJFBUUFMUBONL-UHFFFAOYSA-N,656732.0,XE-991,O=C1c2ccccc2C(Cc2ccncc2)(Cc2ccncc2)c2ccccc12
IQOMYCGTGFGDFN-UHFFFAOYSA-N,55251.0,xenalipin,OC(=O)c1ccccc1-c1ccc(cc1)C(F)(F)F
RKUQLAPSGZJLGP-ZDUSSCGKSA-N,12179892.0,xibenolol,Cc1cccc(OC[C@@H](O)CNC(C)(C)C)c1C
PAXRPWSXCPTPCA-QINSGFPZSA-N,6434391.0,xilobam,CN1CCC\C1=N\C(=O)Nc1c(C)cccc1C
MTZBBNMLMNBNJL-UHFFFAOYSA-N,26618.0,xipamide,Cc1cccc(C)c1NC(=O)c1cc(c(Cl)cc1O)S(N)(=O)=O
ISOCDPQFIXDIMS-QHCPKHFHSA-N,57990869.0,XL019,O=C(Nc1ccc(cc1)-c1ccnc(Nc2ccc(cc2)N2CCOCC2)n1)[C@@H]1CCCN1
HNAJDMYOTDNOBK-UHFFFAOYSA-N,49787490.0,XL041,CC(C)(O)c1cn(c(n1)C(C)(C)c1c(Cl)cccc1Cl)-c1ccc(cc1F)-c1cc(F)c(CO)c(c1)S(C)(=O)=O
MQMKRQLTIWPEDM-UHFFFAOYSA-N,1893730.0,XL147,Cc1ccc(cc1)S(=O)(=O)Nc1nc2ccccc2nc1Nc1ccc2nsnc2c1
ALKJNCZNEOTEMP-UHFFFAOYSA-N,59757974.0,XL228,CC(C)c1cc(CNc2nc(Nc3cc(n[nH]3)C3CC3)cc(n2)N2CCN(C)CC2)on1
LNFBAYSBVQBKFR-UHFFFAOYSA-N,59604787.0,XL388,Cc1c(F)c(ccc1C(=O)N1CCOc2ccc(cc2C1)-c1ccc(N)nc1)S(C)(=O)=O
HVXKQKFEHMGHSL-QKDCVEJESA-N,,XL647,COc1cc2c(Nc3ccc(Cl)c(Cl)c3F)ncnc2cc1OC[C@H]1C[C@H]2CN(C)C[C@H]2C1
LHGWWAFKVCIILM-HLRQEUIKSA-N,,XL888,[H][C@]1(C[C@@H]2CC[C@H](C1)N2c1ccc(cn1)C(=O)C1CC1)NC(=O)c1cc(N[C@H](C)CC)c(cc1C)C(N)=O
XVBGRTMNFNMINE-UHFFFAOYSA-N,71604307.0,XMD17-109,CCOc1cc(ccc1Nc1ncc2N(C)C(=O)c3ccccc3N(C3CCCC3)c2n1)C(=O)N1CCC(CC1)N1CCN(C)CC1
QAPAJIZPZGWAND-UHFFFAOYSA-N,46843772.0,XMD8-92,CCOc1cc(ccc1Nc1ncc2N(C)C(=O)c3ccccc3N(C)c2n1)N1CCC(O)CC1
BPICBUSOMSTKRF-UHFFFAOYSA-N,5707.0,xylazine,Cc1cccc(C)c1NC1=NCCCS1
HUCJFAOMUPXHDK-UHFFFAOYSA-N,5709.0,xylometazoline,Cc1cc(cc(C)c1CC1=NCCN1)C(C)(C)C
PYMYPHUHKUWMLA-VPENINKCSA-N,644160.0,xylose,OC[C@@H](O)[C@H](O)[C@@H](O)C=O
SQWGHMPVSMSPNY-UHFFFAOYSA-N,427018.0,Y-11,OCC[N+]12CN3CN(CN(C3)C1)C2
LQEOPHGPHCWOAC-UHFFFAOYSA-N,11784736.0,Y-134,CC(C)N1CCN(CC1)c1ccc(cc1)C(=O)c1c(sc2cc(O)ccc12)-c1ccc(O)cc1
IWTCFIIOUXJOOV-OLZOCXBDSA-N,121878.0,Y-26763,CC(=O)N(O)[C@H]1[C@H](O)C(C)(C)Oc2ccc(cc12)C#N
RHFUXPCCELGMFC-UXHICEINSA-N,6918184.0,Y-27152,CC(=O)N(OCc1ccccc1)[C@H]1[C@H](O)C(C)(C)Oc2ccc(cc12)C#N
IYOZTVGMEWJPKR-IJLUTSLNSA-N,,Y-27632,C[C@@H](N)[C@H]1CC[C@@H](CC1)C(=O)Nc1ccncc1
HAGHKJDWBDSFKC-UHFFFAOYSA-N,195609.0,Y-29794,CC(C)c1ccc(C(=O)c2cccs2)c(SCCCCCCCCN(C)C)n1
BWZNJVZTAWBIFG-UHFFFAOYSA-N,22227931.0,Y-320,Cc1c(cnn1-c1ccc(Cl)cc1)C(=O)Nc1ccc(N2CCC(CC2)N2CCOCC2)c(c1)C#N
JTVBXQAYBIJXRP-SNVBAGLBSA-N,9810884.0,Y-39983,C[C@@H](N)c1ccc(cc1)C(=O)Nc1ccnc2[nH]ccc12
ITMLWGWTDWJSRZ-PXLXIMEGSA-N,989521.0,Y16,Cc1cccc(COc2cccc(\C=C3/C(=O)NN(C3=O)c3ccccc3)c2)c1
OQQVFCKUDYMWGV-UHFFFAOYSA-N,5712.0,YC-1,OCc1ccc(o1)-c1nn(Cc2ccccc2)c2ccccc12
FRKXOBMDEXCHHD-SFHVURJKSA-N,23631116.0,YIL-781,CC(C)N1CCC[C@H](Cn2c(C)nc3ccc(Oc4ccc(F)cc4)cc3c2=O)C1
HLXSCTYHLQHQDJ-KRWDZBQOSA-N,93948843.0,YK-4-279,COc1ccc(cc1)C(=O)C[C@@]1(O)C(=O)Nc2c1c(Cl)ccc2Cl
BGMVOROUOUVVRV-UHFFFAOYSA-N,54673543.0,YL0919,OC1(Cn2ccccc2=O)CCN(Cc2ccccc2)CC1
YCXFHPUBGMMWJQ-PMERELPUSA-N,122130.0,YM-022,Cc1cccc(NC(=O)N[C@@H]2N=C(c3ccccc3)c3ccccc3N(CC(=O)c3ccccc3C)C2=O)c1
OTSOOHRUMBRSHZ-UHFFFAOYSA-N,10126189.0,YM-155,COCCn1c(C)[n+](Cc2cnccn2)c2c1C(=O)c1ccccc1C2=O
YBPIBGNBHHGLEB-UHFFFAOYSA-N,9956222.0,YM-201636,Nc1ccc(cn1)C(=O)Nc1cccc(c1)-c1nc(N2CCOCC2)c2oc3ncccc3c2n1
JZMLHJRKSJXARY-UHFFFAOYSA-N,11442117.0,YM-244769,Nc1cccc(CNC(=O)c2ccc(Oc3ccc(OCc4cccc(F)c4)cc3)nc2)c1
KCBXOMYXOBVLED-UHFFFAOYSA-N,9819432.0,YM-298198,CN(C1CCCCC1)C(=O)c1sc2nc3ccc(N)cc3n2c1C
VWOMTTIMBHBPBI-UHFFFAOYSA-N,11716890.0,YM-298198-desmethyl,Cc1c(sc2nc3ccc(N)cc3n12)C(=O)NC1CCCCC1
GGPPBTSXFROGAE-UHFFFAOYSA-N,177865.0,YM-511,Brc1ccc(CN(c2ccc(cc2)C#N)n2cnnc2)cc1
XPRZIORDEVHURQ-UHFFFAOYSA-N,2455.0,YM-58483,Cc1nnsc1C(=O)Nc1ccc(cc1)-n1nc(cc1C(F)(F)F)C(F)(F)F
FMLJREWZCZHGGW-UHFFFAOYSA-N,9911716.0,YM-750,Cc1cc(C)c(NC(=O)N(Cc2ccc-3c(Cc4ccccc-34)c2)C2CCCCCC2)c(C)c1
HIXSPVQXXDULHS-UHFFFAOYSA-N,1103147.0,YM-90709,COc1cc2CC(C)(C)n3c(cc4nc5ccccc5nc34)-c2cc1OC
MNHXYNNKDDXKNP-UHFFFAOYSA-N,6604918.0,YM-976,CCc1ccc2c(nc(=O)n(CC)c2n1)-c1cccc(Cl)c1
QSHGISMANBKLQL-OWJWWREXSA-N,11454028.0,YO-01027,C[C@H](NC(=O)Cc1cc(F)cc(F)c1)C(=O)N[C@H]1c2ccccc2-c2ccccc2N(C)C1=O
BQNXBSYSQXSXPT-UHFFFAOYSA-N,2746822.0,yoda-1,Clc1cccc(Cl)c1CSc1nnc(s1)-c1cnccn1
BLGXFZZNTVWLAY-SCYLSFHTSA-N,8969.0,yohimbine,COC(=O)[C@H]1[C@@H](O)CC[C@H]2CN3CCc4c([nH]c5ccccc45)[C@@H]3C[C@H]12
OXZMQFKVNVQMLI-UHFFFAOYSA-N,5714.0,YS-035,COc1ccc(CCN(C)CCc2ccc(OC)c(OC)c2)cc1OC
LBSRZVRITCRLIU-JOCHJYFZSA-N,29942219.0,YS-201,CCOC(=O)C1=C(C)NC(C)=C([C@@H]1c1cccc(c1)[N+]([O-])=O)C(=O)OCCN1CCCCC1
IETDBZQIWIJQJG-UHFFFAOYSA-N,5289613.0,YZ9,CCOC(=O)c1cc2ccc(O)cc2oc1=O
VCPMZDWBEWTGNW-UHFFFAOYSA-N,4988454.0,Z160,O=C(CC(c1ccccc1)c1ccccc1)N1CCN(CC1)C(c1ccccc1)c1ccccc1
FEROPKNOYKURCJ-ZDUSSCGKSA-N,9819593.0,zacopride,COc1cc(N)c(Cl)cc1C(=O)N[C@H]1CN2CCC1CC2
YEEZWCHGZNKEEK-UHFFFAOYSA-N,5717.0,zafirlukast,COc1cc(ccc1Cc1cn(C)c2ccc(NC(=O)OC3CCCC3)cc12)C(=O)NS(=O)(=O)c1ccccc1C
WREGKURFCTUGRC-POYBYMJQSA-N,24066.0,zalcitabine,Nc1ccn([C@H]2CC[C@@H](CO)O2)c(=O)n1
HTGCJAAPDHZCHL-SANMLTNESA-N,92460626.0,zaldaride,C[C@@]1(CN2CCC(CC2)n2c3ccccc3[nH]c2=O)OCc2ccccc2-n2cccc12
GIMNAEMRNXUAQP-UHFFFAOYSA-N,56051.0,zaltidine,Cc1nc(c[nH]1)-c1csc(NC(N)=N)n1
MUXFZBHBYYYLTH-SNVBAGLBSA-N,13306545.0,zaltoprofen,C[C@@H](C(O)=O)c1ccc2Sc3ccccc3C(=O)Cc2c1
RSIPQHOWTCNEBI-UHFFFAOYSA-N,75743.0,ZAMI-633,CCC(=O)NO
BDNFQGRSKSQXRI-XMMPIXPASA-N,3086618.0,zamifenacin,C(Cc1ccc2OCOc2c1)N1CCC[C@H](C1)OC(c1ccccc1)c1ccccc1
ARAIBEBZBOPLMB-UFGQHTETSA-N,60855.0,zanamivir,CC(=O)N[C@@H]1[C@@H](NC(N)=N)C=C(O[C@H]1[C@H](O)[C@H](O)CO)C(O)=O
RNOAOAWBMHREKO-QFIPXVFZSA-N,135565884.0,zanubrutinib,NC(=O)c1c2NCC[C@@H](C3CCN(CC3)C(=O)C=C)n2nc1-c1ccc(Oc2ccccc2)cc1
QEYNZJBVNYDZKZ-UPHRSURJSA-N,6604703.0,ZAPA,NC(=N)S\C=C/C(O)=O
REZGGXNDEMKIQB-UHFFFAOYSA-N,135399235.0,zaprinast,CCCOc1ccccc1-c1nc(=O)c2n[nH]nc2[nH]1
HJMQDJPMQIHLPB-UHFFFAOYSA-N,5723.0,zardaverine,COc1cc(ccc1OC(F)F)-c1ccc(=O)[nH]n1
KEDQCFRVSHYKLR-UHFFFAOYSA-N,65637.0,zatebradine,COc1ccc(CCN(C)CCCN2CCc3cc(OC)c(OC)cc3CC2=O)cc1OC
XKZDWYDHEBCGCG-UHFFFAOYSA-N,1791111.0,ZCL-278,Cc1cc(C)nc(NS(=O)(=O)c2ccc(NC(=S)NC(=O)COc3ccc(Br)cc3Cl)cc2)n1
RUVMMEREJMHLOS-LBPRGKRZSA-N,9818432.0,ZD-0947,FC(F)(F)C1=C[C@H](C2=C(CCCC2=O)N1)c1cccc(c1)C#N
SRBPKVWITYPHQR-KRWDZBQOSA-N,158794.0,ZD-2079,O[C@@H](CNCCOc1ccc(CC(O)=O)cc1)c1ccccc1
RVMBDLSFFNKKLG-SFHVURJKSA-N,121877.0,ZD-7114,COCCNC(=O)COc1ccc(OCCNC[C@H](O)COc2ccccc2)cc1
BFVNEYDCFJNLGN-UHFFFAOYSA-N,4673492.0,ZD-7155,CCc1cc2N(Cc3ccc(cc3)-c3ccccc3-c3nn[nH]n3)C(=O)CCc2c(CC)n1
JABSKGQQWUDVRU-UHFFFAOYSA-N,123984.0,ZD-7288,CCN(c1ccccc1)c1cc(=NC)n(C)c(C)n1
UZKQTCBAMSWPJD-FARCUNLSSA-N,449093.0,zeatin,C\C(CO)=C/CNc1ncnc2nc[nH]c12
RPQZTTQVRYEKCR-WCTZXXKLSA-N,100016.0,zebularine,OC[C@H]1O[C@H]([C@H](O)[C@@H]1O)n1cccnc1=O
FJHHZXWJVIEFGJ-UHFFFAOYSA-N,9910224.0,zibotentan,COc1nc(C)cnc1NS(=O)(=O)c1cccnc1-c1ccc(cc1)-c1nnco1
HBOMLICNUCNMMY-XLPZGREQSA-N,35370.0,zidovudine,Cc1cn([C@H]2C[C@H](N=[N+]=[N-])[C@@H](CO)O2)c(=O)[nH]c1=O
MWLSOWXNZPKENC-SSDOTTSWSA-N,10681296.0,zileuton,C[C@@H](N(O)C(N)=O)c1cc2ccccc2s1
ZSTCZWJCLIRCOJ-AAEUAGOBSA-N,25218684.0,zilpaterol,CC(C)N[C@H]1CCn2c3c(cccc3[nH]c2=O)[C@@H]1O
OYPPVKRFBIWMSX-SXGWCWSVSA-N,5365247.0,zimelidine,CN(C)C\C=C(\c1ccc(Br)cc1)c1cccnc1
YMCOHQVWOBMDCZ-UHFFFAOYSA-L,11179.0,zinc-undecylenate,C=CCCCCCCCCC(=O)O[Zn]OC(=O)CCCCCCCCC=C
YYHWOTFWBVRTQD-UHFFFAOYSA-N,41856.0,zindotrine,Cc1cc(nn2cnnc12)N1CCCCC1
MVWVFYHBGMAFLY-UHFFFAOYSA-N,60854.0,ziprasidone,Clc1cc2NC(=O)Cc2cc1CCN1CCN(CC1)c1nsc2ccccc12
REQQVBGILUTQNN-UHFFFAOYSA-N,90420193.0,ziritaxestat,CCc1nc2c(C)cc(cn2c1N(C)c1nc(c(s1)C#N)-c1ccc(F)cc1)N1CCN(CC(=O)N2CC(O)C2)CC1
LYJSJVYJLZOMCD-UHFFFAOYSA-N,9806489.0,ZK-164015,CCCCCS(=O)(=O)CCCCCCCCCCn1c(c(C)c2cc(O)ccc12)-c1ccc(O)cc1
WZMQMKNCWDCCMT-UHFFFAOYSA-N,208953.0,ZK-200775,OP(O)(=O)Cn1c2cc(N3CCOCC3)c(cc2[nH]c(=O)c1=O)C(F)(F)F
XQYASZNUFDVMFH-CQSZACIVSA-N,512282.0,ZK-811752,C[C@@H]1CN(Cc2ccc(F)cc2)CCN1C(=O)COc1ccc(Cl)cc1NC(N)=O
ALBKMJDFBZVHAK-UHFFFAOYSA-N,121926.0,ZK-93423,CCOC(=O)c1ncc2[nH]c3ccc(OCc4ccccc4)cc3c2c1COC
VMDUABMKBUKKPG-UHFFFAOYSA-N,115210.0,ZK-93426,CCOC(=O)c1ncc2[nH]c3cccc(OC(C)C)c3c2c1C
LQUNNCQSFFKSSK-UHFFFAOYSA-N,899323.0,ZLN005,CC(C)(C)c1ccc(cc1)-c1nc2ccccc2[nH]1
KWJRSHZSULRJHE-UHFFFAOYSA-N,1825716.0,ZLN024,Cc1ccc(OCCSc2ncccn2)c(Br)c1
LJLXQHHFAKVTNP-OAHLLOKOSA-N,92211533.0,ZM-226600,C[C@@](O)(C(=O)Nc1ccc(cc1)S(=O)(=O)c1ccccc1)C(F)(F)F
PWTBZOIUWZOPFT-UHFFFAOYSA-N,176407.0,ZM-241385,Nc1nc(NCCc2ccc(O)cc2)nc2nc(nn12)-c1ccco1
YHUIUSRCUKUUQA-UHFFFAOYSA-N,5329006.0,ZM-306416,COc1cc2ncnc(Nc3ccc(Cl)cc3F)c2cc1OC
NVBNDZZLJRYRPD-UHFFFAOYSA-N,16759369.0,ZM-323881,Cc1cc(F)c(Nc2ncnc3cc(OCc4ccccc4)ccc23)cc1O
PYEFPDQFAZNXLI-UHFFFAOYSA-N,5730.0,ZM-336372,CN(C)c1cccc(c1)C(=O)Nc1ccc(C)c(NC(=O)c2ccc(O)cc2)c1
JSASWRWALCMOQP-UHFFFAOYSA-N,3797.0,ZM-39923,CC(C)N(CCC(=O)c1ccc2ccccc2c1)Cc1ccccc1
OGNYUTNQZVRGMN-UHFFFAOYSA-N,9914412.0,ZM-447439,COc1cc2c(Nc3ccc(NC(=O)c4ccccc4)cc3)ncnc2cc1OCCCN1CCOCC1
IAIDUHCBNLFXEF-MNEFBYGVSA-N,92400.0,zofenopril-calcium,C[C@H](CSC(=O)c1ccccc1)C(=O)N1C[C@H](C[C@H]1C(O)=O)Sc1ccccc1
KUBONGDXTUOOLM-UHFFFAOYSA-N,91769.0,zolantidine,C(CNc1nc2ccccc2s1)COc1cccc(CN2CCCCC2)c1
XRASPMIURGNCCH-UHFFFAOYSA-N,68740.0,zoledronic-acid,OC(Cn1ccnc1)(P(O)(O)=O)P(O)(O)=O
ZSWMIFNWDQEXDT-ZESJGQACSA-N,76685216.0,zoliflodacin,[H][C@]12[C@H](C)O[C@H](C)CN1c1c(CC22C(=O)NC(=O)NC2=O)cc2c(noc2c1F)N1[C@@H](C)COC1=O
VSLIUWLPFRVCDL-UHFFFAOYSA-N,14652.0,zolimidine,CS(=O)(=O)c1ccc(cc1)-c1cn2ccccc2n1
ULSDMUVEXKOYBU-ZDUSSCGKSA-N,60857.0,zolmitriptan,CN(C)CCc1c[nH]c2ccc(C[C@H]3COC(=O)N3)cc12
ZXVNMYWKKDOREA-UHFFFAOYSA-N,5733.0,zomepirac,Cc1cc(CC(O)=O)n(C)c1C(=O)c1ccc(Cl)cc1
YCWROMXNZZIJDQ-UHFFFAOYSA-N,135410917.0,zometapine,Cc1nn(C)c2NCCN=C(c12)c1cccc(Cl)c1
GDXBRVCQGGKXJY-UHFFFAOYSA-N,6433110.0,zoniporide,NC(N)=NC(=O)c1cnn(c1C1CC1)-c1cccc2ncccc12
UBQNRHZMVUUOMG-UHFFFAOYSA-N,5734.0,zonisamide,NS(=O)(=O)Cc1noc2ccccc12
BCSVCWVQNOXFGL-UHFFFAOYSA-N,1613.0,zopolrestat,OC(=O)Cc1nn(Cc2nc3cc(ccc3s2)C(F)(F)F)c(=O)c2ccccc12
IHOVFYSQUDPMCN-DBEBIPAYSA-N,,zosuquidar,O[C@@H](COc1cccc2ncccc12)CN1CCN(CC1)[C@@H]1c2ccccc2[C@@H]2[C@H](c3ccccc13)C2(F)F
CGTADGCBEXYWNE-GYKXXMIGSA-N,,zotarolimus,CO[C@@H]1C[C@H](C[C@@H](C)[C@@H]2CC(=O)[C@H](C)\C=C(C)\[C@@H](O)[C@@H](OC)C(=O)[C@H](C)C[C@H](C)\C=C\C=C\C=C(C)\[C@H](C[C@@H]3CC[C@@H](C)[C@@](O)(O3)C(=O)C(=O)N3CCCC[C@H]3C(=O)O2)OC)CC[C@@H]1n1cnnn1
HDOZVRUNCMBHFH-UHFFFAOYSA-N,5736.0,zotepine,CN(C)CCOC1=Cc2ccccc2Sc2ccc(Cl)cc12
YGCODSQDUUUKIV-UHFFFAOYSA-N,6103.0,zoxazolamine,Nc1nc2cc(Cl)ccc2o1
QZWYXEBIQWJXAR-UHFFFAOYSA-N,10220323.0,ZSET1446,O=C1N=C2C=CC=CN2C11Cc2ccccc2C1
HGVNLRPZOWWDKD-UHFFFAOYSA-N,11647372.0,ZSTK-474,FC(F)c1nc2ccccc2n1-c1nc(nc(n1)N1CCOCC1)N1CCOCC1
WFPIAZLQTJBIFN-DVZOWYKESA-N,5311507.0,zuclopenthixol,OCCN1CCN(CC\C=C2\c3ccccc3Sc3ccc(Cl)cc23)CC1
HARRKNSQXBRBGZ-GVKWWOCJSA-N,86294073.0,zuranolone,[H][C@@]12CC[C@H](C(=O)Cn3cc(cn3)C#N)[C@@]1(C)CC[C@@]1([H])[C@@]2([H])CC[C@]2([H])C[C@](C)(O)CC[C@]12[H]
